keyword,province_code,province_name,page,job_title,company,location,salary,posted_date,job_url,raw_text,job_responsibility_text,job_qualification_text,matched_skills,matched_skill_count,skill_python,skill_r,skill_java,skill_scala,skill_c++,skill_sql,skill_mongodb,skill_redis,skill_pandas,skill_numpy,skill_scipy,skill_sklearn,skill_machine_learning,skill_deep_learning,skill_llm,skill_rag,skill_langchain,skill_openai,skill_huggingface,skill_prompt_engineering,skill_vector_db,skill_excel,skill_powerbi,skill_tableau,skill_matplotlib,skill_seaborn,skill_plotly,skill_spark,skill_hadoop,skill_kafka,skill_aws,skill_gcp,skill_azure,skill_etl,skill_airflow,skill_dbt,skill_snowflake,skill_docker,skill_kubernetes,skill_mlflow,skill_fastapi,skill_flask,skill_streamlit,skill_statistics,skill_git,skill_api,skill_linux
data analyst,,กรุงเทพมหานคร,1,Data Analyst,บริษัท พูนธนามาร์เก็ตติ้ง จำกัด,กรุงเทพมหานคร เขตลาดพร้าว,"20,000 - 30,000 บาท",18/02/2026 14:09,https://jobbkk.com/jobs/detailurgent/42373/1280858,"Data Analyst บริษัท พูนธนามาร์เก็ตติ้ง จำกัด รับสมัครด่วน 1 ชั่วโมงที่แล้ว กรุงเทพมหานคร เขตลาดพร้าว 20,000 - 30,000 บาท Data Analyst บริษัท พูนธนามาร์เก็ตติ้ง จำกัด กรุงเทพมหานคร เขตลาดพร้าว 20,000 - 30,000 บาท นักศึกษาจบใหม่ / ผู้ไม่มีประสบการณ์ อ่านรายละเอียดงาน","รวบรวมข้อมูลที่จะใช้ในการวิเคราะห์
การจัดหาข้อมูลที่ขาดหายไป
กำหนด ตั้งค่า โครงสร้างพื้นฐาน
สร้าง Insight จากข้อมูล และระบุแนวโน้มที่เกิดขึ้นได้
สร้าง รายงาน สร้าง Dashboard / Automated Dashboard สำหรับผู้บริหาร และ ทีมงาน
สร้าง Data Visualization จากข้อมูลได้
มีความเข้าใจในธุรกิจ และวิเคราะห์ข้อมูลเพื่อตอบโจทย์ในทางธุรกิจได้
วิเคราะห์ฐานข้อมูลลง Power BI และวิเคราะห์ตลาดเปรียบเทียบข้อมูล","แชร์
เก็บงาน
พิมพ์งาน
ร้องเรียน
รวบรวมข้อมูลที่จะใช้ในการวิเคราะห์
การจัดหาข้อมูลที่ขาดหายไป
กำหนด ตั้งค่า โครงสร้างพื้นฐาน
สร้าง Insight จากข้อมูล และระบุแนวโน้มที่เกิดขึ้นได้
สร้าง รายงาน สร้าง Dashboard / Automated Dashboard สำหรับผู้บริหาร และ ทีมงาน
สร้าง Data Visualization จากข้อมูลได้
มีความเข้าใจในธุรกิจ และวิเคราะห์ข้อมูลเพื่อตอบโจทย์ในทางธุรกิจได้
วิเคราะห์ฐานข้อมูลลง Power BI และวิเคราะห์ตลาดเปรียบเทียบข้อมูล
ทักษะด้านคณิตศาสตร์ และตัวเลข ในระดับดี
เข้าใจเรื่องสถิติ มีประสบการณ์ในการสรุปผล เช่น Excel, Power BI
เข้าใจฐานข้อมูล เช่น SQL Server, Oracle และ SAP
เข้าใจเรื่องสคริปต์และเว็บไซต์ เช่น json, xml, java script, html5
เข้าใจกระบวนการ ETL และการใช้เครื่องมืออย่าง SSIS, Power Query
สามารถใช้งานเครื่องมือในการสร้างรายงาน สร้างDashboardเช่น Power BI, Tableau , Qlik
เข้าใจเครื่องมือการตลาดดิจิทอล เช่น Google Analytics, Google Tag Manager
ความเข้าใจในอุตสาหกรรม (Business Domain)
ทักษะการวิเคราะห์ข้อมูลเชิงลึก เช่น การสรุปผล การดูแนวโน้ม ดู Pattern ข้อมูล เป็นต้น
ยินดีรับนักศึกษาจบใหม่
ค่าทำงานล่วงเวลา
ประกันสังคม
ตามข้อตกลงของบริษัท
156
ไม่มี
ไม่มี
ไม่มี
ไม่มี
แผนที่ภาพ
แผนที่ออนไลน์
[email protected]
สมัครงานด่วน สมัครด้วยเรซูเม่รูปแบบเต็ม จากระบบสมาชิก JOBBKK
สร้างเรซูเม่แบบย่อ สมัครง่ายและรวดเร็ว ด้วยการกรอกข้อมูลแบบย่อ
แนบไฟล์สมัคร สมัครด้วยการแนบไฟล์เรซูเม่ หรือ ผลงานของท่าน
สมัครงานผ่านอีเมล คลิกที่นี่เพื่อดูวิธีการใช้งานสมัครด้วยอีเมล สมัครผ่านอีเมล (แนบไฟล์ผ่านอีเมลได้ไฟล์ละไม่เกิน 10 MB จำกัด 3 ไฟล์) หมายเหตุ : เฉพาะไฟล์ *.jpg, *.jpeg, *.png หรือ *.doc, *.docx, *.pdf",java|sql|excel|powerbi|tableau|etl,6,0,0,1,0,0,1,0,0,0,0,0,0,0,0,0,0,0,0,0,0,0,1,1,1,0,0,0,0,0,0,0,0,0,1,0,0,0,0,0,0,0,0,0,0,0,0,0
data analyst,,กรุงเทพมหานคร,1,Data Analyst,บริษัท เอฟซีซี เซอร์วิสเซส จำกัด,กรุงเทพมหานคร เขตจตุจักร,"17,000 - 22,000 บาท",18/02/2026 10:21,https://jobbkk.com/jobs/detailurgent/33965/356851,"Data Analyst บริษัท เอฟซีซี เซอร์วิสเซส จำกัด รับสมัครด่วน 5 ชั่วโมงที่แล้ว กรุงเทพมหานคร เขตจตุจักร 17,000 - 22,000 บาท Data Analyst บริษัท เอฟซีซี เซอร์วิสเซส จำกัด กรุงเทพมหานคร เขตจตุจักร 17,000 - 22,000 บาท นักศึกษาจบใหม่ / ผู้ไม่มีประสบการณ์ MRT ภาวนา อ่านรายละเอียดงาน","จัดการและสรุปข้อมูลจากฐานข้อมูล เพื่อจัดทำรายงานและนำเสนอข้อมูลให้บุคคลที่เกี่ยวข้อง
ออกแบบและปรับปรุงรายงานให้เหมาะสมกับข้อมูลและลักษณะของโปรเจกต์งานที่ได้รับมอบหมาย
จัดเตรียมเอกสารที่เกี่ยวข้องกับการตรวจสอบงานภายในฝ่าย IT และรายงานผลต่อผู้บังคับบัญชา
งาน support อื่น ๆ ที่เกี่ยวข้องกับฝ่าย IT ตามที่ได้รับมอบหมาย
ประเภทสัญญาจ้าง : สัญญาจ้างประจำ
ลักษณะการทำงาน : on site
วันและเวลาทำงาน : วันจันทร์-วันศุกร์ เวลา 09.00 - 18.30 น.
ขั้นตอนการสมัครงาน 1. ส่ง resume เพื่อสมัครงานทาง Line ID: fcchr เท่านั้น 2. หากผ่านการคัดเลือกเบื้องต้น จะมีการนัดทดสอบและสัมภาษณ์งานที่บริษัทฯ","แชร์
เก็บงาน
พิมพ์งาน
ร้องเรียน
จัดการและสรุปข้อมูลจากฐานข้อมูล เพื่อจัดทำรายงานและนำเสนอข้อมูลให้บุคคลที่เกี่ยวข้อง
ออกแบบและปรับปรุงรายงานให้เหมาะสมกับข้อมูลและลักษณะของโปรเจกต์งานที่ได้รับมอบหมาย
จัดเตรียมเอกสารที่เกี่ยวข้องกับการตรวจสอบงานภายในฝ่าย IT และรายงานผลต่อผู้บังคับบัญชา
งาน support อื่น ๆ ที่เกี่ยวข้องกับฝ่าย IT ตามที่ได้รับมอบหมาย
ประเภทสัญญาจ้าง : สัญญาจ้างประจำ
ลักษณะการทำงาน : on site
วันและเวลาทำงาน : วันจันทร์-วันศุกร์ เวลา 09.00 - 18.30 น.
ขั้นตอนการสมัครงาน 1. ส่ง resume เพื่อสมัครงานทาง Line ID: fcchr เท่านั้น 2. หากผ่านการคัดเลือกเบื้องต้น จะมีการนัดทดสอบและสัมภาษณ์งานที่บริษัทฯ
เพศหญิง อายุ 21 ปีขึ้นไป
จบการศึกษาระดับปริญญาตรี ด้านเทคโนโลยีสารสนเทศ หรือสาขาวิชาที่เกี่ยวข้อง เช่น สถิติประยุกต์, คณิตศาสตร์ประยุกต์, ครุศาสตร์ (คอมพิวเตอร์)
ชอบงานด้านข้อมูล และมีความสามารถในการวิเคราะห์ข้อมูลได้เป็นอย่างดี
มีความรู้และใช้งานระบบฐานข้อมูล MS SQL Server, MySQL, MS Access ได้เป็นอย่างดี
มีความรู้และใช้งานโปรแกรม MS Office (โดยเฉพาะ Excel) ได้เป็นอย่างดี
มีความละเอียดรอบคอบสูง ใส่ใจกับความถูกต้องของข้อมูล
หากมีประสบการณ์ในสายงาน Data Analytics อย่างน้อย 1 ปีขึ้นไป จะได้รับการพิจารณาเป็นพิเศษ
หากเป็นนักศึกษาจบใหม่ เคยมีประสบการณ์ในการใช้โปรแกรม MS SQL Server, MySQL และ Excel จะได้รับการพิจารณาเป็นพิเศษ
หากเริ่มงานได้ทันที จะได้รับการพิจารณาเป็นพิเศษ
ยินดีรับนักศึกษาจบใหม่
ตามข้อตกลงของบริษัท
8, 27, 44, 73ก, 92, 96, 122, 126, 137, 145, 178, 182, 191, 502, 514
ไม่มี
ภาวนา
ไม่มี
ไม่มี
แผนที่ภาพ
แผนที่ออนไลน์
[email protected]
สมัครงานด่วน สมัครด้วยเรซูเม่รูปแบบเต็ม จากระบบสมาชิก JOBBKK
สร้างเรซูเม่แบบย่อ สมัครง่ายและรวดเร็ว ด้วยการกรอกข้อมูลแบบย่อ
แนบไฟล์สมัคร สมัครด้วยการแนบไฟล์เรซูเม่ หรือ ผลงานของท่าน
สมัครงานผ่านอีเมล คลิกที่นี่เพื่อดูวิธีการใช้งานสมัครด้วยอีเมล สมัครผ่านอีเมล (แนบไฟล์ผ่านอีเมลได้ไฟล์ละไม่เกิน 10 MB จำกัด 3 ไฟล์) หมายเหตุ : เฉพาะไฟล์ *.jpg, *.jpeg, *.png หรือ *.doc, *.docx, *.pdf",sql|excel,2,0,0,0,0,0,1,0,0,0,0,0,0,0,0,0,0,0,0,0,0,0,1,0,0,0,0,0,0,0,0,0,0,0,0,0,0,0,0,0,0,0,0,0,0,0,0,0
data analyst,,กรุงเทพมหานคร,1,Data Analyst,บริษัท แมส ช้อยส์ คอร์ปอเรชั่น จำกัด,กรุงเทพมหานคร เขตตลิ่งชัน,ตามตกลง,17/02/2026 16:39,https://jobbkk.com/jobs/detailurgent/43586/1268035,Data Analyst บริษัท แมส ช้อยส์ คอร์ปอเรชั่น จำกัด รับสมัครด่วน 23 ชั่วโมงที่แล้ว กรุงเทพมหานคร เขตตลิ่งชัน ตามตกลง Data Analyst บริษัท แมส ช้อยส์ คอร์ปอเรชั่น จำกัด กรุงเทพมหานคร เขตตลิ่งชัน ตามตกลง SRT ตลิ่งชัน อ่านรายละเอียดงาน,"สร้างระบบฐานข้อมูลสำคัญ ๆ ต่าง ๆ ขององค์กร โดยนำเสนอ Software/Application ที่เหมาะสมกับความต้องการใช้งานขององค์กร
มีความรู้ ความสามารถที่ดีเกี่ยวกับข้อมูลทางธุรกิจ และเข้าใจตรรกกะของความต้องการใช้ข้อมูลในรูปแบบที่เข้าใจง่าย และใช้งานง่าย เพื่อให้ users ได้ใช้งาน database ได้อย่างคล่องตัว และเกิดประโยชน์สูงสุดในการใช้งาน
สามารถวิเคราะห์ ข้อมูลต่าง ๆ ให้มีความหมายในเชิงธุรกิจ และสามารถสื่อสารกับเพื่อนร่วมงาน ผู้บริหาร ได้อย่างมีทักษะในการสื่อสารให้เข้าใจได้ง่าย ไม่ซับซ้อน และนำเสนอข้อมูลต่าง ๆ ในรูปแบบที่ง่ายต่อการเข้าใจ ไม่ซับซ้อน
มีความเฉลียวฉลาดในการแก้ปัญหาเฉพาะหน้า และปัญหาทางธุรกิจ สามารถตีโจทย์ออก โดยไม่จำเป็นต้องมีหัวหน้างานมาคอยบอกทุกรายละเอียด
มีสปิริตของความเป็นเจ้าของงานที่จะผลักดันงานให้สำเร็จตามเป้าหมายที่กำหนดไว้ให้ชัดเจน
มีมนุษยสัมพันธ์ที่ดีต่อผู้ที่ต้องติดต่อด้วย เพื่อให้งานได้รับการสนับสนุนได้อย่างลื่นไหล สำเร็จอย่างรวดเร็ว","แชร์
เก็บงาน
พิมพ์งาน
ร้องเรียน
สร้างระบบฐานข้อมูลสำคัญ ๆ ต่าง ๆ ขององค์กร โดยนำเสนอ Software/Application ที่เหมาะสมกับความต้องการใช้งานขององค์กร
มีความรู้ ความสามารถที่ดีเกี่ยวกับข้อมูลทางธุรกิจ และเข้าใจตรรกกะของความต้องการใช้ข้อมูลในรูปแบบที่เข้าใจง่าย และใช้งานง่าย เพื่อให้ users ได้ใช้งาน database ได้อย่างคล่องตัว และเกิดประโยชน์สูงสุดในการใช้งาน
สามารถวิเคราะห์ ข้อมูลต่าง ๆ ให้มีความหมายในเชิงธุรกิจ และสามารถสื่อสารกับเพื่อนร่วมงาน ผู้บริหาร ได้อย่างมีทักษะในการสื่อสารให้เข้าใจได้ง่าย ไม่ซับซ้อน และนำเสนอข้อมูลต่าง ๆ ในรูปแบบที่ง่ายต่อการเข้าใจ ไม่ซับซ้อน
มีความเฉลียวฉลาดในการแก้ปัญหาเฉพาะหน้า และปัญหาทางธุรกิจ สามารถตีโจทย์ออก โดยไม่จำเป็นต้องมีหัวหน้างานมาคอยบอกทุกรายละเอียด
มีสปิริตของความเป็นเจ้าของงานที่จะผลักดันงานให้สำเร็จตามเป้าหมายที่กำหนดไว้ให้ชัดเจน
มีมนุษยสัมพันธ์ที่ดีต่อผู้ที่ต้องติดต่อด้วย เพื่อให้งานได้รับการสนับสนุนได้อย่างลื่นไหล สำเร็จอย่างรวดเร็ว
ใช้ software/application เพื่อบริหารจัดการ database ได้อย่างคล่องแคล่ว มีประสิทธิภาพ
ใช้ Microsoft Excel ได้อย่างคล่อง ในระดับอย่างต่ำปานกลาง ต้องใช้เพื่อจัดการผูกสูตรที่มีความซับซ้อนได้ สามารถออกแบบ spreadsheet เพื่อรองรับโจทย์ทางธุรกิจเพื่อเป็นตัวหาคำตอบหรือบริหารข้อมูลทางธุรกิจได้อย่างมีระบบ ระเบียบ ถูกต้อง แม่นยำ ประมวลผลออกมาได้รวดเร็ว
หากมีความรู้ ประสพการณ์ เกี่ยวกับ software/application ที่จะใช้เพื่อบริหารจัดการระบบฐานข้อมูล ลูกค้า, suppliers, sales, purchasing และงานแอดมินในองค์กร จะได้รับการพิจารณาเป็นพิเศษ
เงินโบนัสตามผลงาน
ประกันสังคม
ไม่มี
ไม่มี
ไม่มี
ตลิ่งชัน
แผนที่ภาพ
แผนที่ออนไลน์
[email protected]
สมัครงานด่วน สมัครด้วยเรซูเม่รูปแบบเต็ม จากระบบสมาชิก JOBBKK
สร้างเรซูเม่แบบย่อ สมัครง่ายและรวดเร็ว ด้วยการกรอกข้อมูลแบบย่อ
แนบไฟล์สมัคร สมัครด้วยการแนบไฟล์เรซูเม่ หรือ ผลงานของท่าน
สมัครงานผ่านอีเมล คลิกที่นี่เพื่อดูวิธีการใช้งานสมัครด้วยอีเมล สมัครผ่านอีเมล (แนบไฟล์ผ่านอีเมลได้ไฟล์ละไม่เกิน 10 MB จำกัด 3 ไฟล์) หมายเหตุ : เฉพาะไฟล์ *.jpg, *.jpeg, *.png หรือ *.doc, *.docx, *.pdf",excel,1,0,0,0,0,0,0,0,0,0,0,0,0,0,0,0,0,0,0,0,0,0,1,0,0,0,0,0,0,0,0,0,0,0,0,0,0,0,0,0,0,0,0,0,0,0,0,0
data analyst,,กรุงเทพมหานคร,1,Data Analyst,บริษัท ไวท์ไลน์แอคทิเวชัน จำกัด,กรุงเทพมหานคร เขตราชเทวี,ตามตกลง,17/02/2026 09:51,https://jobbkk.com/jobs/detailurgent/58677/1319386,Data Analyst บริษัท ไวท์ไลน์แอคทิเวชัน จำกัด รับสมัครด่วน 1 วันที่แล้ว กรุงเทพมหานคร เขตราชเทวี ตามตกลง Data Analyst บริษัท ไวท์ไลน์แอคทิเวชัน จำกัด กรุงเทพมหานคร เขตราชเทวี ตามตกลง อ่านรายละเอียดงาน,"วิเคราะห์ข้อมูลเชิงลึกเพื่อตรวจสอบแนวโน้ม ความผิดปกติ และโอกาสทางธุรกิจ
สื่อสารข้อมูลที่ซับซ้อนในรูปแบบที่เข้าใจง่าย เพื่อสนับสนุนการตัดสินใจของหน่วยงานต่าง ๆ
ออกแบบและดูแลแดชบอร์ดใน Power BI ให้มีความน่าสนใจ ใช้งานง่าย และตอบโจทย์ผู้ใช้งาน
ปรับปรุงประสิทธิภาพของรายงานและคำนวณสูตร DAX ให้มีความรวดเร็วและแม่นยำ
ร่วมประชุมและรวบรวมความต้องการจากหน่วยงานต่าง ๆ เพื่อแปลงเป็นแนวทางการวิเคราะห์
สนับสนุนการกำหนด KPI และตัวชี้วัดความสำเร็จที่สามารถวัดผลได้
ตรวจสอบคุณภาพข้อมูลให้ถูกต้อง ครบถ้วน และมีความน่าเชื่อถือ
ให้คำแนะนำแก่ทีมงานในด้านการวิเคราะห์และการใช้งาน Power BI
จัดฝึกอบรมหรือเวิร์กช็อปเพื่อสนับสนุนการใช้งานเครื่องมือวิเคราะห์ข้อมูลในองค์กร
ศึกษาและติดตามความก้าวหน้าของเทคโนโลยีด้าน BI อย่างต่อเนื่อง เพื่อนำมาพัฒนาแนวทางการทำงานของทีม","แชร์
เก็บงาน
พิมพ์งาน
ร้องเรียน
วิเคราะห์ข้อมูลเชิงลึกเพื่อตรวจสอบแนวโน้ม ความผิดปกติ และโอกาสทางธุรกิจ
สื่อสารข้อมูลที่ซับซ้อนในรูปแบบที่เข้าใจง่าย เพื่อสนับสนุนการตัดสินใจของหน่วยงานต่าง ๆ
ออกแบบและดูแลแดชบอร์ดใน Power BI ให้มีความน่าสนใจ ใช้งานง่าย และตอบโจทย์ผู้ใช้งาน
ปรับปรุงประสิทธิภาพของรายงานและคำนวณสูตร DAX ให้มีความรวดเร็วและแม่นยำ
ร่วมประชุมและรวบรวมความต้องการจากหน่วยงานต่าง ๆ เพื่อแปลงเป็นแนวทางการวิเคราะห์
สนับสนุนการกำหนด KPI และตัวชี้วัดความสำเร็จที่สามารถวัดผลได้
ตรวจสอบคุณภาพข้อมูลให้ถูกต้อง ครบถ้วน และมีความน่าเชื่อถือ
ให้คำแนะนำแก่ทีมงานในด้านการวิเคราะห์และการใช้งาน Power BI
จัดฝึกอบรมหรือเวิร์กช็อปเพื่อสนับสนุนการใช้งานเครื่องมือวิเคราะห์ข้อมูลในองค์กร
ศึกษาและติดตามความก้าวหน้าของเทคโนโลยีด้าน BI อย่างต่อเนื่อง เพื่อนำมาพัฒนาแนวทางการทำงานของทีม
สำเร็จการศึกษาระดับปริญญาตรีหรือปริญญาโทในสาขาวิทยาการข้อมูล วิทยาการคอมพิวเตอร์ ระบบสารสนเทศ หรือสาขาอื่นที่เกี่ยวข้อง
มีประสบการณ์ทำงานในสายงานวิเคราะห์ข้อมูลหรือ Business Intelligence อย่างน้อย 4–5 ปี
มีความเชี่ยวชาญในเครื่องมือ Power BI โดยเฉพาะด้านการสร้างแดชบอร์ด การเขียนสูตร DAX และการจัดการข้อมูล
สามารถใช้ภาษา SQL เพื่อดึงและจัดรูปแบบข้อมูลได้อย่างมีประสิทธิภาพ
มีความรู้พื้นฐานหรือประสบการณ์ในเครื่องมือ BI อื่น เช่น Tableau, Looker, Qlik หรือ Google Data Studio จะได้รับการพิจารณาเป็นพิเศษ
หากมีประสบการณ์ด้าน Python หรือ R จะได้รับการพิจารณาเป็นพิเศษ
มีทักษะการสื่อสารที่ดี สามารถอธิบายข้อมูลให้ผู้ที่ไม่มีพื้นฐานทางเทคนิคเข้าใจได้ง่าย
มีความคิดเชิงกลยุทธ์ มองเห็นภาพรวมของธุรกิจ และเชื่อมโยงข้อมูลเข้ากับเป้าหมายขององค์กร
มีความละเอียดรอบคอบ และตระหนักถึงความถูกต้องและปลอดภัยของข้อมูล
สามารถทำงานร่วมกับผู้อื่นได้ดี มีทัศนคติเชิงบวก และพร้อมแบ่งปันความรู้กับทีม
สิทธิการเบิกค่าทันตกรรม
ทำงานสัปดาห์ละ 5 วัน
มีเวลาการทำงานที่ยืดหยุ่น
ประกันชีวิต
ประกันสุขภาพ
ประกันสังคม
11, 23, 60, 60 (ปอ.) (AC), 72, 93
ไม่มี
เพชรบุรี
ไม่มี
ไม่มี
แผนที่ออนไลน์
[email protected]
สมัครงานด่วน สมัครด้วยเรซูเม่รูปแบบเต็ม จากระบบสมาชิก JOBBKK
สร้างเรซูเม่แบบย่อ สมัครง่ายและรวดเร็ว ด้วยการกรอกข้อมูลแบบย่อ
แนบไฟล์สมัคร สมัครด้วยการแนบไฟล์เรซูเม่ หรือ ผลงานของท่าน
สมัครงานผ่านอีเมล คลิกที่นี่เพื่อดูวิธีการใช้งานสมัครด้วยอีเมล สมัครผ่านอีเมล (แนบไฟล์ผ่านอีเมลได้ไฟล์ละไม่เกิน 10 MB จำกัด 3 ไฟล์) หมายเหตุ : เฉพาะไฟล์ *.jpg, *.jpeg, *.png หรือ *.doc, *.docx, *.pdf",python|r|sql|powerbi|tableau,5,1,1,0,0,0,1,0,0,0,0,0,0,0,0,0,0,0,0,0,0,0,0,1,1,0,0,0,0,0,0,0,0,0,0,0,0,0,0,0,0,0,0,0,0,0,0,0
data analyst,,กรุงเทพมหานคร,1,Data Analyst,บริษัท อาร์เอสยู เฮลท์ แคร์ จำกัด,กรุงเทพมหานคร เขตคลองเตย,ตามตกลง,17/02/2026 08:21,https://jobbkk.com/jobs/detailurgent/40139/1359406,Data Analyst บริษัท อาร์เอสยู เฮลท์ แคร์ จำกัด รับสมัครด่วน 1 วันที่แล้ว กรุงเทพมหานคร เขตคลองเตย ตามตกลง Data Analyst บริษัท อาร์เอสยู เฮลท์ แคร์ จำกัด กรุงเทพมหานคร เขตคลองเตย ตามตกลง BTS พร้อมพงษ์ MRT สุขุมวิท อ่านรายละเอียดงาน,"เขียน SQL ซับซ้อนสำหรับคำนวณ KPI ทางการแพทย์และการบริหาร (เช่น ALOS, Bed Occupancy, Revenue per Visit)
ออกแบบ Data Model สำหรับงานวิเคราะห์เฉพาะด้าน เช่น Clinical, Financial, Operational
ออกแบบ Dashboard สำหรับผู้บริหารแบบ Near Real-time สร้าง Alert/Trigger เมื่อค่าตัวชี้วัดเกิน Threshold ที่กำหนด
จัดทำรายงานคุณภาพข้อมูล (Data Quality Report) ให้ทีมต้นทางแก้ไข
ทำงานร่วมกับ HIS/IT เพื่อปรับปรุงกระบวนการบันทึกข้อมูลที่ต้นทาง วิเคราะห์และจับคู่ข้อมูลจากหลายระบบ (HIS, LIS, RIS, Finance, CRM)
แปลผลวิเคราะห์เป็นข้อเสนอเชิงนโยบายหรือเชิงปฏิบัติ ติดตามผลลัพธ์หลังมีการนำ Insight ไปใช้จริง","แชร์
เก็บงาน
พิมพ์งาน
ร้องเรียน
เขียน SQL ซับซ้อนสำหรับคำนวณ KPI ทางการแพทย์และการบริหาร (เช่น ALOS, Bed Occupancy, Revenue per Visit)
ออกแบบ Data Model สำหรับงานวิเคราะห์เฉพาะด้าน เช่น Clinical, Financial, Operational
ออกแบบ Dashboard สำหรับผู้บริหารแบบ Near Real-time สร้าง Alert/Trigger เมื่อค่าตัวชี้วัดเกิน Threshold ที่กำหนด
จัดทำรายงานคุณภาพข้อมูล (Data Quality Report) ให้ทีมต้นทางแก้ไข
ทำงานร่วมกับ HIS/IT เพื่อปรับปรุงกระบวนการบันทึกข้อมูลที่ต้นทาง วิเคราะห์และจับคู่ข้อมูลจากหลายระบบ (HIS, LIS, RIS, Finance, CRM)
แปลผลวิเคราะห์เป็นข้อเสนอเชิงนโยบายหรือเชิงปฏิบัติ ติดตามผลลัพธ์หลังมีการนำ Insight ไปใช้จริง
มีประสบการณ์ในธุรกิจ Healthcare, โรงพยาบาล หรือมีความเข้าใจระบบ HIS
มีทักษะและประสบการณ์ในการทำ Data Exploration ด้วย AI Tools
มีทักษะและมีความเข้าใจเรื่อง Data Modelling และ Data Architecture เบื้องต้น
มีความรู้เรื่อง PDPA และการจัดการข้อมูลส่วนบุคคล (สำคัญมากสำหรับโรงพยาบาล)
ทักษะการสื่อสารและการประสานงานที่ดี
ตามข้อตกลงของบริษัท
สาย 2, 38, 25, 40, ปอ.511, ปอ.501, ปอ.508, ปอ.522 ลงป้ายเ อ็มสเฟี ยร์
พร้อมพงษ์
สุขุมวิท
ไม่มี
ไม่มี
แผนที่ออนไลน์
[email protected]
สมัครงานด่วน สมัครด้วยเรซูเม่รูปแบบเต็ม จากระบบสมาชิก JOBBKK
สร้างเรซูเม่แบบย่อ สมัครง่ายและรวดเร็ว ด้วยการกรอกข้อมูลแบบย่อ
แนบไฟล์สมัคร สมัครด้วยการแนบไฟล์เรซูเม่ หรือ ผลงานของท่าน
สมัครงานผ่านอีเมล คลิกที่นี่เพื่อดูวิธีการใช้งานสมัครด้วยอีเมล สมัครผ่านอีเมล (แนบไฟล์ผ่านอีเมลได้ไฟล์ละไม่เกิน 10 MB จำกัด 3 ไฟล์) หมายเหตุ : เฉพาะไฟล์ *.jpg, *.jpeg, *.png หรือ *.doc, *.docx, *.pdf",sql,1,0,0,0,0,0,1,0,0,0,0,0,0,0,0,0,0,0,0,0,0,0,0,0,0,0,0,0,0,0,0,0,0,0,0,0,0,0,0,0,0,0,0,0,0,0,0,0
data analyst,,สมุทรสาคร,1,DATA Analyst,EP Asia Group Company Limited,สมุทรสาคร เมืองสมุทรสาคร,ตามตกลง,16/02/2026 14:57,https://jobbkk.com/jobs/detailurgent/193275/1039259,DATA Analyst EP Asia Group Company Limited รับสมัครด่วน 2 วันที่แล้ว สมุทรสาคร เมืองสมุทรสาคร ตามตกลง DATA Analyst EP Asia Group Company Limited สมุทรสาคร เมืองสมุทรสาคร ตามตกลง นักศึกษาจบใหม่ / ผู้ไม่มีประสบการณ์ อ่านรายละเอียดงาน,"พัฒนาและบริหารฐานข้อมูล (Customer Data), เพื่อบริหารจัดการความต้องการของลูกค้า ในทุกช่องทางการจำหน่าย ได้อย่างมีประสิทธิผล และประสิทธิภาพ •จัดการข้อมูลคำสั่งซื้อสินค้า ให้เป็นไปตามความต้องการทางธุรกิจ เช่น สถานะข้อมูลออเดอร์ประจำวัน (ออเดอร์ที่ได้รับ, ออเดอร์ที่กำลังดำเนินการแพ้ค, ออเดอร ที่ส่งมอบได้สำเร็จ, ออเดอร์ที่ส่งมอบไม่สำเร็จ, ออเดอร์ที่ค้างส่ง) •จัดข้อมูลการสั่งซื้อสินค้าของลูกค้า เพื่อมีส่วนช่วยในการสนับสนุนส่งเสริมการขาย เช่น ประเภทลูกค้า ตามพื้นที่, ประเภทสินค้าที่สั่งซื้อ ตามช่องทางการขาย
พัฒนา และ บริหาร เครื่องมือ ในการบริหารจัดการคำสั่งซื้อของลูกค้า (Customer Order Management System) •ดูแล และพัฒนา ระบบ OMS อย่างต่อเนื่อง เพื่อให้เกิดประสิทธิผล ประสิทธิภาพสูงสุดสื่อสาร ในการบริหารจัดการคำสั่ง๙อลูกค้า ตั้งแต่ วิธีการรับข้อมูลคำสั่งซื้อ, การจัดเก็บฐานข้อมูล, การส่งออเดอร์ ไปยังแผนกคลังสินค้า, สถานการณ์ส่งมอบสินค้าให้ขนส่ง และให้ลูกค้าปลายทาง •กรณีระบบมีปัญหา จัดการประสานงาน แก้ไข ปรับปรุง เพื่อให้สามารถใช้งานได้ทันเวลา
จัดการ และ ประสานงานกับหน่วยงานที่เกี่ยวข้อง เพื่อให้ส่งมอบ คำสั่งซื้อ แก่ลูกค้า ได้อย่างรวดเร็ว และ ถูกต้อง
สร้างมาตรฐานในการทำงาน และ จัดการบริหารงานให้มี ประสิทธิผล ประสิทธิภาพสูงสุด •สร้าง และพัฒนาอย่างต่อเนื่อง ขั้นตอนการทำงาน (Standard Work Instruction) ที่ชัดเจนในทุกกระบวนการ •สร้าง และพัฒนาอย่างต่อเนื่อง หน่วยวัดประสิทธิผล ประสิทธิภาพในการทำงาน (KPI) •สื่อสาร และประสานงาน กับหน่วยงานที่เกี่ยวข้องเพื่อให้การการบริหารจัดการคำสั่งซื้อเป็นไปตามเป้าหมาย
งานอื่นๆที่ได้รับมอบหมาย","แชร์
เก็บงาน
พิมพ์งาน
ร้องเรียน
พัฒนาและบริหารฐานข้อมูล (Customer Data), เพื่อบริหารจัดการความต้องการของลูกค้า ในทุกช่องทางการจำหน่าย ได้อย่างมีประสิทธิผล และประสิทธิภาพ •จัดการข้อมูลคำสั่งซื้อสินค้า ให้เป็นไปตามความต้องการทางธุรกิจ เช่น สถานะข้อมูลออเดอร์ประจำวัน (ออเดอร์ที่ได้รับ, ออเดอร์ที่กำลังดำเนินการแพ้ค, ออเดอร ที่ส่งมอบได้สำเร็จ, ออเดอร์ที่ส่งมอบไม่สำเร็จ, ออเดอร์ที่ค้างส่ง) •จัดข้อมูลการสั่งซื้อสินค้าของลูกค้า เพื่อมีส่วนช่วยในการสนับสนุนส่งเสริมการขาย เช่น ประเภทลูกค้า ตามพื้นที่, ประเภทสินค้าที่สั่งซื้อ ตามช่องทางการขาย
พัฒนา และ บริหาร เครื่องมือ ในการบริหารจัดการคำสั่งซื้อของลูกค้า (Customer Order Management System) •ดูแล และพัฒนา ระบบ OMS อย่างต่อเนื่อง เพื่อให้เกิดประสิทธิผล ประสิทธิภาพสูงสุดสื่อสาร ในการบริหารจัดการคำสั่ง๙อลูกค้า ตั้งแต่ วิธีการรับข้อมูลคำสั่งซื้อ, การจัดเก็บฐานข้อมูล, การส่งออเดอร์ ไปยังแผนกคลังสินค้า, สถานการณ์ส่งมอบสินค้าให้ขนส่ง และให้ลูกค้าปลายทาง •กรณีระบบมีปัญหา จัดการประสานงาน แก้ไข ปรับปรุง เพื่อให้สามารถใช้งานได้ทันเวลา
จัดการ และ ประสานงานกับหน่วยงานที่เกี่ยวข้อง เพื่อให้ส่งมอบ คำสั่งซื้อ แก่ลูกค้า ได้อย่างรวดเร็ว และ ถูกต้อง
สร้างมาตรฐานในการทำงาน และ จัดการบริหารงานให้มี ประสิทธิผล ประสิทธิภาพสูงสุด •สร้าง และพัฒนาอย่างต่อเนื่อง ขั้นตอนการทำงาน (Standard Work Instruction) ที่ชัดเจนในทุกกระบวนการ •สร้าง และพัฒนาอย่างต่อเนื่อง หน่วยวัดประสิทธิผล ประสิทธิภาพในการทำงาน (KPI) •สื่อสาร และประสานงาน กับหน่วยงานที่เกี่ยวข้องเพื่อให้การการบริหารจัดการคำสั่งซื้อเป็นไปตามเป้าหมาย
งานอื่นๆที่ได้รับมอบหมาย
การศึกษาระดับปริญญาตรี สาขา คอมพิวเตอร์ สถิติธุรกิจและการประกันภัย วิทยาการคอมพิวเตอร์ประยุกต์ โลจิตติกส์ สถิติ คณิตศาสตร์ คอมพิวเตอร์ หรือ อื่นๆที่เกี่ยวข้อง
มีประสบการณ์ด้านการวิเคราะห์ข้อมูล ทำเอกสาร Report อย่างน้อย 1-2 ปี พิจารณาเป็นพิเศษ
สามารถใช้โปรแกรม Microsoft Excel สูตรทางสถิิติ BI SQL ได้ดี
ยินดีรับนักศึกษาจบใหม่
ประกันสังคม
ตามข้อตกลงของบริษัท
120 ,7
ไม่มี
ไม่มี
ไม่มี
ไม่มี
แผนที่ภาพ
แผนที่ออนไลน์
[email protected]
สมัครงานด่วน สมัครด้วยเรซูเม่รูปแบบเต็ม จากระบบสมาชิก JOBBKK
สร้างเรซูเม่แบบย่อ สมัครง่ายและรวดเร็ว ด้วยการกรอกข้อมูลแบบย่อ
แนบไฟล์สมัคร สมัครด้วยการแนบไฟล์เรซูเม่ หรือ ผลงานของท่าน
สมัครงานผ่านอีเมล คลิกที่นี่เพื่อดูวิธีการใช้งานสมัครด้วยอีเมล สมัครผ่านอีเมล (แนบไฟล์ผ่านอีเมลได้ไฟล์ละไม่เกิน 10 MB จำกัด 3 ไฟล์) หมายเหตุ : เฉพาะไฟล์ *.jpg, *.jpeg, *.png หรือ *.doc, *.docx, *.pdf",sql|excel,2,0,0,0,0,0,1,0,0,0,0,0,0,0,0,0,0,0,0,0,0,0,1,0,0,0,0,0,0,0,0,0,0,0,0,0,0,0,0,0,0,0,0,0,0,0,0,0
data analyst,,กรุงเทพมหานคร,1,เจ้าหน้าที่วิเคราะห์ข้อมูล (MIS / Data Analyst),บริษัท เมืองไทยประกันชีวิต จำกัด (มหาชน),กรุงเทพมหานคร เขตจตุจักร,ตามตกลง,17/02/2026 18:03,https://jobbkk.com/jobs/detailurgent/161183/1340623,เจ้าหน้าที่วิเคราะห์ข้อมูล (MIS / Data Analyst) บริษัท เมืองไทยประกันชีวิต จำกัด (มหาชน) รับสมัครด่วน 21 ชั่วโมงที่แล้ว กรุงเทพมหานคร เขตจตุจักร ตามตกลง เจ้าหน้าที่วิเคราะห์ข้อมูล (MIS / Data Analyst) บริษัท เมืองไทยประกันชีวิต จำกัด (มหาชน) กรุงเทพมหานคร เขตจตุจักร ตามตกลง MRT สุทธิสาร อ่านรายละเอียดงาน,"จัดทำระบบฐานข้อมูลผลการปฏิบัติงานของฝ่ายขายช่องทางตัวแทน
วางระบบการออกรายงานผลการปฏิบัติของฝ่ายขายช่องทางตัวแทน
จัดทำรายงานผลการปฏิบัติงานของฝ่ายขายช่องทางตัวแทนทั้งหมด เป็นรายสัปดาห์ และรายเดือน
รวบรวมข้อมูลที่จำเป็นสำหรับการกำหนดกลยุทธ์การขายและแผนงานการตลาด
หมายเหตุ: ตำแหน่งงานนี้จำเป็นต้องตรวจสอบประวัติอาชญากรรมของบุคคลก่อนพิจารณารับเข้าทำงาน เพื่อความปลอดภัยและรักษามาตรฐานขององค์กร Remark: This position requires a criminal record information check prior consideration for employment to ensure safety and maintain standards of the organization.","แชร์
เก็บงาน
พิมพ์งาน
ร้องเรียน
จัดทำระบบฐานข้อมูลผลการปฏิบัติงานของฝ่ายขายช่องทางตัวแทน
วางระบบการออกรายงานผลการปฏิบัติของฝ่ายขายช่องทางตัวแทน
จัดทำรายงานผลการปฏิบัติงานของฝ่ายขายช่องทางตัวแทนทั้งหมด เป็นรายสัปดาห์ และรายเดือน
รวบรวมข้อมูลที่จำเป็นสำหรับการกำหนดกลยุทธ์การขายและแผนงานการตลาด
หมายเหตุ: ตำแหน่งงานนี้จำเป็นต้องตรวจสอบประวัติอาชญากรรมของบุคคลก่อนพิจารณารับเข้าทำงาน เพื่อความปลอดภัยและรักษามาตรฐานขององค์กร Remark: This position requires a criminal record information check prior consideration for employment to ensure safety and maintain standards of the organization.
มีทักษะในการคิดวิเคราะห์ การคิดเชิงกลยุทธ์ วางแผนการปฏิบัติงาน
มีความรู้ด้านคณิตศาสตร์ หรือสถิติ
มีความสามารถในการใช้ภาษาอังกฤษ คอมพิวเตอร์ และโปรแกรมพื้นฐาน
สิทธิการเบิกค่าทันตกรรม
ทุนการศึกษา
ทำงานสัปดาห์ละ 5 วัน
มีเวลาการทำงานที่ยืดหยุ่น
ประกันชีวิต
ประกันสุขภาพ
ค่าทำงานล่วงเวลา
เงินโบนัสตามผลงาน
ทำงานที่บ้าน
ประกันสังคม
ไม่มี
ไม่มี
สุทธิสาร
ไม่มี
ไม่มี
แผนที่ออนไลน์
[email protected]
สมัครงานด่วน สมัครด้วยเรซูเม่รูปแบบเต็ม จากระบบสมาชิก JOBBKK
สร้างเรซูเม่แบบย่อ สมัครง่ายและรวดเร็ว ด้วยการกรอกข้อมูลแบบย่อ
แนบไฟล์สมัคร สมัครด้วยการแนบไฟล์เรซูเม่ หรือ ผลงานของท่าน
สมัครงานผ่านอีเมล คลิกที่นี่เพื่อดูวิธีการใช้งานสมัครด้วยอีเมล สมัครผ่านอีเมล (แนบไฟล์ผ่านอีเมลได้ไฟล์ละไม่เกิน 10 MB จำกัด 3 ไฟล์) หมายเหตุ : เฉพาะไฟล์ *.jpg, *.jpeg, *.png หรือ *.doc, *.docx, *.pdf",,0,0,0,0,0,0,0,0,0,0,0,0,0,0,0,0,0,0,0,0,0,0,0,0,0,0,0,0,0,0,0,0,0,0,0,0,0,0,0,0,0,0,0,0,0,0,0,0
data analyst,,กรุงเทพมหานคร,1,นักวิเคราะห์ข้อมูล (Data Analyst),บริษัท อวิเอเท็ค จำกัด,กรุงเทพมหานคร เขตบางนา,ตามตกลง,18/02/2026 08:39,https://jobbkk.com/jobs/detailurgent/180147/1335309,"นักวิเคราะห์ข้อมูล (Data Analyst) บริษัท อวิเอเท็ค จำกัด รับสมัครด่วน 6 ชั่วโมงที่แล้ว กรุงเทพมหานคร เขตบางนา ตามตกลง นักวิเคราะห์ข้อมูล (Data Analyst) บริษัท อวิเอเท็ค จำกัด กรุงเทพมหานคร เขตบางนา ตามตกลง BTS อุดมสุข,บางนา อ่านรายละเอียดงาน","วิเคราะห์ เปรียบเทียบราคาซื้อและเงื่อนไขต่างๆ เพื่อทำการเสนอราคา
สื่อสาร ประสานงานกับส่วนงานอื่น ๆ ให้การเสนอราคาเป็นไปอย่างมีประสิทธิภาพ
บริหารจัดการการซื้อสินค้าให้มีประสิทธิภาพ ควบคุมต้นทุนสินค้า คุณภาพ และระยะเวลาการส่งมอบ","แชร์
เก็บงาน
พิมพ์งาน
ร้องเรียน
วิเคราะห์ เปรียบเทียบราคาซื้อและเงื่อนไขต่างๆ เพื่อทำการเสนอราคา
สื่อสาร ประสานงานกับส่วนงานอื่น ๆ ให้การเสนอราคาเป็นไปอย่างมีประสิทธิภาพ
บริหารจัดการการซื้อสินค้าให้มีประสิทธิภาพ ควบคุมต้นทุนสินค้า คุณภาพ และระยะเวลาการส่งมอบ
มีทักษะการวางแผนที่ดี มีความคิดเชิงวิเคราะห์ และมีความละเอียดรอบคอบ
มีความรู้เกี่ยวกับธุรกิจซื้อมาขายไปของอะไหล่ และ/หรือ เครื่องจักร
มีทัศนคติที่ดี มีความคิดริเริ่มสร้างสรรค์ สามารถทำงานเชิงรุก (Proactive) และมีความกระตือรือร้นในการทำงาน
ทำงานภายใต้ความกดดันและแก้ปัญหาเฉพาะหน้าได้ดี
สามารถสื่อสารภาษาอังกฤษ อ่าน เขียน ได้เป็นอย่างดี (TOEIC 750 ขึ้นไป)
ใช้ Google Sheets หรือ MS Excel ได้เป็นอย่างดี
ประกันสังคม
1141 , 3-16E , 3-29 , 3-31 , 48 , 558 , ต.139 , ต.145, 206, 3-11,3-26E, 1013, 206 (ปอ.) (AC), 23, 46
อุดมสุข บางนา
ไม่มี
ไม่มี
ไม่มี
แผนที่ภาพ
แผนที่ออนไลน์
[email protected]
สมัครงานด่วน สมัครด้วยเรซูเม่รูปแบบเต็ม จากระบบสมาชิก JOBBKK
สร้างเรซูเม่แบบย่อ สมัครง่ายและรวดเร็ว ด้วยการกรอกข้อมูลแบบย่อ
แนบไฟล์สมัคร สมัครด้วยการแนบไฟล์เรซูเม่ หรือ ผลงานของท่าน
สมัครงานผ่านอีเมล คลิกที่นี่เพื่อดูวิธีการใช้งานสมัครด้วยอีเมล สมัครผ่านอีเมล (แนบไฟล์ผ่านอีเมลได้ไฟล์ละไม่เกิน 10 MB จำกัด 3 ไฟล์) หมายเหตุ : เฉพาะไฟล์ *.jpg, *.jpeg, *.png หรือ *.doc, *.docx, *.pdf",excel,1,0,0,0,0,0,0,0,0,0,0,0,0,0,0,0,0,0,0,0,0,0,1,0,0,0,0,0,0,0,0,0,0,0,0,0,0,0,0,0,0,0,0,0,0,0,0,0
data analyst,,กรุงเทพมหานคร,1,นักวิเคราะห์ข้อมูล(Data Analyst),บริษัท มาราธอน (ประเทศไทย) จำกัด,กรุงเทพมหานคร เขตบางกอกน้อย,ตามตกลง,11/02/2026 10:03,https://jobbkk.com/jobs/detailurgent/205132/1288004,"นักวิเคราะห์ข้อมูล(Data Analyst) บริษัท มาราธอน (ประเทศไทย) จำกัด รับสมัครด่วน 7 วันที่แล้ว กรุงเทพมหานคร เขตบางกอกน้อย ตามตกลง นักวิเคราะห์ข้อมูล(Data Analyst) บริษัท มาราธอน (ประเทศไทย) จำกัด กรุงเทพมหานคร เขตบางกอกน้อย ตามตกลง MRT บางอ้อ,บางพลัด,สิรินธร อ่านรายละเอียดงาน","บันทึกบัญชีในระบบบัญชีและตรวจสอบความถูกต้องของข้อมูล
ดูแลการจัดทำบัญชีรายรับ-รายจ่าย และบัญชีแยกประเภท
จัดทำและตรวจสอบเอกสารด้านภาษี เช่น ภาษีหัก ณ ที่จ่าย ภาษีมูลค่าเพิ่ม (VAT) และภาษีอื่น ๆ
จัดเตรียมเอกสารและข้อมูลที่เกี่ยวข้องสำหรับการตรวจสอบบัญชี","แชร์
เก็บงาน
พิมพ์งาน
ร้องเรียน
บันทึกบัญชีในระบบบัญชีและตรวจสอบความถูกต้องของข้อมูล
ดูแลการจัดทำบัญชีรายรับ-รายจ่าย และบัญชีแยกประเภท
จัดทำและตรวจสอบเอกสารด้านภาษี เช่น ภาษีหัก ณ ที่จ่าย ภาษีมูลค่าเพิ่ม (VAT) และภาษีอื่น ๆ
จัดเตรียมเอกสารและข้อมูลที่เกี่ยวข้องสำหรับการตรวจสอบบัญชี
วุฒิการศึกษาระดับปริญญาตรี สาขาการบัญชีหรือสาขาที่เกี่ยวข้อง
มีประสบการณ์ในงานบัญชีไม่น้อยกว่า 1-2 ปี
มีความรู้เกี่ยวกับมาตรฐานการบัญชีและกฎหมายภาษี
มีความละเอียดรอบคอบ และสามารถทำงานในระยะเวลาที่กำหนดได้
มีทักษะในการสื่อสารและการทำงานร่วมกับทีมได้ดี
มีความยืดหยุ่นและพร้อมเรียนรู้ระบบงานใหม่ ๆ
มีทักษะการใช้โปรแกรม Microsoft Excel ในระดับดี
สามารถใช้โปรแกรม Dynamics AX และโปรแกรม Bplus ได้จะพิจารณาเป็นพิเศษ
ค่าทำงานล่วงเวลา
เงินโบนัสตามผลงาน
ประกันสังคม
ตามข้อตกลงของบริษัท
123,124,127,146,149,1 59,170,177,183,201,19 ,28,40,57
ไม่มี
บางอ้อ บางพลัด สิรินธร
ไม่มี
ไม่มี
[email protected]
สมัครงานด่วน สมัครด้วยเรซูเม่รูปแบบเต็ม จากระบบสมาชิก JOBBKK
สร้างเรซูเม่แบบย่อ สมัครง่ายและรวดเร็ว ด้วยการกรอกข้อมูลแบบย่อ
แนบไฟล์สมัคร สมัครด้วยการแนบไฟล์เรซูเม่ หรือ ผลงานของท่าน
สมัครงานผ่านอีเมล คลิกที่นี่เพื่อดูวิธีการใช้งานสมัครด้วยอีเมล สมัครผ่านอีเมล (แนบไฟล์ผ่านอีเมลได้ไฟล์ละไม่เกิน 10 MB จำกัด 3 ไฟล์) หมายเหตุ : เฉพาะไฟล์ *.jpg, *.jpeg, *.png หรือ *.doc, *.docx, *.pdf",excel,1,0,0,0,0,0,0,0,0,0,0,0,0,0,0,0,0,0,0,0,0,0,1,0,0,0,0,0,0,0,0,0,0,0,0,0,0,0,0,0,0,0,0,0,0,0,0,0
data analyst,,กรุงเทพมหานคร,2,Data Analyst,บริษัท ไอโคเน็กซ์ จำกัด,กรุงเทพมหานคร เขตคลองเตย,ตามตกลง,17/02/2026 05:33,https://jobbkk.com/jobs/detail/55877/1349731,Data Analyst บริษัท ไอโคเน็กซ์ จำกัด 1 วันที่แล้ว กรุงเทพมหานคร เขตคลองเตย ตามตกลง Data Analyst บริษัท ไอโคเน็กซ์ จำกัด กรุงเทพมหานคร เขตคลองเตย ตามตกลง BTS อโศก MRT สุขุมวิท อ่านรายละเอียดงาน,"- Collect, clean, and prepare data from different sources for analysis.
- Explore data to find trends, patterns, and issues that are useful for the business.
- Create and maintain dashboards or reports using BI tools.
- Work with business teams to understand their needs and turn them into clear metrics and analysis.
- Perform basic statistical analysis to answer business questions.
- Build predictive models using basic machine learning methods (such as classification or regression).
- Able to communicate in English.
- Experience with Tableau is an advantage. Experience using SAS EG or Aginity is an advantage.
- Experience in the financial business domain is an advantage.
ประกันสังคม
ทำงานสัปดาห์ละ 5 วัน
เงินโบนัสตามผลงาน
ประกันสุขภาพ
ทำงานที่บ้าน
มีเวลาการทำงานที่ยืดหยุ่น
สิทธิการเบิกค่าทันตกรรม
ประกันชีวิต
ค่าใช้จ่ายในการเดินทาง
ค่าทำงานล่วงเวลา
[email protected]","- Collect, clean, and prepare data from different sources for analysis.
- Explore data to find trends, patterns, and issues that are useful for the business.
- Create and maintain dashboards or reports using BI tools.
- Work with business teams to understand their needs and turn them into clear metrics and analysis.
- Perform basic statistical analysis to answer business questions.
- Build predictive models using basic machine learning methods (such as classification or regression).
- Able to communicate in English.
- Experience with Tableau is an advantage. Experience using SAS EG or Aginity is an advantage.
- Experience in the financial business domain is an advantage.
ประกันสังคม
ทำงานสัปดาห์ละ 5 วัน
เงินโบนัสตามผลงาน
ประกันสุขภาพ
ทำงานที่บ้าน
มีเวลาการทำงานที่ยืดหยุ่น
สิทธิการเบิกค่าทันตกรรม
ประกันชีวิต
ค่าใช้จ่ายในการเดินทาง
ค่าทำงานล่วงเวลา
[email protected]",machine_learning|tableau|statistics,3,0,0,0,0,0,0,0,0,0,0,0,0,1,0,0,0,0,0,0,0,0,0,0,1,0,0,0,0,0,0,0,0,0,0,0,0,0,0,0,0,0,0,0,1,0,0,0
data analyst,,กรุงเทพมหานคร,2,Data Analyst,บริษัท เทคซอฟต์ โฮลดิ้ง จำกัด,กรุงเทพมหานคร เขตยานนาวา,"35,000 - 65,000 บาท",17/02/2026 02:33,https://jobbkk.com/jobs/detail/185707/1262707,"Data Analyst บริษัท เทคซอฟต์ โฮลดิ้ง จำกัด 1 วันที่แล้ว กรุงเทพมหานคร เขตยานนาวา 35,000 - 65,000 บาท Data Analyst บริษัท เทคซอฟต์ โฮลดิ้ง จำกัด กรุงเทพมหานคร เขตยานนาวา 35,000 - 65,000 บาท อ่านรายละเอียดงาน","Work with data model to provide recommendation on data schema (data size, data type, possible values, data integration / data reference, granularity and cardinality of data
Consisting of source system, business analysts, business users to define technical and business reconciliation process / logic according to ETL process
Work with business users or business analysts to understand, business process, data flow, application integration related to particular source system / bank's products
Motivate a team of data analytics and a Strong desire to work In a team environment
Knowledge in Data analytic
ทำงานสัปดาห์ละ 5 วัน
มีเวลาการทำงานที่ยืดหยุ่น
ประกันสังคม
[email protected]","Work with data model to provide recommendation on data schema (data size, data type, possible values, data integration / data reference, granularity and cardinality of data
Consisting of source system, business analysts, business users to define technical and business reconciliation process / logic according to ETL process
Work with business users or business analysts to understand, business process, data flow, application integration related to particular source system / bank's products
Motivate a team of data analytics and a Strong desire to work In a team environment
Knowledge in Data analytic
ทำงานสัปดาห์ละ 5 วัน
มีเวลาการทำงานที่ยืดหยุ่น
ประกันสังคม
[email protected]",etl,1,0,0,0,0,0,0,0,0,0,0,0,0,0,0,0,0,0,0,0,0,0,0,0,0,0,0,0,0,0,0,0,0,0,1,0,0,0,0,0,0,0,0,0,0,0,0,0
data analyst,,กรุงเทพมหานคร,2,Data Analyst,บริษัท เทคซอฟต์ โฮลดิ้ง จำกัด,กรุงเทพมหานคร เขตยานนาวา,"25,000 - 65,000 บาท",16/02/2026 09:45,https://jobbkk.com/jobs/detail/185707/1302504,"Data Analyst บริษัท เทคซอฟต์ โฮลดิ้ง จำกัด 2 วันที่แล้ว กรุงเทพมหานคร เขตยานนาวา 25,000 - 65,000 บาท Data Analyst บริษัท เทคซอฟต์ โฮลดิ้ง จำกัด กรุงเทพมหานคร เขตยานนาวา 25,000 - 65,000 บาท อ่านรายละเอียดงาน","เก็บรวบรวมและวิเคราะห์ข้อมูลที่ส่งผลกระทบต่อองค์กร จากหลายแหล่ง ทั้งภายในและภายนอก รวมถึง เหตุการณ์ที่เกิดขึ้นอันอาจจะกระทบความเป็นอยู่ของพนักงาน
ออกแบบและทำการทดสอบวิธีใช้งานข้อมูลและเทคนิคการวิเคราะห์ใหม่ๆ เพื่อนำเสนอมุมมองทางธุรกิจใหม่ๆให้แก่ผู้ที่เกี่ยวข้อง
จัดทำรายงานสรุปข้อมูลที่เข้าใจง่าย และสร้าง Dashboard ให้ผู้บริหารและส่วนงานที่ต้องการใช้งาน
นำเสนอผลการวิเคราะห์เพื่อประกอบการตัดสินใจเชิงกลยุทธ์
การสร้าง ดูแล และ อัปเดตฐานข้อมูล และการประมวลผลข้อมูล
งานอื่นๆที่เกี่ยวข้องเพื่อสนับสนุนการทำงานของทีมวิเคราะห์ข้อมูล
Tableau Dashboard Design
Tableau Dashboard Develop
ปริญญาตรีด้าน Mathematics, Data Science, Statistics, Computer Science, Business Analytics หรือสาขาอื่นที่เกี่ยวข้อง
มีประสบการณ์อย่างน้อย 3 ปีในด้าน Data Analytics
Data consolidation, Data exploration (SQL), Technical mapping
มีประสบการณ์ด้าน Data Visualization และสามารถนำเสนอข้อมูลได้อย่างมีประสิทธิภาพ ผ่านเครื่องมือที่เหมาะสม
มีทักษะการเขียนโปรแกรม เช่น SQL และเครื่องมือ BI เช่น Tableau
มีประสบการณ์และความเข้าใจใน Data Model สำหรับ Tableau
ทำงานสัปดาห์ละ 5 วัน
มีเวลาการทำงานที่ยืดหยุ่น
ประกันสังคม
[email protected]","เก็บรวบรวมและวิเคราะห์ข้อมูลที่ส่งผลกระทบต่อองค์กร จากหลายแหล่ง ทั้งภายในและภายนอก รวมถึง เหตุการณ์ที่เกิดขึ้นอันอาจจะกระทบความเป็นอยู่ของพนักงาน
ออกแบบและทำการทดสอบวิธีใช้งานข้อมูลและเทคนิคการวิเคราะห์ใหม่ๆ เพื่อนำเสนอมุมมองทางธุรกิจใหม่ๆให้แก่ผู้ที่เกี่ยวข้อง
จัดทำรายงานสรุปข้อมูลที่เข้าใจง่าย และสร้าง Dashboard ให้ผู้บริหารและส่วนงานที่ต้องการใช้งาน
นำเสนอผลการวิเคราะห์เพื่อประกอบการตัดสินใจเชิงกลยุทธ์
การสร้าง ดูแล และ อัปเดตฐานข้อมูล และการประมวลผลข้อมูล
งานอื่นๆที่เกี่ยวข้องเพื่อสนับสนุนการทำงานของทีมวิเคราะห์ข้อมูล
Tableau Dashboard Design
Tableau Dashboard Develop
ปริญญาตรีด้าน Mathematics, Data Science, Statistics, Computer Science, Business Analytics หรือสาขาอื่นที่เกี่ยวข้อง
มีประสบการณ์อย่างน้อย 3 ปีในด้าน Data Analytics
Data consolidation, Data exploration (SQL), Technical mapping
มีประสบการณ์ด้าน Data Visualization และสามารถนำเสนอข้อมูลได้อย่างมีประสิทธิภาพ ผ่านเครื่องมือที่เหมาะสม
มีทักษะการเขียนโปรแกรม เช่น SQL และเครื่องมือ BI เช่น Tableau
มีประสบการณ์และความเข้าใจใน Data Model สำหรับ Tableau
ทำงานสัปดาห์ละ 5 วัน
มีเวลาการทำงานที่ยืดหยุ่น
ประกันสังคม
[email protected]",sql|tableau|statistics,3,0,0,0,0,0,1,0,0,0,0,0,0,0,0,0,0,0,0,0,0,0,0,0,1,0,0,0,0,0,0,0,0,0,0,0,0,0,0,0,0,0,0,0,1,0,0,0
data analyst,,กรุงเทพมหานคร,2,Data Analyst,บริษัท ชับบ์สามัคคีประกันภัย จำกัด (มหาชน),กรุงเทพมหานคร เขตหลักสี่,ตามตกลง,15/02/2026 15:33,https://jobbkk.com/jobs/detail/11750/1344410,Data Analyst บริษัท ชับบ์สามัคคีประกันภัย จำกัด (มหาชน) 3 วันที่แล้ว กรุงเทพมหานคร เขตหลักสี่ ตามตกลง Data Analyst บริษัท ชับบ์สามัคคีประกันภัย จำกัด (มหาชน) กรุงเทพมหานคร เขตหลักสี่ ตามตกลง อ่านรายละเอียดงาน,"Develop, maintain, and enhance dashboards to track retention metrics, policy cancellation rates, and other key performance indicators.
Conduct in-depth data analysis to identify trends, root causes, and opportunities for improving policy retention.
Prepare regular and ad-hoc reports for management and Conservation teams, highlighting actionable insights and recommendations
Collaborate with IT, data, and business teams to ensure the accuracy, consistency, and integrity of data used for analysis and reporting
Support the design, implementation, and evaluation of retention strategies through quantitative analysis
Accurately calculate and validate incentive payments for Conservation staff in accordance with the incentive scheme
Document analytical methodologies and maintain up-to-date process documentation.
Bachelor’s degree in Business Analytics, Statistics, Data Science, or a related field
Advanced proficiency in data visualization tools (e.g., Tableau, Power BI) and Excel
Minimum 2 years of experience in operations analysis, business intelligence, or data analytics (insurance industry experience preferred
Experience with SQL or other data querying languages is an advantage
Strong analytical, problem-solving, and quantitative skills
สิทธิการเบิกค่าทันตกรรม
ทำงานสัปดาห์ละ 5 วัน
บริการรถรับส่งพนักงาน
ประกันชีวิต
ประกันสุขภาพ
ประกันสังคม
เงินโบนัสตามผลงาน
[email protected]","Develop, maintain, and enhance dashboards to track retention metrics, policy cancellation rates, and other key performance indicators.
Conduct in-depth data analysis to identify trends, root causes, and opportunities for improving policy retention.
Prepare regular and ad-hoc reports for management and Conservation teams, highlighting actionable insights and recommendations
Collaborate with IT, data, and business teams to ensure the accuracy, consistency, and integrity of data used for analysis and reporting
Support the design, implementation, and evaluation of retention strategies through quantitative analysis
Accurately calculate and validate incentive payments for Conservation staff in accordance with the incentive scheme
Document analytical methodologies and maintain up-to-date process documentation.
Bachelor’s degree in Business Analytics, Statistics, Data Science, or a related field
Advanced proficiency in data visualization tools (e.g., Tableau, Power BI) and Excel
Minimum 2 years of experience in operations analysis, business intelligence, or data analytics (insurance industry experience preferred
Experience with SQL or other data querying languages is an advantage
Strong analytical, problem-solving, and quantitative skills
สิทธิการเบิกค่าทันตกรรม
ทำงานสัปดาห์ละ 5 วัน
บริการรถรับส่งพนักงาน
ประกันชีวิต
ประกันสุขภาพ
ประกันสังคม
เงินโบนัสตามผลงาน
[email protected]",sql|excel|powerbi|tableau|statistics,5,0,0,0,0,0,1,0,0,0,0,0,0,0,0,0,0,0,0,0,0,0,1,1,1,0,0,0,0,0,0,0,0,0,0,0,0,0,0,0,0,0,0,0,1,0,0,0
data analyst,,กรุงเทพมหานคร,2,Data engineer or Data Analyst,บริษัท เทคซอฟต์ โฮลดิ้ง จำกัด,กรุงเทพมหานคร เขตห้วยขวาง,"30,000 - 40,000 บาท",16/02/2026 20:33,https://jobbkk.com/jobs/detail/185707/1341053,"Data engineer or Data Analyst บริษัท เทคซอฟต์ โฮลดิ้ง จำกัด 1 วันที่แล้ว กรุงเทพมหานคร เขตห้วยขวาง 30,000 - 40,000 บาท Data engineer or Data Analyst บริษัท เทคซอฟต์ โฮลดิ้ง จำกัด กรุงเทพมหานคร เขตห้วยขวาง 30,000 - 40,000 บาท อ่านรายละเอียดงาน","Analyze and interpret all complex data on all target systems and analyze and provide resolutions to all data issues
Create and maintain data mapping between source data and target data models/repositories
Design and create codes for all related data extraction, transformation and loading (ETL) into database under responsibilities
Collaborate with all developers and business users to gather required data and execute all ETL programs
Good knowledge of programming (PYTHON, JAVA, C#, JAVASCRIPT, SQL server, etc.)
1-3 years of experience in Developer and Data Engineer.
Good knowledge in SQL command and database management and concept (MS-SQL, Oracle, etc.)
ทำงานสัปดาห์ละ 5 วัน
มีเวลาการทำงานที่ยืดหยุ่น
เงินโบนัสตามผลงาน
ประกันสังคม
[email protected]","Analyze and interpret all complex data on all target systems and analyze and provide resolutions to all data issues
Create and maintain data mapping between source data and target data models/repositories
Design and create codes for all related data extraction, transformation and loading (ETL) into database under responsibilities
Collaborate with all developers and business users to gather required data and execute all ETL programs
Good knowledge of programming (PYTHON, JAVA, C#, JAVASCRIPT, SQL server, etc.)
1-3 years of experience in Developer and Data Engineer.
Good knowledge in SQL command and database management and concept (MS-SQL, Oracle, etc.)
ทำงานสัปดาห์ละ 5 วัน
มีเวลาการทำงานที่ยืดหยุ่น
เงินโบนัสตามผลงาน
ประกันสังคม
[email protected]",python|java|c++|sql|etl,5,1,0,1,0,1,1,0,0,0,0,0,0,0,0,0,0,0,0,0,0,0,0,0,0,0,0,0,0,0,0,0,0,0,1,0,0,0,0,0,0,0,0,0,0,0,0,0
data analyst,,กรุงเทพมหานคร,3,Data Analyst Officer,Mana Nature Innovation Thailand,กรุงเทพมหานคร เขตพระโขนง,"25,000 - 28,000 บาท",13/02/2026 05:51,https://jobbkk.com/jobs/detailurgent/200311/1352317,"Data Analyst Officer Mana Nature Innovation Thailand รับสมัครด่วน 5 วันที่แล้ว กรุงเทพมหานคร เขตพระโขนง 25,000 - 28,000 บาท Data Analyst Officer Mana Nature Innovation Thailand กรุงเทพมหานคร เขตพระโขนง 25,000 - 28,000 บาท MRT กลันตัน อ่านรายละเอียดงาน","วิเคราะห์ข้อมูล จัดทำ Data Visualization และ Report , looker Studio
ดูแลระบบที่ใช้เก็บข้อมูลต่างๆ เช่น ไฟล์งาน Python Microsoft Excel Microsoft SQL Oracle
ออกแบบและพัฒนาฐานข้อมูลเพื่อใช้ในการสร้าง Model และรายงาน MIS
จัดทำข้อมูลต่างๆ รายงานต่างๆ เพื่อช่วยสนับสนุนการทำงานในบริษัท
พัฒนากระบวนการจัดเก็บและบริหารข้อมูลทั้งองค์กร เพื่อนำข้อมูลไปใช้ในการวิเคราะห์ได้อย่างมีประสิทธิภาพ
ตรวจสอบความถูกต้องของข้อมูลในคลังข้อมูล จัดเตรียมข้อมูลในการวิเคราะห์ให้กับผู้ใช้งานและผู้บริหาร
ปฏิบัติงานอื่นๆ ตามที่ได้รับมอบหมาย","แชร์
เก็บงาน
พิมพ์งาน
ร้องเรียน
วิเคราะห์ข้อมูล จัดทำ Data Visualization และ Report , looker Studio
ดูแลระบบที่ใช้เก็บข้อมูลต่างๆ เช่น ไฟล์งาน Python Microsoft Excel Microsoft SQL Oracle
ออกแบบและพัฒนาฐานข้อมูลเพื่อใช้ในการสร้าง Model และรายงาน MIS
จัดทำข้อมูลต่างๆ รายงานต่างๆ เพื่อช่วยสนับสนุนการทำงานในบริษัท
พัฒนากระบวนการจัดเก็บและบริหารข้อมูลทั้งองค์กร เพื่อนำข้อมูลไปใช้ในการวิเคราะห์ได้อย่างมีประสิทธิภาพ
ตรวจสอบความถูกต้องของข้อมูลในคลังข้อมูล จัดเตรียมข้อมูลในการวิเคราะห์ให้กับผู้ใช้งานและผู้บริหาร
ปฏิบัติงานอื่นๆ ตามที่ได้รับมอบหมาย
ไม่จำกัดเพศ
อายุไม่เกิน 35 ปี
วุฒิการศึกษาระดับปริญญาตรีขึ้นไป
ประสบการณ์มากกว่า 1 ปีจะพิจารณาเป็นพิเศษ
มีทักษะในการวางแผน บริหารจัดการ วิเคราะห์ และแก้ปัญหาเฉพาะหน้าได้ดี
มีทักษะ Looker Studio , Power BI , Excel ระดับ Advance เขียน Code VBA หรือ Code Phyton
ทำงานสัปดาห์ละ 5 วัน
ประกันสุขภาพ
ค่าทำงานล่วงเวลา
ประกันสังคม
ไม่มี
ไม่มี
กลันตัน
ไม่มี
ไม่มี
แผนที่ภาพ
[email protected]
สมัครงานด่วน สมัครด้วยเรซูเม่รูปแบบเต็ม จากระบบสมาชิก JOBBKK
สร้างเรซูเม่แบบย่อ สมัครง่ายและรวดเร็ว ด้วยการกรอกข้อมูลแบบย่อ
แนบไฟล์สมัคร สมัครด้วยการแนบไฟล์เรซูเม่ หรือ ผลงานของท่าน
สมัครงานผ่านอีเมล คลิกที่นี่เพื่อดูวิธีการใช้งานสมัครด้วยอีเมล สมัครผ่านอีเมล (แนบไฟล์ผ่านอีเมลได้ไฟล์ละไม่เกิน 10 MB จำกัด 3 ไฟล์) หมายเหตุ : เฉพาะไฟล์ *.jpg, *.jpeg, *.png หรือ *.doc, *.docx, *.pdf",python|sql|excel|powerbi,4,1,0,0,0,0,1,0,0,0,0,0,0,0,0,0,0,0,0,0,0,0,1,1,0,0,0,0,0,0,0,0,0,0,0,0,0,0,0,0,0,0,0,0,0,0,0,0
data analyst,,ชลบุรี,4,Data Analyst (ชลบุรี),ไวร์เมช อินดัสทรี,ชลบุรี เมืองชลบุรี,"20,000 - 30,000 บาท",17/02/2026 08:33,https://jobbkk.com/jobs/detailurgent/180624/1353086,"Data Analyst (ชลบุรี) ไวร์เมช อินดัสทรี รับสมัครด่วน 1 วันที่แล้ว ชลบุรี เมืองชลบุรี 20,000 - 30,000 บาท Data Analyst (ชลบุรี) ไวร์เมช อินดัสทรี ชลบุรี เมืองชลบุรี 20,000 - 30,000 บาท อ่านรายละเอียดงาน","รวบรวม ตรวจสอบ และบริหารจัดการฐานข้อมูลขององค์กรให้เป็นระบบ ถูกต้อง และเป็นปัจจุบัน (Data Cleaning & Management)
นำข้อมูลมาวิเคราะห์เชิงลึกเพื่อค้นหาปัญหา จุดบอด (Pain Points) หรือโอกาสในการพัฒนาธุรกิจ
จัดทำรายงานสรุปผลการวิเคราะห์ (Data Visualization/Dashboard) เพื่อนำเสนอต่อผู้บริหาร สำหรับใช้ประกอบการตัดสินใจเชิงกลยุทธ์
ประสานงานกับทีมต่างๆ เพื่อให้ได้ข้อมูลที่ครบถ้วนและนำไปใช้ประโยชน์ได้จริง","แชร์
เก็บงาน
พิมพ์งาน
ร้องเรียน
รวบรวม ตรวจสอบ และบริหารจัดการฐานข้อมูลขององค์กรให้เป็นระบบ ถูกต้อง และเป็นปัจจุบัน (Data Cleaning & Management)
นำข้อมูลมาวิเคราะห์เชิงลึกเพื่อค้นหาปัญหา จุดบอด (Pain Points) หรือโอกาสในการพัฒนาธุรกิจ
จัดทำรายงานสรุปผลการวิเคราะห์ (Data Visualization/Dashboard) เพื่อนำเสนอต่อผู้บริหาร สำหรับใช้ประกอบการตัดสินใจเชิงกลยุทธ์
ประสานงานกับทีมต่างๆ เพื่อให้ได้ข้อมูลที่ครบถ้วนและนำไปใช้ประโยชน์ได้จริง
วุฒิปริญญาตรี สาขา สถิติ, คณิตศาสตร์, วิทยาการคอมพิวเตอร์, บริหารธุรกิจ, เศรษฐศาสตร์ หรือสาขาที่เกี่ยวข้อง
ไม่จำเป็นต้องมีประสบการณ์ (ยินดีรับนักศึกษาจบใหม่)
มีทักษะการใช้ Microsoft Excel ในระดับดี (เช่น VLOOKUP, Pivot Table)
มีความเข้าใจพื้นฐานเกี่ยวกับเครื่องมือวิเคราะห์ข้อมูลอื่นๆ (เช่น SQL, Power BI, Tableau) จะได้รับการพิจารณาเป็นพิเศษ
มีทักษะการคิดวิเคราะห์ที่เป็นระบบ (Logical Thinking) และชอบการแก้ปัญหา
สามารถทำงาน 6 วัน/สัปดาห์ (หยุดวันเสาร์ เดือนละ 1 วัน)
เงินโบนัสตามผลงาน
ประกันสังคม
ค่าใช้จ่ายสำหรับที่อยู่อาศัย
ค่าตอบแทนพิเศษ
ไม่มี
ไม่มี
ไม่มี
ไม่มี
ไม่มี
แผนที่ออนไลน์
[email protected]
สมัครงานด่วน สมัครด้วยเรซูเม่รูปแบบเต็ม จากระบบสมาชิก JOBBKK
สร้างเรซูเม่แบบย่อ สมัครง่ายและรวดเร็ว ด้วยการกรอกข้อมูลแบบย่อ
แนบไฟล์สมัคร สมัครด้วยการแนบไฟล์เรซูเม่ หรือ ผลงานของท่าน
สมัครงานผ่านอีเมล คลิกที่นี่เพื่อดูวิธีการใช้งานสมัครด้วยอีเมล สมัครผ่านอีเมล (แนบไฟล์ผ่านอีเมลได้ไฟล์ละไม่เกิน 10 MB จำกัด 3 ไฟล์) หมายเหตุ : เฉพาะไฟล์ *.jpg, *.jpeg, *.png หรือ *.doc, *.docx, *.pdf",sql|excel|powerbi|tableau,4,0,0,0,0,0,1,0,0,0,0,0,0,0,0,0,0,0,0,0,0,0,1,1,1,0,0,0,0,0,0,0,0,0,0,0,0,0,0,0,0,0,0,0,0,0,0,0
data analyst,,นนทบุรี,4,Business Data Analyst,บริษัท ปราชญา สุขภาศรม จำกัด,นนทบุรี บางใหญ่,"18,000 - 25,000 บาท",14/02/2026 07:51,https://jobbkk.com/jobs/detailurgent/229746/1357101,"Business Data Analyst บริษัท ปราชญา สุขภาศรม จำกัด รับสมัครด่วน 4 วันที่แล้ว นนทบุรี บางใหญ่ 18,000 - 25,000 บาท Business Data Analyst บริษัท ปราชญา สุขภาศรม จำกัด นนทบุรี บางใหญ่ 18,000 - 25,000 บาท อ่านรายละเอียดงาน","วิเคราะห์ข้อมูลเชิงธุรกิจ (Business Analytics)
วิเคราะห์ข้อมูลการตลาด (Marketing Analytics)
วิเคราะห์ข้อมูลทรัพยากรบุคคล (HR Analytics)
วิเคราะห์ข้อมูลการดำเนินงาน (Operations Analytics)
พัฒนาระบบข้อมูลวางโครงสร้างฐานข้อมูลร่วมกับ IT / System Analyst","แชร์
เก็บงาน
พิมพ์งาน
ร้องเรียน
วิเคราะห์ข้อมูลเชิงธุรกิจ (Business Analytics)
วิเคราะห์ข้อมูลการตลาด (Marketing Analytics)
วิเคราะห์ข้อมูลทรัพยากรบุคคล (HR Analytics)
วิเคราะห์ข้อมูลการดำเนินงาน (Operations Analytics)
พัฒนาระบบข้อมูลวางโครงสร้างฐานข้อมูลร่วมกับ IT / System Analyst
ปริญญาตรีขึ้นไป สาขาสถิติ, คอมพิวเตอร์, วิศวกรรม, Data Science, บริหารธุรกิจ หรือสาขาที่เกี่ยวข้อง
ใช้ Excel ขั้นสูง (Pivot / Power Query / สูตรซับซ้อน)
ใช้เครื่องมือ BI เช่น Power BI / Looker / Tableau
เข้าใจ SQL หรือฐานข้อมูลพื้นฐาน
วิเคราะห์เชิงสถิติได้
มีประสบการณ์ Data Analyst อย่างน้อย 2–5 ปี
หากมีประสบการณ์ด้าน Marketing Analytics หรือ HR Analytics จะพิจารณาเป็นพิเศษ
ประกันสังคม
ไม่มี
ไม่มี
ไม่มี
ไม่มี
ไม่มี
แผนที่ออนไลน์
[email protected]
สมัครงานด่วน สมัครด้วยเรซูเม่รูปแบบเต็ม จากระบบสมาชิก JOBBKK
สร้างเรซูเม่แบบย่อ สมัครง่ายและรวดเร็ว ด้วยการกรอกข้อมูลแบบย่อ
แนบไฟล์สมัคร สมัครด้วยการแนบไฟล์เรซูเม่ หรือ ผลงานของท่าน
สมัครงานผ่านอีเมล คลิกที่นี่เพื่อดูวิธีการใช้งานสมัครด้วยอีเมล สมัครผ่านอีเมล (แนบไฟล์ผ่านอีเมลได้ไฟล์ละไม่เกิน 10 MB จำกัด 3 ไฟล์) หมายเหตุ : เฉพาะไฟล์ *.jpg, *.jpeg, *.png หรือ *.doc, *.docx, *.pdf",sql|excel|powerbi|tableau,4,0,0,0,0,0,1,0,0,0,0,0,0,0,0,0,0,0,0,0,0,0,1,1,1,0,0,0,0,0,0,0,0,0,0,0,0,0,0,0,0,0,0,0,0,0,0,0
data analyst,,กรุงเทพมหานคร,4,Business Data Analyst,กลุ่มบริษัท ซีดีจี,กรุงเทพมหานคร เขตยานนาวา,ตามตกลง,07/02/2026 21:03,https://jobbkk.com/jobs/detailurgent/157216/1349554,Business Data Analyst กลุ่มบริษัท ซีดีจี รับสมัครด่วน 10 วันที่แล้ว กรุงเทพมหานคร เขตยานนาวา ตามตกลง Business Data Analyst กลุ่มบริษัท ซีดีจี กรุงเทพมหานคร เขตยานนาวา ตามตกลง BTS ช่องนนทรี MRT คลองเตย อ่านรายละเอียดงาน,"วางแผน ควบคุม และติดตามความก้าวหน้าของโครงการ เพื่อให้การส่งมอบงานเป็นไปตามแผน คุณภาพ และระยะเวลาที่กำหนด
วิเคราะห์ ออกแบบ และให้คำปรึกษาด้านระบบงานบนพื้นฐานความเข้าใจธุรกิจของลูกค้า เพื่อยกระดับขีดความสามารถขององค์กร
ตรวจสอบ ทดสอบ และประเมินคุณภาพระบบงานให้สอดคล้องกับความต้องการของลูกค้าและมาตรฐานองค์กร
สนับสนุนการจัดตั้งโครงการใหม่ รวมถึงให้คำแนะนำด้านแนวทางการพัฒนาระบบและปรับปรุงกระบวนการ
พัฒนาความรู้ ความเชี่ยวชาญทางธุรกิจและเทคโนโลยี เพื่อยกระดับประสิทธิภาพงานวิเคราะห์ ออกแบบ และการให้คำปรึกษาแก่ทีมงานและลูกค้า","แชร์
เก็บงาน
พิมพ์งาน
ร้องเรียน
วางแผน ควบคุม และติดตามความก้าวหน้าของโครงการ เพื่อให้การส่งมอบงานเป็นไปตามแผน คุณภาพ และระยะเวลาที่กำหนด
วิเคราะห์ ออกแบบ และให้คำปรึกษาด้านระบบงานบนพื้นฐานความเข้าใจธุรกิจของลูกค้า เพื่อยกระดับขีดความสามารถขององค์กร
ตรวจสอบ ทดสอบ และประเมินคุณภาพระบบงานให้สอดคล้องกับความต้องการของลูกค้าและมาตรฐานองค์กร
สนับสนุนการจัดตั้งโครงการใหม่ รวมถึงให้คำแนะนำด้านแนวทางการพัฒนาระบบและปรับปรุงกระบวนการ
พัฒนาความรู้ ความเชี่ยวชาญทางธุรกิจและเทคโนโลยี เพื่อยกระดับประสิทธิภาพงานวิเคราะห์ ออกแบบ และการให้คำปรึกษาแก่ทีมงานและลูกค้า
วุฒิการศึกษาระดับปริญญาตรีหรือสูงกว่า สาขาคอมพิวเตอร์ เทคโนโลยีสารสนเทศ สถิติ คณิตศาสตร์ หรือสาขาที่เกี่ยวข้อง
มีความรู้ ประสบการณ์ ในการประยุกต์ใช้ความรู้ด้านคณิตศาสตร์และสถิติ
มีความรู้ความเข้าใจเทคนิคในการทำ Machine Learning เช่น k-NN, Naive Bayes, SVM, Forests Forces หรืออื่นๆ
มีประสบการณ์ในการพัฒนาโปรแกรมด้วยภาษา Python, R และภาษาฐานข้อมูล เช่น SQL, PL/SQL
มีประสบการณ์ในการใช้งาน Databases เช่น DB2 , Oracle, SQL Server, MariaDB, MongoDB, Cassandra, HBase หรืออื่นๆ
มีประสบการณ์ในการใช้งาน Big Data tools เช่น Hadoop, Spark, Python, Elasticsearch, OpenSearch หรืออื่น ๆ ที่เกี่ยวข้อง
มีประสบการณ์ในการออกแบบฐานข้อมูล (Database) คลังข้อมูล (Data Warehouse) หรือการออกแบบดาต้ามาร์ท (Data Mart)
มีประสบการณ์ในการใช้เครื่องมือสร้าง Data Visualization เช่น OBIEE, Tableau , Power BI หรืออื่นๆ
มีประสบการณ์ในการพัฒนาแบบจำลอง (Model) และงานที่เกี่ยวข้องกับ Machine Learning, Data Analytic, Data Warehouse, Data Visualization จะได้รับการพิจารณาเป็นพิเศษ
มีประสบการณ์ในการทำงานโครงการ 2 ปีขึ้นไป
เป็นผู้ที่มองโลกในแง่ดี (Positive attitude) รักงานการแก้ไขปัญหา (Problem solver) ใฝ่รู้และพัฒนาตนเองอย่างสม่ำเสมอ (Continuous improvement) และสามารถทำงานเป็นทีมได้
สิทธิการเบิกค่าทันตกรรม
ทำงานสัปดาห์ละ 5 วัน
มีเวลาการทำงานที่ยืดหยุ่น
บริการรถรับส่งพนักงาน
ค่าตอบแทนพิเศษ
ประกันชีวิต
ประกันสุขภาพ
ค่าทำงานล่วงเวลา
เงินโบนัสตามผลงาน
ค่าใช้จ่ายในการเดินทาง
ประกันสังคม
205 REG , 205AC , 3-39EV(14) ,3-50 AC(195) , 205AV
ช่องนนทรี
คลองเตย
ไม่มี
ไม่มี
แผนที่ภาพ
[email protected]
สมัครงานด่วน สมัครด้วยเรซูเม่รูปแบบเต็ม จากระบบสมาชิก JOBBKK
สร้างเรซูเม่แบบย่อ สมัครง่ายและรวดเร็ว ด้วยการกรอกข้อมูลแบบย่อ
แนบไฟล์สมัคร สมัครด้วยการแนบไฟล์เรซูเม่ หรือ ผลงานของท่าน
สมัครงานผ่านอีเมล คลิกที่นี่เพื่อดูวิธีการใช้งานสมัครด้วยอีเมล สมัครผ่านอีเมล (แนบไฟล์ผ่านอีเมลได้ไฟล์ละไม่เกิน 10 MB จำกัด 3 ไฟล์) หมายเหตุ : เฉพาะไฟล์ *.jpg, *.jpeg, *.png หรือ *.doc, *.docx, *.pdf",python|r|sql|mongodb|machine_learning|powerbi|tableau|spark|hadoop,9,1,1,0,0,0,1,1,0,0,0,0,0,1,0,0,0,0,0,0,0,0,0,1,1,0,0,0,1,1,0,0,0,0,0,0,0,0,0,0,0,0,0,0,0,0,0,0
data analyst,,นครปฐม,4,เจ้าหน้าที่เครือข่ายบริหารคุณภาพสินทรัพย์ (Data Analyst/MIS) พื้นที่ นครปฐม,บริษัท ธนาคารกสิกรไทย จำกัด (มหาชน),นครปฐม เมืองนครปฐม,ตามตกลง,17/02/2026 05:51,https://jobbkk.com/jobs/detailurgent/25145/1350335,เจ้าหน้าที่เครือข่ายบริหารคุณภาพสินทรัพย์ (Data Analyst/MIS) พื้นที่ นครปฐม บริษัท ธนาคารกสิกรไทย จำกัด (มหาชน) รับสมัครด่วน 1 วันที่แล้ว นครปฐม เมืองนครปฐม ตามตกลง เจ้าหน้าที่เครือข่ายบริหารคุณภาพสินทรัพย์ (Data Analyst/MIS) พื้นที่ นครปฐม บริษัท ธนาคารกสิกรไทย จำกัด (มหาชน) นครปฐม เมืองนครปฐม ตามตกลง อ่านรายละเอียดงาน,"จบการศึกษาระดับปริญญาตรี ในสาขาวิชาที่เกี่ยวข้อง
มีประสบการณ์การทำงาน 1-3 ปีขึ้นไป
มีความรู้ความสามารถในการใช้โปรแกรม Excel เช่น การใช้งาน Pivot Table VLookup การใช้ใช้คำสั่งสูตรต่างๆ ภายในเงื่อนไข
มีความสามารถในการใช้งาน Power Bi , Qlik Sense
การวิเคราะห์ข้อมูลจาก Data เพื่อนำมาประเมินผล
สามารถนำเสนอข้อมูลให้กับทีมงานได้
มีมนุษญ์สัมพันธ์ดี สามารถติดต่อประสานงานกับทุกๆ ฝ่ายได้เป็นอย่างดี
มีทักษะความสามารถในการรวบรวม วิเคราะห์ แก้ไขปัญหาเฉพาะหน้าได้ดี
ความรู้ด้าน IT และทำงานด้าน Admin จะพิจารณาเป็นพิเศษ","แชร์
เก็บงาน
พิมพ์งาน
ร้องเรียน
จบการศึกษาระดับปริญญาตรี ในสาขาวิชาที่เกี่ยวข้อง
มีประสบการณ์การทำงาน 1-3 ปีขึ้นไป
มีความรู้ความสามารถในการใช้โปรแกรม Excel เช่น การใช้งาน Pivot Table VLookup การใช้ใช้คำสั่งสูตรต่างๆ ภายในเงื่อนไข
มีความสามารถในการใช้งาน Power Bi , Qlik Sense
การวิเคราะห์ข้อมูลจาก Data เพื่อนำมาประเมินผล
สามารถนำเสนอข้อมูลให้กับทีมงานได้
มีมนุษญ์สัมพันธ์ดี สามารถติดต่อประสานงานกับทุกๆ ฝ่ายได้เป็นอย่างดี
มีทักษะความสามารถในการรวบรวม วิเคราะห์ แก้ไขปัญหาเฉพาะหน้าได้ดี
ความรู้ด้าน IT และทำงานด้าน Admin จะพิจารณาเป็นพิเศษ
สร้าง อัพเดต และจัดทำรายงาน Dashboard เพื่อให้ฝ่ายบริหารสามารถใช้ข้อมูลเพื่อการตัดสินใจทางธุรกิจได้สะดวกและรวดเร็ว
จัดทำรายงานต่างๆ ที่เกี่ยวข้องกับการติดตามหนี้อย่างถูกต้องและตรงเวลา เพื่อให้ข้อมูลที่ได้สามารถนำไปใช้ในการตัดสินใจเชิงกลยุทธ์ของผู้บริหารได้อย่างแม่นยำและทันท่วงที
จัดทำรายงานเพื่อประเมินผลงานของเจ้าหน้าที่บริหารคุณภาพสินทรัพย์ได้อย่างถูกต้องและตรงเวลา ตามข้อกำหนดที่กำหนดไว้
จัดทำรายงาน KPI ที่เกี่ยวข้องกับข้อมูลทางการเงินและประสิทธิภาพส่วนบุคคล (Individual Performance) ของของเจ้าหน้าที่บริหารคุณภาพสินทรัพย์ เพื่อนำไปใช้ในการประเมินผลการปฏิบัติงาน
จัดทำและส่งรายงาน เพื่อส่งต่อให้หน่วยงานอื่นๆ ตามที่ได้รับมอบหมาย
หมายเหตุ: ตำแหน่งงานนี้จำเป็นต้องตรวจสอบประวัติอาชญากรรมของบุคคลก่อนพิจารณารับเข้าทำงาน เพื่อความปลอดภัยและรักษามาตรฐานขององค์กร
ทำงานสัปดาห์ละ 5 วัน
มีเวลาการทำงานที่ยืดหยุ่น
เงินโบนัสตามผลงาน
ตามข้อตกลงของบริษัท
ไม่มี
ไม่มี
ไม่มี
ไม่มี
ไม่มี
แผนที่ออนไลน์
[email protected]
สมัครงานด่วน สมัครด้วยเรซูเม่รูปแบบเต็ม จากระบบสมาชิก JOBBKK
สร้างเรซูเม่แบบย่อ สมัครง่ายและรวดเร็ว ด้วยการกรอกข้อมูลแบบย่อ
แนบไฟล์สมัคร สมัครด้วยการแนบไฟล์เรซูเม่ หรือ ผลงานของท่าน
สมัครงานผ่านอีเมล คลิกที่นี่เพื่อดูวิธีการใช้งานสมัครด้วยอีเมล สมัครผ่านอีเมล (แนบไฟล์ผ่านอีเมลได้ไฟล์ละไม่เกิน 10 MB จำกัด 3 ไฟล์) หมายเหตุ : เฉพาะไฟล์ *.jpg, *.jpeg, *.png หรือ *.doc, *.docx, *.pdf",excel|powerbi,2,0,0,0,0,0,0,0,0,0,0,0,0,0,0,0,0,0,0,0,0,0,1,1,0,0,0,0,0,0,0,0,0,0,0,0,0,0,0,0,0,0,0,0,0,0,0,0
data analyst,,กรุงเทพมหานคร,5,นักวิเคราะห์ข้อมูล (Data Analyst / 数据分析师),ไบดิ อินเตอร์เนชั่นแนล (พัทยา) เรียล เอสเตท แอสเซค แมเนจเม้นท์ จำกัด,กรุงเทพมหานคร เขตห้วยขวาง,ตามตกลง,14/02/2026 09:39,https://jobbkk.com/jobs/detailurgent/215198/1248306,นักวิเคราะห์ข้อมูล (Data Analyst / 数据分析师) ไบดิ อินเตอร์เนชั่นแนล (พัทยา) เรียล เอสเตท แอสเซค แมเนจเม้นท์ จำกัด รับสมัครด่วน 4 วันที่แล้ว กรุงเทพมหานคร เขตห้วยขวาง ตามตกลง นักวิเคราะห์ข้อมูล (Data Analyst / 数据分析师) ไบดิ อินเตอร์เนชั่นแนล (พัทยา) เรียล เอสเตท แอสเซค แมเนจเม้นท์ จำกัด กรุงเทพมหานคร เขตห้วยขวาง ตามตกลง อ่านรายละเอียดงาน,"ดูแลและวิเคราะห์ข้อมูลจากระบบงานของบริษัท
ดึงข้อมูลจากหลายระบบ เขียน SQL เพื่อใช้วิเคราะห์ข้อมูล
สร้างและดูแลตัวชี้วัดทางธุรกิจให้ใช้มาตรฐานเดียวกัน
จัดทำรายงานข้อมูลประจำวัน สัปดาห์ และเดือน เพื่อช่วยผู้บริหารตัดสินใจ
ทำรายงานและแดชบอร์ดแสดงผลข้อมูล
ช่วยเหลือแต่ละแผนกในเรื่องข้อมูลและการวิเคราะห์ตามที่ร้องขอ
ทำงานร่วมกับทีม IT ในโครงการเกี่ยวกับระบบข้อมูล","แชร์
เก็บงาน
พิมพ์งาน
ร้องเรียน
ดูแลและวิเคราะห์ข้อมูลจากระบบงานของบริษัท
ดึงข้อมูลจากหลายระบบ เขียน SQL เพื่อใช้วิเคราะห์ข้อมูล
สร้างและดูแลตัวชี้วัดทางธุรกิจให้ใช้มาตรฐานเดียวกัน
จัดทำรายงานข้อมูลประจำวัน สัปดาห์ และเดือน เพื่อช่วยผู้บริหารตัดสินใจ
ทำรายงานและแดชบอร์ดแสดงผลข้อมูล
ช่วยเหลือแต่ละแผนกในเรื่องข้อมูลและการวิเคราะห์ตามที่ร้องขอ
ทำงานร่วมกับทีม IT ในโครงการเกี่ยวกับระบบข้อมูล
วุฒิปริญญาตรีขึ้นไป สาขาคอมพิวเตอร์ ระบบสารสนเทศ สถิติ คณิตศาสตร์ หรือสาขาที่เกี่ยวข้องจะพิจารณาเป็นพิเศษ
มีประสบการณ์ทำงานด้านการวิเคราะห์ข้อมูลอย่างน้อย 2–3 ปี (หากเป็นนักศึกษาจบใหม่ที่มีศักยภาพสูง สามารถพิจารณาเป็นกรณีพิเศษ)
เชี่ยวชาญการใช้ SQL สามารถเขียนคำสั่งเพื่อดึงและวิเคราะห์ข้อมูลได้อย่างอิสระ
ใช้งาน Excel ได้ดี เข้าใจฟังก์ชันการวิเคราะห์พื้นฐาน และ Pivot Table
มีประสบการณ์ใช้เครื่องมือ BI เช่น Power BI, Tableau, FineBI เป็นต้น
มีประสบการณ์ด้าน Data Warehouse หรือการออกแบบระบบตัวชี้วัด (Indicator / KPI System)
หากสื่อสารภาษาจีนได้จะพิจารณาเป็นพิเศษ
ค่าใช้จ่ายสำหรับที่อยู่อาศัย
ค่าทำงานล่วงเวลา
เงินโบนัสตามผลงาน
ค่าใช้จ่ายในการเดินทาง
ประกันสังคม
ตามข้อตกลงของบริษัท
ไม่มี
ไม่มี
ไม่มี
ไม่มี
ไม่มี
[email protected]
สมัครงานด่วน สมัครด้วยเรซูเม่รูปแบบเต็ม จากระบบสมาชิก JOBBKK
สร้างเรซูเม่แบบย่อ สมัครง่ายและรวดเร็ว ด้วยการกรอกข้อมูลแบบย่อ
แนบไฟล์สมัคร สมัครด้วยการแนบไฟล์เรซูเม่ หรือ ผลงานของท่าน
สมัครงานผ่านอีเมล คลิกที่นี่เพื่อดูวิธีการใช้งานสมัครด้วยอีเมล สมัครผ่านอีเมล (แนบไฟล์ผ่านอีเมลได้ไฟล์ละไม่เกิน 10 MB จำกัด 3 ไฟล์) หมายเหตุ : เฉพาะไฟล์ *.jpg, *.jpeg, *.png หรือ *.doc, *.docx, *.pdf",sql|excel|powerbi|tableau,4,0,0,0,0,0,1,0,0,0,0,0,0,0,0,0,0,0,0,0,0,0,1,1,1,0,0,0,0,0,0,0,0,0,0,0,0,0,0,0,0,0,0,0,0,0,0,0
data analyst,,กรุงเทพมหานคร,5,เจ้าหน้าที่ IT (Data Analyst),บริษัท พรอมิส (ประเทศไทย) จำกัด,กรุงเทพมหานคร เขตวัฒนา,ตามตกลง,18/02/2026 11:15,https://jobbkk.com/jobs/detailurgent/48318/1352995,เจ้าหน้าที่ IT (Data Analyst) บริษัท พรอมิส (ประเทศไทย) จำกัด รับสมัครด่วน 4 ชั่วโมงที่แล้ว กรุงเทพมหานคร เขตวัฒนา ตามตกลง เจ้าหน้าที่ IT (Data Analyst) บริษัท พรอมิส (ประเทศไทย) จำกัด กรุงเทพมหานคร เขตวัฒนา ตามตกลง นักศึกษาจบใหม่ / ผู้ไม่มีประสบการณ์ BTS อโศก MRT สุขุมวิท อ่านรายละเอียดงาน,"ใช้แปรแกรม SQL และ Python ดึงข้อมูลตามความต้องการของผู้ใช้งาน
วิเคราะห์ข้อมูลและจัดทำสรุปรายงาน
ดูแลและตรวจสอบระบบการสร้างรายงาน
จัดทำรายงานและประสานงานกับหน่วยงาน NCB
งานอื่นๆตามที่ได้รับมอบหมาย","แชร์
เก็บงาน
พิมพ์งาน
ร้องเรียน
ใช้แปรแกรม SQL และ Python ดึงข้อมูลตามความต้องการของผู้ใช้งาน
วิเคราะห์ข้อมูลและจัดทำสรุปรายงาน
ดูแลและตรวจสอบระบบการสร้างรายงาน
จัดทำรายงานและประสานงานกับหน่วยงาน NCB
งานอื่นๆตามที่ได้รับมอบหมาย
เพศชาย / หญิง อายุ 22 - 30 ปี
สำเร็จการศึกษาปริญญาตรี สาขา วิศวกรรมศาสตร์,เทคโนโลยีสารสนเทศ,บริหารธุรกิจ หรือสาขาอื่นที่เกี่ยวข้อง
มีประสบการณ์ใช้โปรแกรม Python
มีความเข้าใจพื้นฐานเกี่ยวกับระบบคอมพิวเตอร์,Macro,Google Sheet และ MSSQL
ถ้ามีความรู้พื้นฐานเกี่ยวกับ NCB จะพิจารณาเป็นพิเศษ
หากเป็นเพศชายต้องผ่านการเกณฑ์ทหารหรือได้รับการยกเว้น (แนบใบ ส.ด.8 หรือ ส.ด.43)
เงินเดือนพิจารณาตามโครงสร้างบริษัทและค่าประสบการณ์
ยินดีรับนักศึกษาจบใหม่
สิทธิการเบิกค่าทันตกรรม
ทำงานสัปดาห์ละ 5 วัน
ค่าตอบแทนพิเศษ
ประกันชีวิต
ประกันสุขภาพ
ค่าทำงานล่วงเวลา
ค่าใช้จ่ายในการเดินทาง
ประกันสังคม
ตามข้อตกลงของบริษัท
136
อโศก
สุขุมวิท
ไม่มี
ไม่มี
แผนที่ภาพ
แผนที่ออนไลน์
[email protected]
สมัครงานด่วน สมัครด้วยเรซูเม่รูปแบบเต็ม จากระบบสมาชิก JOBBKK
สร้างเรซูเม่แบบย่อ สมัครง่ายและรวดเร็ว ด้วยการกรอกข้อมูลแบบย่อ
แนบไฟล์สมัคร สมัครด้วยการแนบไฟล์เรซูเม่ หรือ ผลงานของท่าน
สมัครงานผ่านอีเมล คลิกที่นี่เพื่อดูวิธีการใช้งานสมัครด้วยอีเมล สมัครผ่านอีเมล (แนบไฟล์ผ่านอีเมลได้ไฟล์ละไม่เกิน 10 MB จำกัด 3 ไฟล์) หมายเหตุ : เฉพาะไฟล์ *.jpg, *.jpeg, *.png หรือ *.doc, *.docx, *.pdf",python|sql,2,1,0,0,0,0,1,0,0,0,0,0,0,0,0,0,0,0,0,0,0,0,0,0,0,0,0,0,0,0,0,0,0,0,0,0,0,0,0,0,0,0,0,0,0,0,0,0
data analyst,,กรุงเทพมหานคร,6,Sales Data Analyst Officer,บริษัท ยูนิทีวีเวล จำกัด ( สำนักงานใหญ่ ),กรุงเทพมหานคร เขตลาดพร้าว,"20,000 - 35,000 บาท",16/02/2026 07:03,https://jobbkk.com/jobs/detail/25372/1170166,"Sales Data Analyst Officer บริษัท ยูนิทีวีเวล จำกัด ( สำนักงานใหญ่ ) 2 วันที่แล้ว กรุงเทพมหานคร เขตลาดพร้าว 20,000 - 35,000 บาท Sales Data Analyst Officer บริษัท ยูนิทีวีเวล จำกัด ( สำนักงานใหญ่ ) กรุงเทพมหานคร เขตลาดพร้าว 20,000 - 35,000 บาท BTS รัชโยธิน,เสนานิคม MRT ลาดพร้าว,พหลโยธิน อ่านรายละเอียดงาน","ประกันสังคม
ประกันชีวิต
เงินโบนัสตามผลงาน
[email protected]","ประกันสังคม
ประกันชีวิต
เงินโบนัสตามผลงาน
[email protected]",,0,0,0,0,0,0,0,0,0,0,0,0,0,0,0,0,0,0,0,0,0,0,0,0,0,0,0,0,0,0,0,0,0,0,0,0,0,0,0,0,0,0,0,0,0,0,0,0
data analyst,,กรุงเทพมหานคร,6,เจ้าหน้าที่ชำนาญการปฏิบัติการเอเย่นต์/อาวุโส (Data Analyst),บริษัท ไทยเบฟเวอเรจ จำกัด (มหาชน),กรุงเทพมหานคร เขตคลองเตย,ตามตกลง,18/02/2026 07:33,https://jobbkk.com/jobs/detail/20229/1210874,เจ้าหน้าที่ชำนาญการปฏิบัติการเอเย่นต์/อาวุโส (Data Analyst) บริษัท ไทยเบฟเวอเรจ จำกัด (มหาชน) 8 ชั่วโมงที่แล้ว กรุงเทพมหานคร เขตคลองเตย ตามตกลง เจ้าหน้าที่ชำนาญการปฏิบัติการเอเย่นต์/อาวุโส (Data Analyst) บริษัท ไทยเบฟเวอเรจ จำกัด (มหาชน) กรุงเทพมหานคร เขตคลองเตย ตามตกลง นักศึกษาจบใหม่ / ผู้ไม่มีประสบการณ์ BTS หมอชิต MRT สวนจตุจักร อ่านรายละเอียดงาน,"ประกันสังคม
ประกันชีวิต
บริการรถรับส่งพนักงาน
เงินโบนัสตามผลงาน
ทุนการศึกษา
[email protected]","ประกันสังคม
ประกันชีวิต
บริการรถรับส่งพนักงาน
เงินโบนัสตามผลงาน
ทุนการศึกษา
[email protected]",,0,0,0,0,0,0,0,0,0,0,0,0,0,0,0,0,0,0,0,0,0,0,0,0,0,0,0,0,0,0,0,0,0,0,0,0,0,0,0,0,0,0,0,0,0,0,0,0
data analyst,,กรุงเทพมหานคร,6,Inventory Data Analyst (นักวิเคราะห์ข้อมูลสินค้าคงคลัง),Work Station (บริษัท วินเนอร์ วัน จำกัด),กรุงเทพมหานคร ทุกเขต,"25,000 - 28,000 บาท",15/02/2026 02:45,https://jobbkk.com/jobs/detailurgent/185378/1350867,"Inventory Data Analyst (นักวิเคราะห์ข้อมูลสินค้าคงคลัง) Work Station (บริษัท วินเนอร์ วัน จำกัด) รับสมัครด่วน 3 วันที่แล้ว กรุงเทพมหานคร ทุกเขต 25,000 - 28,000 บาท Inventory Data Analyst (นักวิเคราะห์ข้อมูลสินค้าคงคลัง) Work Station (บริษัท วินเนอร์ วัน จำกัด) กรุงเทพมหานคร ทุกเขต 25,000 - 28,000 บาท อ่านรายละเอียดงาน","วิเคราะห์ข้อมูลการขายสินค้าในแต่ละ SKU และ Category เพื่อประเมินแนวโน้มและสถิติการขาย รวมถึงกำหนดจุด Trigger สำหรับการสั่งซื้อสินค้า เพื่อป้องกันปัญหาสินค้าขาดแคลน
จัดทำการคาดการณ์ความต้องการสินค้า (Demand Forecast) และวางแผน PSI (Purchase, Sales, Inventory) โดยประสานงานและนำเสนอข้อมูลเพื่อประกอบการตัดสินใจร่วมกับ Senior และ Manager
ติดตามและควบคุมระดับสินค้าคงคลังในแต่ละ SKU ให้เหมาะสมกับยอดขาย ลดความเสี่ยงของสินค้า Stock Out และ Overstock ให้สอดคล้องกับแผน Forecast
ปรับปรุงและอัปเดตข้อมูล PSI ในไฟล์ Master PSI Inventory ให้มีความถูกต้อง ครบถ้วน และเป็นปัจจุบันอยู่เสมอ
จัดทำและติดตามรายงานยอดขาย (Sales Update) สำหรับสินค้าใหม่ รวมถึงสินค้าที่อยู่ในกลุ่ม Aging ที่มีปริมาณคงค้างสูง เพื่อสนับสนุนการผลักดันระบายสินค้า
ดึงและวิเคราะห์ข้อมูล Inventory Value และ Aging ของสินค้าในคลัง เพื่อเปรียบเทียบการเปลี่ยนแปลงของมูลค่าสินค้าคงคลัง พร้อมวิเคราะห์สาเหตุของการเพิ่มขึ้นหรือลดลง
วิเคราะห์และเสนอแนวทางบริหารจัดการสินค้ากลุ่ม Aging เพื่อเพิ่มประสิทธิภาพในการระบายสินค้าและลดความเสี่ยงด้านสินค้าคงคลัง","แชร์
เก็บงาน
พิมพ์งาน
ร้องเรียน
วิเคราะห์ข้อมูลการขายสินค้าในแต่ละ SKU และ Category เพื่อประเมินแนวโน้มและสถิติการขาย รวมถึงกำหนดจุด Trigger สำหรับการสั่งซื้อสินค้า เพื่อป้องกันปัญหาสินค้าขาดแคลน
จัดทำการคาดการณ์ความต้องการสินค้า (Demand Forecast) และวางแผน PSI (Purchase, Sales, Inventory) โดยประสานงานและนำเสนอข้อมูลเพื่อประกอบการตัดสินใจร่วมกับ Senior และ Manager
ติดตามและควบคุมระดับสินค้าคงคลังในแต่ละ SKU ให้เหมาะสมกับยอดขาย ลดความเสี่ยงของสินค้า Stock Out และ Overstock ให้สอดคล้องกับแผน Forecast
ปรับปรุงและอัปเดตข้อมูล PSI ในไฟล์ Master PSI Inventory ให้มีความถูกต้อง ครบถ้วน และเป็นปัจจุบันอยู่เสมอ
จัดทำและติดตามรายงานยอดขาย (Sales Update) สำหรับสินค้าใหม่ รวมถึงสินค้าที่อยู่ในกลุ่ม Aging ที่มีปริมาณคงค้างสูง เพื่อสนับสนุนการผลักดันระบายสินค้า
ดึงและวิเคราะห์ข้อมูล Inventory Value และ Aging ของสินค้าในคลัง เพื่อเปรียบเทียบการเปลี่ยนแปลงของมูลค่าสินค้าคงคลัง พร้อมวิเคราะห์สาเหตุของการเพิ่มขึ้นหรือลดลง
วิเคราะห์และเสนอแนวทางบริหารจัดการสินค้ากลุ่ม Aging เพื่อเพิ่มประสิทธิภาพในการระบายสินค้าและลดความเสี่ยงด้านสินค้าคงคลัง
ปริญญาตรีขึ้นไป สาขา โลจิสติกส์, ซัพพลายเชน, สถิติ, คณิตศาสตร์, วิทยาการข้อมูล, วิศวกรรมอุตสาหการ, หรือสาขาที่เกี่ยวข้อง
มีประสบการณ์ด้านการวิเคราะห์ข้อมูลสินค้าคงคลัง / ซัพพลายเชน / โลจิสติกส์ อย่างน้อย 1–3 ปี
มีประสบการณ์ทำงานกับระบบ ERP หรือ Inventory Management System
มีทักษะการใช้ Microsoft Excel ขั้นสูง และเครื่องมือวิเคราะห์ข้อมูล เช่น Power BI, SQL (หากมี)
เข้าใจหลักการบริหารสินค้าคงคลัง / การวางแผน PSI
มีทักษะการวิเคราะห์ข้อมูล / การสื่อสาร / การทำงานร่วมกับทีมได้ดี
มีความละเอียดรอบคอบ / สามารถทำงานภายใต้ความกดดันได้
ค่าตอบแทนพิเศษ
ค่าทำงานล่วงเวลา
ประกันสังคม
ตามข้อตกลงของบริษัท
68,105,140,141,142,14 7
ไม่มี
ไม่มี
ไม่มี
ไม่มี
แผนที่ออนไลน์
[email protected]
สมัครงานด่วน สมัครด้วยเรซูเม่รูปแบบเต็ม จากระบบสมาชิก JOBBKK
สร้างเรซูเม่แบบย่อ สมัครง่ายและรวดเร็ว ด้วยการกรอกข้อมูลแบบย่อ
แนบไฟล์สมัคร สมัครด้วยการแนบไฟล์เรซูเม่ หรือ ผลงานของท่าน
สมัครงานผ่านอีเมล คลิกที่นี่เพื่อดูวิธีการใช้งานสมัครด้วยอีเมล สมัครผ่านอีเมล (แนบไฟล์ผ่านอีเมลได้ไฟล์ละไม่เกิน 10 MB จำกัด 3 ไฟล์) หมายเหตุ : เฉพาะไฟล์ *.jpg, *.jpeg, *.png หรือ *.doc, *.docx, *.pdf",sql|excel|powerbi,3,0,0,0,0,0,1,0,0,0,0,0,0,0,0,0,0,0,0,0,0,0,1,1,0,0,0,0,0,0,0,0,0,0,0,0,0,0,0,0,0,0,0,0,0,0,0,0
data analyst,,กรุงเทพมหานคร,6,Project Management Officer (Data Analyst),อีโวลท์ เทคโนโลยี จำกัด,กรุงเทพมหานคร เขตปทุมวัน,ตามตกลง,18/02/2026 13:09,https://jobbkk.com/jobs/detail/211010/1337768,"Project Management Officer (Data Analyst) อีโวลท์ เทคโนโลยี จำกัด 2 ชั่วโมงที่แล้ว กรุงเทพมหานคร เขตปทุมวัน ตามตกลง Project Management Officer (Data Analyst) อีโวลท์ เทคโนโลยี จำกัด กรุงเทพมหานคร เขตปทุมวัน ตามตกลง BTS สนามกีฬาแห่งชาติ MRT หัวลำโพง,สามย่าน อ่านรายละเอียดงาน","Collect, clean, and analyze data related to EV charging station performance, utilization, and customer behavior.
Design and maintain interactive dashboards (Power BI) to monitor KPIs and track business outcomes.
Conduct statistical analyses, including hypothesis testing and A/B testing, to evaluate initiatives and business strategies.
Provide actionable insights and recommendations to C-level executives for strategic and operational decision-making.
Support project-based initiatives, from feasibility studies to performance reviews, ensuring alignment with business goals
Collaborate with cross-functional teams to standardize reporting processes and improve data quality.
Bachelor’s degree in Business, Engineering, Statistics, Data Science, or related field.
Proficiency in Power BI (DAX) and Excel for data analysis and visualization.
Solid understanding of analytical and statistical concepts (e.g., hypothesis testing, A/B testing).
Knowledge of database concepts (data modeling, ER diagram, relational databases).
Strong problem-solving, logical reasoning, and communication skills.
1 years+ of experience in data analysis, business intelligence, or related fields.
Ability to manage multiple projects and deliver insights under tight timelines.
Knowledge of SQL, R, Python, or Machine Learning will be given special consideration.
ประกันชีวิต
ประกันสังคม
ประกันสุขภาพ
สิทธิการเบิกค่าทันตกรรม
ค่าใช้จ่ายสำหรับที่อยู่อาศัย
ค่าใช้จ่ายในการเดินทาง
ค่ายานพาหนะ
ค่าตอบแทนพิเศษ
ตามข้อตกลงของบริษัท
มีเวลาการทำงานที่ยืดหยุ่น
ค่าทำงานล่วงเวลา
เงินโบนัสตามผลงาน
[email protected]","Collect, clean, and analyze data related to EV charging station performance, utilization, and customer behavior.
Design and maintain interactive dashboards (Power BI) to monitor KPIs and track business outcomes.
Conduct statistical analyses, including hypothesis testing and A/B testing, to evaluate initiatives and business strategies.
Provide actionable insights and recommendations to C-level executives for strategic and operational decision-making.
Support project-based initiatives, from feasibility studies to performance reviews, ensuring alignment with business goals
Collaborate with cross-functional teams to standardize reporting processes and improve data quality.
Bachelor’s degree in Business, Engineering, Statistics, Data Science, or related field.
Proficiency in Power BI (DAX) and Excel for data analysis and visualization.
Solid understanding of analytical and statistical concepts (e.g., hypothesis testing, A/B testing).
Knowledge of database concepts (data modeling, ER diagram, relational databases).
Strong problem-solving, logical reasoning, and communication skills.
1 years+ of experience in data analysis, business intelligence, or related fields.
Ability to manage multiple projects and deliver insights under tight timelines.
Knowledge of SQL, R, Python, or Machine Learning will be given special consideration.
ประกันชีวิต
ประกันสังคม
ประกันสุขภาพ
สิทธิการเบิกค่าทันตกรรม
ค่าใช้จ่ายสำหรับที่อยู่อาศัย
ค่าใช้จ่ายในการเดินทาง
ค่ายานพาหนะ
ค่าตอบแทนพิเศษ
ตามข้อตกลงของบริษัท
มีเวลาการทำงานที่ยืดหยุ่น
ค่าทำงานล่วงเวลา
เงินโบนัสตามผลงาน
[email protected]",python|r|c++|sql|machine_learning|excel|powerbi|statistics,8,1,1,0,0,1,1,0,0,0,0,0,0,1,0,0,0,0,0,0,0,0,1,1,0,0,0,0,0,0,0,0,0,0,0,0,0,0,0,0,0,0,0,0,1,0,0,0
data analyst,,ปทุมธานี,7,Supervisor Merchandise (Data Analyst & Planer),บริษัท เอ็น วาย เจ กรุ๊ป จำกัด,ปทุมธานี ลำลูกกา,"22,000 - 30,000 บาท",18/02/2026 08:57,https://jobbkk.com/jobs/detailurgent/209699/1339018,"Supervisor Merchandise (Data Analyst & Planer) บริษัท เอ็น วาย เจ กรุ๊ป จำกัด รับสมัครด่วน 6 ชั่วโมงที่แล้ว ปทุมธานี ลำลูกกา 22,000 - 30,000 บาท Supervisor Merchandise (Data Analyst & Planer) บริษัท เอ็น วาย เจ กรุ๊ป จำกัด ปทุมธานี ลำลูกกา 22,000 - 30,000 บาท BTS คูคต อ่านรายละเอียดงาน","การวิเคราะห์ข้อมูล (Data Analytics) 1.วิเคราะห์ข้อมูลยอดขาย สต็อก และพฤติกรรมการซื้อของลูกค้า 2.ศึกษาแนวโน้มตลาดและคาดการณ์ความต้องการสินค้าในอนาคต 3.จัดทำรายงานเชิงวิเคราะห์เพื่อนำเสนอผู้บริหารและทีมงานที่เกี่ยวข้อง
การวางแผนสินค้า (Merchandise Planning) 1. กำหนดแผนการสั่งซื้อและการเติมสินค้า (Replenishment) ให้สอดคล้องกับยอดขาย 2.บริหารจัดการสินค้าคงคลัง (Inventory Management) ให้เหมาะสมกับเป้าหมายธุรกิจ 3.วาง Assortment Plan (หมวดสินค้า สี ไซส์ จำนวน) ให้ตรงกับกลุ่มเป้าหมาย
การทำงานร่วมกับหน่วยงานอื่น (Cross-functional Collaboration) 1.ประสานงานกับ ทีมจัดซื้อ (Purchasing) เพื่อสั่งสินค้าได้ถูกต้องตามแผน 2.ร่วมมือกับ ฝ่ายขายและการตลาด เพื่อวางแผนการจัดสินค้าและโปรโมชั่น 3.ทำงานร่วมกับ คลังสินค้า/โลจิสติกส์ เพื่อจัดสรรสินค้าอย่างมีประสิทธิภาพ
การจัดทำรายงานและการปรับกลยุทธ์ (Reporting & Strategy Adjustment) จัดทำรายงานสรุปผลการขายและประสิทธิภาพของสินค้า เสนอแนะแนวทางปรับปรุงแผนการขายและการจัดการสต็อก
ใช้ข้อมูลเชิงลึกเพื่อสนับสนุนการตัดสินใจด้านกลยุทธ์สินค้า การใช้เครื่องมือและระบบ (System & Tools Utilization) ใช้ระบบ ERP, BI Tools (เช่น Power BI, Tableau, Excel Advance) ในการวิเคราะห์และวางแผน
พัฒนาวิธีการวิเคราะห์และเครื่องมือใหม่ ๆ เพื่อเพิ่มความแม่นยำในการวางแผน","แชร์
เก็บงาน
พิมพ์งาน
ร้องเรียน
การวิเคราะห์ข้อมูล (Data Analytics) 1.วิเคราะห์ข้อมูลยอดขาย สต็อก และพฤติกรรมการซื้อของลูกค้า 2.ศึกษาแนวโน้มตลาดและคาดการณ์ความต้องการสินค้าในอนาคต 3.จัดทำรายงานเชิงวิเคราะห์เพื่อนำเสนอผู้บริหารและทีมงานที่เกี่ยวข้อง
การวางแผนสินค้า (Merchandise Planning) 1. กำหนดแผนการสั่งซื้อและการเติมสินค้า (Replenishment) ให้สอดคล้องกับยอดขาย 2.บริหารจัดการสินค้าคงคลัง (Inventory Management) ให้เหมาะสมกับเป้าหมายธุรกิจ 3.วาง Assortment Plan (หมวดสินค้า สี ไซส์ จำนวน) ให้ตรงกับกลุ่มเป้าหมาย
การทำงานร่วมกับหน่วยงานอื่น (Cross-functional Collaboration) 1.ประสานงานกับ ทีมจัดซื้อ (Purchasing) เพื่อสั่งสินค้าได้ถูกต้องตามแผน 2.ร่วมมือกับ ฝ่ายขายและการตลาด เพื่อวางแผนการจัดสินค้าและโปรโมชั่น 3.ทำงานร่วมกับ คลังสินค้า/โลจิสติกส์ เพื่อจัดสรรสินค้าอย่างมีประสิทธิภาพ
การจัดทำรายงานและการปรับกลยุทธ์ (Reporting & Strategy Adjustment) จัดทำรายงานสรุปผลการขายและประสิทธิภาพของสินค้า เสนอแนะแนวทางปรับปรุงแผนการขายและการจัดการสต็อก
ใช้ข้อมูลเชิงลึกเพื่อสนับสนุนการตัดสินใจด้านกลยุทธ์สินค้า การใช้เครื่องมือและระบบ (System & Tools Utilization) ใช้ระบบ ERP, BI Tools (เช่น Power BI, Tableau, Excel Advance) ในการวิเคราะห์และวางแผน
พัฒนาวิธีการวิเคราะห์และเครื่องมือใหม่ ๆ เพื่อเพิ่มความแม่นยำในการวางแผน
วุฒิการศึกษา: ปริญญาตรีขึ้นไป สาขาบริหารธุรกิจ สถิติ เศรษฐศาสตร์ การตลาด หรือสาขาที่เกี่ยวข้อง
ประสบการณ์: อย่างน้อย 3–5 ปีในงาน Merchandise Planning, Data Analysis หรือ Inventory Management
การวิเคราะห์ข้อมูลเชิงลึก (Data Analytics & Forecasting) มีความรู้ระบบ Retail และ Supply Chain
การใช้ Excel ระดับสูง, SQL หรือ BI Tools
ทักษะการสื่อสารและการทำงานร่วมกับหลายฝ่าย
การบริหารเวลาและการจัดลำดับความสำคัญของงาน
การวิเคราะห์และนำเสนอข้อมูลเชิงกลยุทธ์ต่อผู้บริหาร
มีความละเอียดรอบคอบและใส่ใจในตัวเลข/ข้อมูล
มีทักษะการแก้ปัญหาเฉพาะหน้า (Problem-Solving Skills)
มีความยืดหยุ่น สามารถทำงานภายใต้แรงกดดันและเป้าหมายได้
เปิดรับเทคโนโลยีใหม่ ๆ และพัฒนาตนเองอย่างต่อเนื่อง
ประกันสังคม
ตามข้อตกลงของบริษัท
ไม่มี
คูคต
ไม่มี
ไม่มี
ไม่มี
แผนที่ออนไลน์
[email protected]
สมัครงานด่วน สมัครด้วยเรซูเม่รูปแบบเต็ม จากระบบสมาชิก JOBBKK
สร้างเรซูเม่แบบย่อ สมัครง่ายและรวดเร็ว ด้วยการกรอกข้อมูลแบบย่อ
แนบไฟล์สมัคร สมัครด้วยการแนบไฟล์เรซูเม่ หรือ ผลงานของท่าน
สมัครงานผ่านอีเมล คลิกที่นี่เพื่อดูวิธีการใช้งานสมัครด้วยอีเมล สมัครผ่านอีเมล (แนบไฟล์ผ่านอีเมลได้ไฟล์ละไม่เกิน 10 MB จำกัด 3 ไฟล์) หมายเหตุ : เฉพาะไฟล์ *.jpg, *.jpeg, *.png หรือ *.doc, *.docx, *.pdf",sql|excel|powerbi|tableau,4,0,0,0,0,0,1,0,0,0,0,0,0,0,0,0,0,0,0,0,0,0,1,1,1,0,0,0,0,0,0,0,0,0,0,0,0,0,0,0,0,0,0,0,0,0,0,0
data analyst,,กรุงเทพมหานคร,7,Data Analyst (รพ.พญาไท 2),เครือโรงพยาบาลพญาไทและเครือโรงพยาบาลเปาโล,กรุงเทพมหานคร เขตพญาไท,ตามตกลง,15/02/2026 18:03,https://jobbkk.com/jobs/detail/14725/1347650,Data Analyst (รพ.พญาไท 2) เครือโรงพยาบาลพญาไทและเครือโรงพยาบาลเปาโล 2 วันที่แล้ว กรุงเทพมหานคร เขตพญาไท ตามตกลง Data Analyst (รพ.พญาไท 2) เครือโรงพยาบาลพญาไทและเครือโรงพยาบาลเปาโล กรุงเทพมหานคร เขตพญาไท ตามตกลง BTS สนามเป้า อ่านรายละเอียดงาน,"จัดการข้อมูลดิบรายเดือนและนำเข้าเข้าสู่ฐานข้อมูลเพื่อการจัดเก็บอย่างมีประสิทธิภาพ
ทำ Data Cleaning, Validation และ Transformation เพื่อให้ข้อมูลถูกต้องและสม่ำเสมอ
พัฒนาและดูแลกระบวนการ ETL/ELT เพื่อสนับสนุนการทำงานแบบอัตโนมัติ
ทำงานร่วมกับทีมวิเคราะห์เพื่อส่งมอบชุดข้อมูลและสนับสนุนการทำ Dashboard/Report
มีประสบการณ์ด้านระเบียบวิธีทางสถิติ การวิเคราะห์ข้อมูลเบื้องต้น (Exploratory Data Analysis) และการใช้ข้อมูลเพื่อขับเคลื่อนผลลัพธ์ทางธุรกิจ
มีประสบการณ์ด้านการทำงานอัตโนมัติ (Automation) และการสร้าง Dashboard บนเครื่องมือรายงานผล เช่น Power BI หรือ Tableau
มีความรู้ด้าน Microsoft Excel ขั้นสูง และมีประสบการณ์ด้าน Programming/Coding เช่น SQL, Python และ/หรือ R
มีทักษะการคิดวิเคราะห์ , การแก้ปัญหา และมีทักษะการสื่อสารทั้งการเขียนและการพูดในระดับดีเยี่ยม
ถ้ามีประสบการณ์ธุรกิจสุุขภาพมาจะพิจารณาเป็นพิเศษ
ตามข้อตกลงของบริษัท
ประกันสังคม
[email protected]","จัดการข้อมูลดิบรายเดือนและนำเข้าเข้าสู่ฐานข้อมูลเพื่อการจัดเก็บอย่างมีประสิทธิภาพ
ทำ Data Cleaning, Validation และ Transformation เพื่อให้ข้อมูลถูกต้องและสม่ำเสมอ
พัฒนาและดูแลกระบวนการ ETL/ELT เพื่อสนับสนุนการทำงานแบบอัตโนมัติ
ทำงานร่วมกับทีมวิเคราะห์เพื่อส่งมอบชุดข้อมูลและสนับสนุนการทำ Dashboard/Report
มีประสบการณ์ด้านระเบียบวิธีทางสถิติ การวิเคราะห์ข้อมูลเบื้องต้น (Exploratory Data Analysis) และการใช้ข้อมูลเพื่อขับเคลื่อนผลลัพธ์ทางธุรกิจ
มีประสบการณ์ด้านการทำงานอัตโนมัติ (Automation) และการสร้าง Dashboard บนเครื่องมือรายงานผล เช่น Power BI หรือ Tableau
มีความรู้ด้าน Microsoft Excel ขั้นสูง และมีประสบการณ์ด้าน Programming/Coding เช่น SQL, Python และ/หรือ R
มีทักษะการคิดวิเคราะห์ , การแก้ปัญหา และมีทักษะการสื่อสารทั้งการเขียนและการพูดในระดับดีเยี่ยม
ถ้ามีประสบการณ์ธุรกิจสุุขภาพมาจะพิจารณาเป็นพิเศษ
ตามข้อตกลงของบริษัท
ประกันสังคม
[email protected]",python|r|sql|excel|powerbi|tableau|etl,7,1,1,0,0,0,1,0,0,0,0,0,0,0,0,0,0,0,0,0,0,0,1,1,1,0,0,0,0,0,0,0,0,0,1,0,0,0,0,0,0,0,0,0,0,0,0,0
data analyst,,กรุงเทพมหานคร,8,Junior Marketing Data Analyst (E-commerce & Social),บริษัท พอช เมดิก้า ไลฟ์เทค จำกัด (มหาชน),กรุงเทพมหานคร เขตคันนายาว,"25,000 - 35,000 บาท",17/02/2026 14:09,https://jobbkk.com/jobs/detailurgent/53577/1355875,"Junior Marketing Data Analyst (E-commerce & Social) บริษัท พอช เมดิก้า ไลฟ์เทค จำกัด (มหาชน) รับสมัครด่วน 1 วันที่แล้ว กรุงเทพมหานคร เขตคันนายาว 25,000 - 35,000 บาท Junior Marketing Data Analyst (E-commerce & Social) บริษัท พอช เมดิก้า ไลฟ์เทค จำกัด (มหาชน) กรุงเทพมหานคร เขตคันนายาว 25,000 - 35,000 บาท นักศึกษาจบใหม่ / ผู้ไม่มีประสบการณ์ MRT รามอินทรา ก.ม.9 อ่านรายละเอียดงาน","รวบรวม/จัดระเบียบข้อมูลยอดขายและพฤติกรรมลูกค้าจากแพลตฟอร์มต่างๆ เช่น TikTok, Shopee, Lazada, LINE OA (และแหล่งอื่นที่เกี่ยวข้อง)
วิเคราะห์ประสิทธิภาพสื่อโฆษณาและแคมเปญ เช่น ROAS, CTR, CPC, Conversion Rate, AOV เพื่อหาจุดที่ต้องปรับปรุง
จัดทำ Dashboard/Report รายวัน–รายสัปดาห์ สรุปแนวโน้มยอดขาย สินค้าขายดี แคมเปญเด่น และข้อเสนอแนะเชิงข้อมูล (Insight & Action)
สนับสนุนการทำ A/B Test และการวัดผล (เช่น creative/keyword/targeting) พร้อมสรุปผลให้ทีมใช้งานได้จริง
ประสานงานกับ Senior Data Analyst/ทีมการตลาด เพื่อเชื่อมโยงข้อมูล Online–Offline และสร้างชุดข้อมูลที่ใช้ร่วมกันได้
ดูแลความถูกต้องของข้อมูล (Data accuracy) และทำเอกสารนิยามตัวชี้วัด/แหล่งข้อมูลพื้นฐาน","แชร์
เก็บงาน
พิมพ์งาน
ร้องเรียน
รวบรวม/จัดระเบียบข้อมูลยอดขายและพฤติกรรมลูกค้าจากแพลตฟอร์มต่างๆ เช่น TikTok, Shopee, Lazada, LINE OA (และแหล่งอื่นที่เกี่ยวข้อง)
วิเคราะห์ประสิทธิภาพสื่อโฆษณาและแคมเปญ เช่น ROAS, CTR, CPC, Conversion Rate, AOV เพื่อหาจุดที่ต้องปรับปรุง
จัดทำ Dashboard/Report รายวัน–รายสัปดาห์ สรุปแนวโน้มยอดขาย สินค้าขายดี แคมเปญเด่น และข้อเสนอแนะเชิงข้อมูล (Insight & Action)
สนับสนุนการทำ A/B Test และการวัดผล (เช่น creative/keyword/targeting) พร้อมสรุปผลให้ทีมใช้งานได้จริง
ประสานงานกับ Senior Data Analyst/ทีมการตลาด เพื่อเชื่อมโยงข้อมูล Online–Offline และสร้างชุดข้อมูลที่ใช้ร่วมกันได้
ดูแลความถูกต้องของข้อมูล (Data accuracy) และทำเอกสารนิยามตัวชี้วัด/แหล่งข้อมูลพื้นฐาน
ปริญญาตรี สาขา สถิติ/คณิตศาสตร์/เศรษฐศาสตร์/วิทยาการข้อมูล/คอมพิวเตอร์ หรือเกี่ยวข้อง
ประสบการณ์ที่เหมาะกับ Junior: 0–3 ปี (ยินดีรับเด็กจบใหม่ถ้าทักษะแน่นและมีผลงานชัดเจน)
ทักษะ Excel ดีมาก: Pivot, VLOOKUP/XLOOKUP, IF, SUMIFS, Data cleaning
ถ้ามีจะได้เปรียบ: Google Sheets, Looker Studio/Power BI, SQL พื้นฐาน
Mindset: ชอบหาคำตอบจากตัวเลข ละเอียด รอบคอบ สื่อสาร Insight ได้ชัด และเข้าใจธรรมชาติของ Social/E-commerce
ยินดีรับนักศึกษาจบใหม่
ประกันสังคม
เงินโบนัสตามผลงาน
ตามข้อตกลงของบริษัท
ไม่มี
ไม่มี
รามอินทรา ก.ม.9
ไม่มี
ไม่มี
แผนที่ภาพ
แผนที่ออนไลน์
[email protected]
สมัครงานด่วน สมัครด้วยเรซูเม่รูปแบบเต็ม จากระบบสมาชิก JOBBKK
สร้างเรซูเม่แบบย่อ สมัครง่ายและรวดเร็ว ด้วยการกรอกข้อมูลแบบย่อ
แนบไฟล์สมัคร สมัครด้วยการแนบไฟล์เรซูเม่ หรือ ผลงานของท่าน
สมัครงานผ่านอีเมล คลิกที่นี่เพื่อดูวิธีการใช้งานสมัครด้วยอีเมล สมัครผ่านอีเมล (แนบไฟล์ผ่านอีเมลได้ไฟล์ละไม่เกิน 10 MB จำกัด 3 ไฟล์) หมายเหตุ : เฉพาะไฟล์ *.jpg, *.jpeg, *.png หรือ *.doc, *.docx, *.pdf",sql|excel|powerbi,3,0,0,0,0,0,1,0,0,0,0,0,0,0,0,0,0,0,0,0,0,0,1,1,0,0,0,0,0,0,0,0,0,0,0,0,0,0,0,0,0,0,0,0,0,0,0,0
data analyst,,กรุงเทพมหานคร,8,Data Analyst (Marketing) สำนักงานใหญ่ศรีนครินทร์ซอย 5,บริษัท คอมพานี บี จำกัด,กรุงเทพมหานคร เขตบางกะปิ,"18,000 - 23,000 บาท",18/02/2026 09:03,https://jobbkk.com/jobs/detailurgent/188796/1357838,"Data Analyst (Marketing) สำนักงานใหญ่ศรีนครินทร์ซอย 5 บริษัท คอมพานี บี จำกัด รับสมัครด่วน 6 ชั่วโมงที่แล้ว กรุงเทพมหานคร เขตบางกะปิ 18,000 - 23,000 บาท Data Analyst (Marketing) สำนักงานใหญ่ศรีนครินทร์ซอย 5 บริษัท คอมพานี บี จำกัด กรุงเทพมหานคร เขตบางกะปิ 18,000 - 23,000 บาท อ่านรายละเอียดงาน","วิเคราะห์ยอดขาย/พฤติกรรมลูกค้า เพื่อสนับสนุนการทำการตลาด
สรุปผลแคมเปญ โปรโมชั่น เมนูใหม่ และช่องทางออนไลน์/เดลิเวอรี่
ทำรายงานและ Dashboard รายสัปดาห์/รายเดือน (ยอดขาย, KPI, ROI)
วิเคราะห์ยอดขายรายสาขา และหา Insight เพื่อเพิ่มยอดขาย
ทำงานร่วมกับทีม Marketing และ Operation เพื่อเสนอแนวทางจากข้อมูล
อื่นๆที่ได้รับมอบหมาย","แชร์
เก็บงาน
พิมพ์งาน
ร้องเรียน
วิเคราะห์ยอดขาย/พฤติกรรมลูกค้า เพื่อสนับสนุนการทำการตลาด
สรุปผลแคมเปญ โปรโมชั่น เมนูใหม่ และช่องทางออนไลน์/เดลิเวอรี่
ทำรายงานและ Dashboard รายสัปดาห์/รายเดือน (ยอดขาย, KPI, ROI)
วิเคราะห์ยอดขายรายสาขา และหา Insight เพื่อเพิ่มยอดขาย
ทำงานร่วมกับทีม Marketing และ Operation เพื่อเสนอแนวทางจากข้อมูล
อื่นๆที่ได้รับมอบหมาย
ประสบการณ์ Data Analyst / Marketing Analyst 1–5 ปี
ใช้ Excel/Google Sheet ได้ดี
ใช้ Power BI หรือโปรแกรมอื่นๆ ที่เกี่ยวข้องได้ดี
สื่อสารดี สรุปข้อมูลเป็น และทำงานเป็นระบบ
ตามข้อตกลงของบริษัท
145 (ปอ.)(AC), 206 (ปอ.)(AC), 207, 3-11 (48), 3-15 (133), 519 (1-57)
ไม่มี
ไม่มี
ไม่มี
ไม่มี
แผนที่ออนไลน์
[email protected]
สมัครงานด่วน สมัครด้วยเรซูเม่รูปแบบเต็ม จากระบบสมาชิก JOBBKK
สร้างเรซูเม่แบบย่อ สมัครง่ายและรวดเร็ว ด้วยการกรอกข้อมูลแบบย่อ
แนบไฟล์สมัคร สมัครด้วยการแนบไฟล์เรซูเม่ หรือ ผลงานของท่าน
สมัครงานผ่านอีเมล คลิกที่นี่เพื่อดูวิธีการใช้งานสมัครด้วยอีเมล สมัครผ่านอีเมล (แนบไฟล์ผ่านอีเมลได้ไฟล์ละไม่เกิน 10 MB จำกัด 3 ไฟล์) หมายเหตุ : เฉพาะไฟล์ *.jpg, *.jpeg, *.png หรือ *.doc, *.docx, *.pdf",excel|powerbi,2,0,0,0,0,0,0,0,0,0,0,0,0,0,0,0,0,0,0,0,0,0,1,1,0,0,0,0,0,0,0,0,0,0,0,0,0,0,0,0,0,0,0,0,0,0,0,0
data analyst,,กรุงเทพมหานคร,8,Data Analyst /Operations Report /Customer Care Coordinator,บริษัท คาร์แทรค เทคโนโลยี (ไทยแลนด์) จำกัด,กรุงเทพมหานคร เขตบางนา,ตามตกลง,18/02/2026 12:03,https://jobbkk.com/jobs/detail/165852/1354345,Data Analyst /Operations Report /Customer Care Coordinator บริษัท คาร์แทรค เทคโนโลยี (ไทยแลนด์) จำกัด 3 ชั่วโมงที่แล้ว กรุงเทพมหานคร เขตบางนา ตามตกลง Data Analyst /Operations Report /Customer Care Coordinator บริษัท คาร์แทรค เทคโนโลยี (ไทยแลนด์) จำกัด กรุงเทพมหานคร เขตบางนา ตามตกลง BTS อุดมสุข อ่านรายละเอียดงาน,"Prepare and analyze Operation Reports, focusing on team performance and case record.
Work along side with Management in Customer Service department for provide detailed dairy, weekly and monthly analyze of operations team performance.
Attend meetings and summarize meeting agenda and results.
Coordinating the with operations team to ensure all data are correct and effective.
Assist in developing tools and procedures to streamline work processes in a fast-paced environment.
Compose and prepare correspondence, reports, quotation and documents using mainly Microsoft Word, Excel.
Support other areas of the company as business needs.
Bachelor’s Degree in any related field.
Minimum 3-5 years of working experience as a Sales Administrator / Sales Coordinator / Project Coordinator / Customer Support / Operations Support or any related field.
Good written and communication skills in English.
Proficiency in Microsoft Office applications: PowerPoint, Excel, Word (V-look Up ,Pivot).
Excellent attention to detail and accuracy.
Demonstrate the ability to multi-task and follow-through.
Ability to rapidly adapt to changing business needs and priorities.
ทำงานสัปดาห์ละ 5 วัน
เงินโบนัสตามผลงาน
[email protected]","Prepare and analyze Operation Reports, focusing on team performance and case record.
Work along side with Management in Customer Service department for provide detailed dairy, weekly and monthly analyze of operations team performance.
Attend meetings and summarize meeting agenda and results.
Coordinating the with operations team to ensure all data are correct and effective.
Assist in developing tools and procedures to streamline work processes in a fast-paced environment.
Compose and prepare correspondence, reports, quotation and documents using mainly Microsoft Word, Excel.
Support other areas of the company as business needs.
Bachelor’s Degree in any related field.
Minimum 3-5 years of working experience as a Sales Administrator / Sales Coordinator / Project Coordinator / Customer Support / Operations Support or any related field.
Good written and communication skills in English.
Proficiency in Microsoft Office applications: PowerPoint, Excel, Word (V-look Up ,Pivot).
Excellent attention to detail and accuracy.
Demonstrate the ability to multi-task and follow-through.
Ability to rapidly adapt to changing business needs and priorities.
ทำงานสัปดาห์ละ 5 วัน
เงินโบนัสตามผลงาน
[email protected]",excel,1,0,0,0,0,0,0,0,0,0,0,0,0,0,0,0,0,0,0,0,0,0,1,0,0,0,0,0,0,0,0,0,0,0,0,0,0,0,0,0,0,0,0,0,0,0,0,0
data analyst,,กรุงเทพมหานคร,9,IT Coordinator (Innovation) /Data Analyst / BTS Phloen Chit/JO32810,บริษัท จัดหางาน เพอร์ซันแนล คอนซัลแตนท์ (ประเทศไทย) จำกัด,กรุงเทพมหานคร เขตปทุมวัน,"30,000 - 45,500 บาท",15/02/2026 22:33,https://jobbkk.com/jobs/detail/12121/1348697,"IT Coordinator (Innovation) /Data Analyst / BTS Phloen Chit/JO32810 บริษัท จัดหางาน เพอร์ซันแนล คอนซัลแตนท์ (ประเทศไทย) จำกัด 2 วันที่แล้ว กรุงเทพมหานคร เขตปทุมวัน 30,000 - 45,500 บาท IT Coordinator (Innovation) /Data Analyst / BTS Phloen Chit/JO32810 บริษัท จัดหางาน เพอร์ซันแนล คอนซัลแตนท์ (ประเทศไทย) จำกัด กรุงเทพมหานคร เขตปทุมวัน 30,000 - 45,500 บาท BTS เพลินจิต อ่านรายละเอียดงาน","- สนับสนุนการออกแบบและดูแล Data Pipeline สำหรับแหล่งข้อมูลหลายประเภท (CRM, ERP, Mobile App, External APIs)
- ดำเนินการทำความสะอาดข้อมูล (Data Cleaning), การแปลงรูปข้อมูล (Transformation), และการกำหนดมาตรฐานข้อมูล (Standardization) เพื่อให้ได้คุณภาพและความสม่ำเสมอ/ความสอดคล้องกัน
- พัฒนา ETL ด้วย SQL, Python หรือ BI Tools
- จัดทำและดูแล Dashboard/Report ด้วย Power BI หรือ Tableau สำหรับผู้บริหาร
- สำรวจและวิเคราะห์ข้อมูลเพื่อหาแนวโน้ม, รูปแบบ, และโอกาสทางธุรกิจ
- เตรียมข้อมูลสำหรับฝึกแบบจำลอง Machine Learning และ Generative AI
- ประสานงานกับ Data Engineer เพื่อทดสอบและประเมินประสิทธิภาพของแบบจำลอง
- จัดทำเอกสารผลลัพธ์ของโมเดลและการตรวจสอบคุณภาพข้อมูล
- อายุ 25–28 ปี สัญชาติไทย ไม่จำกัดเพศ
- วุฒิปริญญาตรี สาขา Computer science, Data Engineering หรือสาขาที่เกี่ยวข้อง
- มีประสบการณ์ด้าน Data Analytics หรือ Business Intelligence อย่างน้อย 2 ปี
- มีทักษะพื้นฐานด้าน SQL, Python (Pandas, NumPy) และเครื่องมือ Visualization เช่น Power BI
ตามข้อตกลงของบริษัท
[email protected]","- สนับสนุนการออกแบบและดูแล Data Pipeline สำหรับแหล่งข้อมูลหลายประเภท (CRM, ERP, Mobile App, External APIs)
- ดำเนินการทำความสะอาดข้อมูล (Data Cleaning), การแปลงรูปข้อมูล (Transformation), และการกำหนดมาตรฐานข้อมูล (Standardization) เพื่อให้ได้คุณภาพและความสม่ำเสมอ/ความสอดคล้องกัน
- พัฒนา ETL ด้วย SQL, Python หรือ BI Tools
- จัดทำและดูแล Dashboard/Report ด้วย Power BI หรือ Tableau สำหรับผู้บริหาร
- สำรวจและวิเคราะห์ข้อมูลเพื่อหาแนวโน้ม, รูปแบบ, และโอกาสทางธุรกิจ
- เตรียมข้อมูลสำหรับฝึกแบบจำลอง Machine Learning และ Generative AI
- ประสานงานกับ Data Engineer เพื่อทดสอบและประเมินประสิทธิภาพของแบบจำลอง
- จัดทำเอกสารผลลัพธ์ของโมเดลและการตรวจสอบคุณภาพข้อมูล
- อายุ 25–28 ปี สัญชาติไทย ไม่จำกัดเพศ
- วุฒิปริญญาตรี สาขา Computer science, Data Engineering หรือสาขาที่เกี่ยวข้อง
- มีประสบการณ์ด้าน Data Analytics หรือ Business Intelligence อย่างน้อย 2 ปี
- มีทักษะพื้นฐานด้าน SQL, Python (Pandas, NumPy) และเครื่องมือ Visualization เช่น Power BI
ตามข้อตกลงของบริษัท
[email protected]",python|sql|pandas|numpy|machine_learning|powerbi|tableau|etl,8,1,0,0,0,0,1,0,0,1,1,0,0,1,0,0,0,0,0,0,0,0,0,1,1,0,0,0,0,0,0,0,0,0,1,0,0,0,0,0,0,0,0,0,0,0,0,0
data analyst,,สมุทรปราการ,9,Data Analysis ( นักวิเคราะห์ข้อมูล ),"บริษัท บีพีเอส กรุงเทพ จำกัด BPS Bangkok Co., Ltd.",สมุทรปราการ พระประแดง,"15,500 - 20,000 บาท",17/02/2026 09:39,https://jobbkk.com/jobs/detailurgent/169303/1342318,"Data Analysis ( นักวิเคราะห์ข้อมูล ) บริษัท บีพีเอส กรุงเทพ จำกัด BPS Bangkok Co., Ltd. รับสมัครด่วน 1 วันที่แล้ว สมุทรปราการ พระประแดง 15,500 - 20,000 บาท Data Analysis ( นักวิเคราะห์ข้อมูล ) บริษัท บีพีเอส กรุงเทพ จำกัด BPS Bangkok Co., Ltd. สมุทรปราการ พระประแดง 15,500 - 20,000 บาท นักศึกษาจบใหม่ / ผู้ไม่มีประสบการณ์ อ่านรายละเอียดงาน","รวบรวม จัดระเบียบ และตรวจสอบความถูกต้องของข้อมูลจากแหล่งต่าง ๆ ภายในองค์กร เช่น ฝ่ายขาย บัญชี สโตร์ และฝ่ายช่าง
วิเคราะห์ข้อมูลเชิงสถิติเพื่อค้นหาแนวโน้ม รูปแบบ และข้อมูลเชิงลึก (Insight) ที่สามารถนำไปใช้สนับสนุนการตัดสินใจทางธุรกิจ
สร้างรายงานและ Dashboard (เช่นใน Excel, Power BI, Google Data Studio หรือ Tableau) เพื่อสรุปข้อมูลให้เข้าใจง่ายและนำเสนอแก่ผู้บริหาร
ประสานงานกับทีมต่าง ๆ เพื่อระบุความต้องการด้านข้อมูล และช่วยปรับปรุงกระบวนการจัดเก็บข้อมูลให้มีประสิทธิภาพ
สรุปผลการวิเคราะห์ พร้อมให้ข้อเสนอแนะหรือแนวทางปรับปรุงการดำเนินงานจากข้อมูลเชิงลึก
สนับสนุนการวางแผนกลยุทธ์ การขาย การตลาด หรือการบริหารต้นทุนด้วยข้อมูลจริง (Data-driven Decision Making)","แชร์
เก็บงาน
พิมพ์งาน
ร้องเรียน
รวบรวม จัดระเบียบ และตรวจสอบความถูกต้องของข้อมูลจากแหล่งต่าง ๆ ภายในองค์กร เช่น ฝ่ายขาย บัญชี สโตร์ และฝ่ายช่าง
วิเคราะห์ข้อมูลเชิงสถิติเพื่อค้นหาแนวโน้ม รูปแบบ และข้อมูลเชิงลึก (Insight) ที่สามารถนำไปใช้สนับสนุนการตัดสินใจทางธุรกิจ
สร้างรายงานและ Dashboard (เช่นใน Excel, Power BI, Google Data Studio หรือ Tableau) เพื่อสรุปข้อมูลให้เข้าใจง่ายและนำเสนอแก่ผู้บริหาร
ประสานงานกับทีมต่าง ๆ เพื่อระบุความต้องการด้านข้อมูล และช่วยปรับปรุงกระบวนการจัดเก็บข้อมูลให้มีประสิทธิภาพ
สรุปผลการวิเคราะห์ พร้อมให้ข้อเสนอแนะหรือแนวทางปรับปรุงการดำเนินงานจากข้อมูลเชิงลึก
สนับสนุนการวางแผนกลยุทธ์ การขาย การตลาด หรือการบริหารต้นทุนด้วยข้อมูลจริง (Data-driven Decision Making)
มีความรู้ด้านการวิเคราะห์ข้อมูลเชิงสถิติ และสามารถใช้ Excel ระดับสูงได้ (PivotTable, Power Query, Power Pivot ฯลฯ)
ประสบการณ์ใช้เครื่องมือ BI เช่น Power BI, Tableau หรือ Google Data Studio
มีพื้นฐานด้านฐานข้อมูล (SQL หรือ Google Sheet Query จะพิจารณาเป็นพิเศษ)
มีความละเอียดรอบคอบ ชอบตั้งคำถาม และสามารถอธิบายข้อมูลเชิงเทคนิคให้คนทั่วไปเข้าใจได้
มีทักษะการสื่อสารและการทำงานร่วมกับทีมที่ดี
ยินดีรับนักศึกษาจบใหม่
ประกันสุขภาพ
เงินโบนัสตามผลงาน
ประกันสังคม
ตามข้อตกลงของบริษัท
ปอ.20 รถตู้บา งปะแก้ว -พระสมุ� �รเจดีย� �
ไม่มี
ไม่มี
ไม่มี
ไม่มี
แผนที่ภาพ
[email protected]
สมัครงานด่วน สมัครด้วยเรซูเม่รูปแบบเต็ม จากระบบสมาชิก JOBBKK
สร้างเรซูเม่แบบย่อ สมัครง่ายและรวดเร็ว ด้วยการกรอกข้อมูลแบบย่อ
แนบไฟล์สมัคร สมัครด้วยการแนบไฟล์เรซูเม่ หรือ ผลงานของท่าน
สมัครงานผ่านอีเมล คลิกที่นี่เพื่อดูวิธีการใช้งานสมัครด้วยอีเมล สมัครผ่านอีเมล (แนบไฟล์ผ่านอีเมลได้ไฟล์ละไม่เกิน 10 MB จำกัด 3 ไฟล์) หมายเหตุ : เฉพาะไฟล์ *.jpg, *.jpeg, *.png หรือ *.doc, *.docx, *.pdf",sql|excel|powerbi|tableau,4,0,0,0,0,0,1,0,0,0,0,0,0,0,0,0,0,0,0,0,0,0,1,1,1,0,0,0,0,0,0,0,0,0,0,0,0,0,0,0,0,0,0,0,0,0,0,0
data analyst,,นนทบุรี,9,Data Entry & Data Analyst (2-Month Contract) พนักงานคีย์ & วิเคราะห์ข้อมูล (สัญญ,บริษัท โอเอสเอชเอ (ดิสทริบิวเตอร์) จำกัด,นนทบุรี บางใหญ่,"15,000 - 22,000 บาท",13/02/2026 10:03,https://jobbkk.com/jobs/detailurgent/240929/1357049,"Data Entry & Data Analyst (2-Month Contract) พนักงานคีย์ & วิเคราะห์ข้อมูล (สัญญ บริษัท โอเอสเอชเอ (ดิสทริบิวเตอร์) จำกัด รับสมัครด่วน 5 วันที่แล้ว นนทบุรี บางใหญ่ 15,000 - 22,000 บาท Data Entry & Data Analyst (2-Month Contract) พนักงานคีย์ & วิเคราะห์ข้อมูล (สัญญ บริษัท โอเอสเอชเอ (ดิสทริบิวเตอร์) จำกัด นนทบุรี บางใหญ่ 15,000 - 22,000 บาท นักศึกษาจบใหม่ / ผู้ไม่มีประสบการณ์ MRT บางพลู อ่านรายละเอียดงาน","Collect data from across the company for analysis purposes.
Generate insights from data and identify emerging trends.
Create reports, dashboards, and automated dashboards for management and the sales team.
Produce clear data visualizations and data migration
Understand the wholesale business and analyze data to address business needs.
Analyze datasets in Power BI and conduct market analysis by benchmarking/comparing data. (ถ้่าได้จะพิจารณาเป็นพิเศษ)","แชร์
เก็บงาน
พิมพ์งาน
ร้องเรียน
Collect data from across the company for analysis purposes.
Generate insights from data and identify emerging trends.
Create reports, dashboards, and automated dashboards for management and the sales team.
Produce clear data visualizations and data migration
Understand the wholesale business and analyze data to address business needs.
Analyze datasets in Power BI and conduct market analysis by benchmarking/comparing data. (ถ้่าได้จะพิจารณาเป็นพิเศษ)
Bachelor’s degree in Data Science, Statistics, Computer Science, Business Analytics, or a related field (Fresh graduated acceptance)
At least 0-3 years of experience in a Data Analyst or similar analytical role
Strong analytical skills with hands-on experience and Strong numerical and mathematical skills.
Proficiency in data analysis tools (Excel is a must). Other tools is a plus.
Ability to translate business questions into analytical insights
Comfortable working with evolving requirements and ambiguous problem statements
Strong communication skills, with the ability to explain analytical results to non-technical stakeholder
Applicants are welcome to share previous work samples for evaluation.
ยินดีรับนักศึกษาจบใหม่
ต้องคนที่มี Toeic
ตามข้อตกลงของบริษัท
ไม่มี
บางพลู
ไม่มี
ไม่มี
แผนที่ออนไลน์
[email protected]
สมัครงานด่วน สมัครด้วยเรซูเม่รูปแบบเต็ม จากระบบสมาชิก JOBBKK
สร้างเรซูเม่แบบย่อ สมัครง่ายและรวดเร็ว ด้วยการกรอกข้อมูลแบบย่อ
แนบไฟล์สมัคร สมัครด้วยการแนบไฟล์เรซูเม่ หรือ ผลงานของท่าน
สมัครงานผ่านอีเมล คลิกที่นี่เพื่อดูวิธีการใช้งานสมัครด้วยอีเมล สมัครผ่านอีเมล (แนบไฟล์ผ่านอีเมลได้ไฟล์ละไม่เกิน 10 MB จำกัด 3 ไฟล์) หมายเหตุ : เฉพาะไฟล์ *.jpg, *.jpeg, *.png หรือ *.doc, *.docx, *.pdf",excel|powerbi|statistics,3,0,0,0,0,0,0,0,0,0,0,0,0,0,0,0,0,0,0,0,0,0,1,1,0,0,0,0,0,0,0,0,0,0,0,0,0,0,0,0,0,0,0,0,1,0,0,0
