keyword,province_code,province_name,page,job_title,company,location,salary,posted_date,job_url,raw_text
data analyst,,ยานนาวา กรุงเทพมหานคร,1,Data Analyst,"Protech Transfer Co., Ltd.",ยานนาวา กรุงเทพมหานคร,,4 ชั่วโมงที่ผ่านมา,https://th.jobsdb.com/th/job/90386899?type=standard&ref=search-standalone&origin=jobCard,"Listed more than four days ago Data Analyst ที่ Protech Transfer Co., Ltd. นี่คืองานงานเต็มเวลา ยานนาวา กรุงเทพมหานคร 5 Working Days (Mon-Fri) At least 20 Days of Holiday per year Group Insurance 5 Working Days (Mon-Fri) At least 20 Days of Holiday per year Group Insurance Data Analyst Data Analyst subClassification: งานพัฒนาและบริหารจัดการฐานข้อมูล งานพัฒนาและบริหารจัดการฐานข้อมูล classification: งานไอที งานเทคโนโลยีสื่อสาร (งานไอที งานเทคโนโลยีสื่อสาร) 4 ชั่วโมงที่ผ่านมา 4 ชั่วโมงที่ผ่านมา"
data analyst,,กรุงเทพมหานคร,1,Data Claim Analyst (Motor Claim),Krungthai Panich Insurance Public Company Limited,กรุงเทพมหานคร,,3 ชั่วโมงที่ผ่านมา,https://th.jobsdb.com/th/job/90387373?type=standard&ref=search-standalone&origin=jobCard,Listed more than three days ago Data Claim Analyst (Motor Claim) ที่ Krungthai Panich Insurance Public Company Limited นี่คืองานงานเต็มเวลา กรุงเทพมหานคร Data Analyst Data Analyst subClassification: งานสินไหมทดแทน งานสินไหมทดแทน classification: งานประกันภัย งานกองทุนเกษียณ (งานประกันภัย งานกองทุนเกษียณ) 3 ชั่วโมงที่ผ่านมา 3 ชั่วโมงที่ผ่านมา
data analyst,,บางนา กรุงเทพมหานคร,1,Data Analyst /Operations Report /Customer Care Coordinator,Cartrack SEA,บางนา กรุงเทพมหานคร,,1 วันที่ผ่านมา,https://th.jobsdb.com/th/job/89813394?type=standard&ref=search-standalone&origin=jobCard,"Listed more than one day ago Data Analyst /Operations Report /Customer Care Coordinator ที่ Cartrack SEA นี่คืองานงานเต็มเวลา บางนา กรุงเทพมหานคร Annual Leave 15days/year Group Insurance, Social Security Providence Fund (start at 3%, effective after 1 year of service) Annual Leave 15days/year Group Insurance, Social Security Providence Fund (start at 3%, effective after 1 year of service) You will be the right hand of the Management (not PA). You will be the right hand of the Management (not PA). subClassification: งาน Sales Admin งาน Sales Admin classification: งานธุรการ (งานธุรการ) 1 วันที่ผ่านมา 1 วันที่ผ่านมา"
data analyst,,กรุงเทพมหานคร,1,Data Analyst,"Focus Media (Thailand) Co., Ltd.",กรุงเทพมหานคร,,6 วันที่ผ่านมา,https://th.jobsdb.com/th/job/90278961?type=standard&ref=search-standalone&origin=jobCard,"Listed more than six days ago Data Analyst ที่ Focus Media (Thailand) Co., Ltd. นี่คืองานงานเต็มเวลา กรุงเทพมหานคร Analyze cross-department data, build dashboards, deliver insights, ensure data quality, and support business growth through reporting and automation. Analyze cross-department data, build dashboards, deliver insights, ensure data quality, and support business growth through reporting and automation. subClassification: งานนักวิเคราะห์ธุรกิจ/งานนักวิเคราะห์ระบบ งานนักวิเคราะห์ธุรกิจ/งานนักวิเคราะห์ระบบ classification: งานไอที งานเทคโนโลยีสื่อสาร (งานไอที งานเทคโนโลยีสื่อสาร) 6 วันที่ผ่านมา 6 วันที่ผ่านมา"
data analyst,,กรุงเทพมหานคร,1,Data Analyst – Business Decision & Data Quality,Maybank Securities (Thailand) Public Company Limited,กรุงเทพมหานคร,,21 วันที่ผ่านมา,https://th.jobsdb.com/th/job/89949693?type=standard&ref=search-standalone&origin=jobCard,Listed more than twenty one days ago Data Analyst – Business Decision & Data Quality ที่ Maybank Securities (Thailand) Public Company Limited นี่คืองานงานเต็มเวลา กรุงเทพมหานคร Data Analytics & CEO Office Data Analytics & CEO Office subClassification: งานที่ปรึกษาด้านการจัดการและการเปลี่ยนแปลง งานที่ปรึกษาด้านการจัดการและการเปลี่ยนแปลง classification: งานที่ปรึกษา งานวางแผนกลยุทธ์ (งานที่ปรึกษา งานวางแผนกลยุทธ์) 21 วันที่ผ่านมา 21 วันที่ผ่านมา
data analyst,,ปากเกร็ด นนทบุรี,1,Data Analyst (Fraud Management),Triple T Broadband Public Company Limited,ปากเกร็ด นนทบุรี,,3 วันที่ผ่านมา,https://th.jobsdb.com/th/job/90337958?type=standard&ref=search-standalone&origin=jobCard,"Listed more than three days ago Data Analyst (Fraud Management) ที่ Triple T Broadband Public Company Limited นี่คืองานงานเต็มเวลา ปากเกร็ด นนทบุรี Beyond Analysis: Building the Future of Fraud Prevention. Use data to prevent fraud and drive legal action. Workplace Location – based at Cosmo Bazaar, Muang Thong Thani ( BTS Pink line) Beyond Analysis: Building the Future of Fraud Prevention. Use data to prevent fraud and drive legal action. Workplace Location – based at Cosmo Bazaar, Muang Thong Thani ( BTS Pink line) Analyze and detect fraud using data tools; report findings and collaborate on prevention and legal actions. Analyze and detect fraud using data tools; report findings and collaborate on prevention and legal actions. subClassification: งานนักวิเคราะห์ธุรกิจ/งานนักวิเคราะห์ระบบ งานนักวิเคราะห์ธุรกิจ/งานนักวิเคราะห์ระบบ classification: งานไอที งานเทคโนโลยีสื่อสาร (งานไอที งานเทคโนโลยีสื่อสาร) 3 วันที่ผ่านมา 3 วันที่ผ่านมา"
data analyst,,วัฒนา กรุงเทพมหานคร,1,Data Analyst,GMM Grammy Public Company Limited,วัฒนา กรุงเทพมหานคร,,5 วันที่ผ่านมา,https://th.jobsdb.com/th/job/90297020?type=standard&ref=search-standalone&origin=jobCard,"Listed more than five days ago Data Analyst ที่ GMM Grammy Public Company Limited นี่คืองานงานเต็มเวลา วัฒนา กรุงเทพมหานคร Analyze and visualize data from multiple sources to develop business strategies, enhance sales performance, and support data-driven decisions. Analyze and visualize data from multiple sources to develop business strategies, enhance sales performance, and support data-driven decisions. subClassification: งานนักวิเคราะห์ธุรกิจ/งานนักวิเคราะห์ระบบ งานนักวิเคราะห์ธุรกิจ/งานนักวิเคราะห์ระบบ classification: งานไอที งานเทคโนโลยีสื่อสาร (งานไอที งานเทคโนโลยีสื่อสาร) 5 วันที่ผ่านมา 5 วันที่ผ่านมา"
data analyst,,ปทุมวัน กรุงเทพมหานคร,1,Data Analyst (Food Business),Central Group (Central Pattana Public Company Limited),ปทุมวัน กรุงเทพมหานคร,,18 วันที่ผ่านมา,https://th.jobsdb.com/th/job/90012046?type=standard&ref=search-standalone&origin=jobCard,Listed more than eighteen days ago Data Analyst (Food Business) ที่ Central Group (Central Pattana Public Company Limited) นี่คืองานงานเต็มเวลา ปทุมวัน กรุงเทพมหานคร Data Analysis Data Visualization & Reporting Data Analysis Data Visualization & Reporting Transform data into powerful insights to drive strategic growth in Food Business Development. Transform data into powerful insights to drive strategic growth in Food Business Development. subClassification: งานวิเคราะห์และจัดทำรายงาน งานวิเคราะห์และจัดทำรายงาน classification: งานธนาคาร งานการเงิน (งานธนาคาร งานการเงิน) 18 วันที่ผ่านมา 18 วันที่ผ่านมา
data analyst,,กรุงเทพมหานคร,1,Commercial Data Analyst (1-3 yrs.) under Commercial Strategy Manager,"Berlin Pharmaceutical Industry Co., Ltd.",กรุงเทพมหานคร,,18 วันที่ผ่านมา,https://th.jobsdb.com/th/job/90031204?type=standard&ref=search-standalone&origin=jobCard,"Listed more than eighteen days ago Commercial Data Analyst (1-3 yrs.) under Commercial Strategy Manager ที่ Berlin Pharmaceutical Industry Co., Ltd. นี่คืองานงานเต็มเวลา กรุงเทพมหานคร เข้าใจข้อมูลเชิงธุรกิจ ยอดขาย รวบรวม วิเคราะห์ และประสานงานจากแผนกที่เกี่ยวข้อง จัดทำรายงานยอดขาย ผลการดำเนินงาน และข้อมูลเชิงธุรกิจ สนับสนุนข้อมูลเพื่อใช้ในการวางแผนของทีม Commercial / Sales เข้าใจข้อมูลเชิงธุรกิจ ยอดขาย รวบรวม วิเคราะห์ และประสานงานจากแผนกที่เกี่ยวข้อง จัดทำรายงานยอดขาย ผลการดำเนินงาน และข้อมูลเชิงธุรกิจ สนับสนุนข้อมูลเพื่อใช้ในการวางแผนของทีม Commercial / Sales 1. Commercial Data Analyst (Sales support – 1-2 yrs.) 2. Data Analytics Analyst (1–2 Years) 1. Commercial Data Analyst (Sales support – 1-2 yrs.) 2. Data Analytics Analyst (1–2 Years) subClassification: งานนักวิเคราะห์ งานนักวิเคราะห์ classification: งานที่ปรึกษา งานวางแผนกลยุทธ์ (งานที่ปรึกษา งานวางแผนกลยุทธ์) 18 วันที่ผ่านมา 18 วันที่ผ่านมา"
data analyst,,ห้วยขวาง กรุงเทพมหานคร,1,เจ้าหน้าที่วิเคราะห์ข้อมูล (MIS/Data Analyst),Muang Thai Life Assurance Public Company Limited,ห้วยขวาง กรุงเทพมหานคร,,11 วันที่ผ่านมา,https://th.jobsdb.com/th/job/90163043?type=standard&ref=search-standalone&origin=jobCard,"Listed more than eleven days ago เจ้าหน้าที่วิเคราะห์ข้อมูล (MIS/Data Analyst) ที่ Muang Thai Life Assurance Public Company Limited นี่คืองานงานเต็มเวลา ห้วยขวาง กรุงเทพมหานคร ( ไฮบริด ) analyze data, reporting system sales performance report Excel, VBA , Macro, SQL analyze data, reporting system sales performance report Excel, VBA , Macro, SQL Develop a performance database system for the agency sales channel Develop a performance database system for the agency sales channel subClassification: งานพัฒนาและบริหารจัดการฐานข้อมูล งานพัฒนาและบริหารจัดการฐานข้อมูล classification: งานไอที งานเทคโนโลยีสื่อสาร (งานไอที งานเทคโนโลยีสื่อสาร) 11 วันที่ผ่านมา 11 วันที่ผ่านมา"
data analyst,,จตุจักร กรุงเทพมหานคร,1,Data Analytics,"Siam Bheasach Co., Ltd.",จตุจักร กรุงเทพมหานคร,,5 วันที่ผ่านมา,https://th.jobsdb.com/th/job/90285862?type=standard&ref=search-standalone&origin=jobCard,"Listed more than five days ago Data Analytics ที่ Siam Bheasach Co., Ltd. นี่คืองานงานเต็มเวลา จตุจักร กรุงเทพมหานคร These responsibilities primarily focus on Sales Incentive Management, Data Processing, and Performance Reporting. These responsibilities primarily focus on Sales Incentive Management, Data Processing, and Performance Reporting. subClassification: งานนักวิเคราะห์ธุรกิจ/งานนักวิเคราะห์ระบบ งานนักวิเคราะห์ธุรกิจ/งานนักวิเคราะห์ระบบ classification: งานไอที งานเทคโนโลยีสื่อสาร (งานไอที งานเทคโนโลยีสื่อสาร) 5 วันที่ผ่านมา 5 วันที่ผ่านมา"
data analyst,,ยานนาวา กรุงเทพมหานคร,1,Business Analyst (Regulatory Data),Bank of Ayudhya Public Company Limited,ยานนาวา กรุงเทพมหานคร,,3 วันที่ผ่านมา,https://th.jobsdb.com/th/job/90334018?type=standard&ref=search-standalone&origin=jobCard,"Listed more than three days ago Business Analyst (Regulatory Data) ที่ Bank of Ayudhya Public Company Limited นี่คืองานงานเต็มเวลา ยานนาวา กรุงเทพมหานคร ( ไฮบริด ) Only 3 days in office minimum (Rama 3, free Bus to BTS) Joining top tier Banking Data Team. Work-Life balance culture settings. Only 3 days in office minimum (Rama 3, free Bus to BTS) Joining top tier Banking Data Team. Work-Life balance culture settings. Take your career to the next level and join one of the top tier data team in Banking world. Take your career to the next level and join one of the top tier data team in Banking world. subClassification: งานนักวิเคราะห์ธุรกิจ/งานนักวิเคราะห์ระบบ งานนักวิเคราะห์ธุรกิจ/งานนักวิเคราะห์ระบบ classification: งานไอที งานเทคโนโลยีสื่อสาร (งานไอที งานเทคโนโลยีสื่อสาร) 3 วันที่ผ่านมา 3 วันที่ผ่านมา"
data analyst,,ดุสิต กรุงเทพมหานคร,1,Data Analyst (Executive Support),Master Style Public Company Limited,ดุสิต กรุงเทพมหานคร,,5 วันที่ผ่านมา,https://th.jobsdb.com/th/job/90300290?type=standard&ref=search-standalone&origin=jobCard,Listed more than five days ago Data Analyst (Executive Support) ที่ Master Style Public Company Limited นี่คืองานงานเต็มเวลา ดุสิต กรุงเทพมหานคร วิเคราะห์ข้อมูลเชิงลึกจากทุกหน่วยธุรกิจ (Sales / Marketing / Operation / HR / Finance) เพื่อสนับสนุนการตัดสินใจเชิงกลยุทธ์ของผู้บริหารระดับสูง วิเคราะห์ข้อมูลเชิงลึกจากทุกหน่วยธุรกิจ (Sales / Marketing / Operation / HR / Finance) เพื่อสนับสนุนการตัดสินใจเชิงกลยุทธ์ของผู้บริหารระดับสูง subClassification: งานนักวิเคราะห์ธุรกิจ/งานนักวิเคราะห์ระบบ งานนักวิเคราะห์ธุรกิจ/งานนักวิเคราะห์ระบบ classification: งานไอที งานเทคโนโลยีสื่อสาร (งานไอที งานเทคโนโลยีสื่อสาร) 5 วันที่ผ่านมา 5 วันที่ผ่านมา
data analyst,,กรุงเทพมหานคร,1,Fraud Data Analyst,Ascend Money Group,กรุงเทพมหานคร,,27 วันที่ผ่านมา,https://th.jobsdb.com/th/job/89830956?type=standard&ref=search-standalone&origin=jobCard,Listed more than twenty seven days ago Fraud Data Analyst ที่ Ascend Money Group ใกล้หมดอายุ นี่คืองานงานเต็มเวลา กรุงเทพมหานคร Data Insights Analysis and consolidation.Create data view or data table by using SQL on Google BigQuery. Data Insights Analysis and consolidation.Create data view or data table by using SQL on Google BigQuery. subClassification: งานวิเคราะห์และจัดทำรายงาน งานวิเคราะห์และจัดทำรายงาน classification: งานธนาคาร งานการเงิน (งานธนาคาร งานการเงิน) 27 วันที่ผ่านมา 27 วันที่ผ่านมา
data analyst,,ห้วยขวาง กรุงเทพมหานคร,1,Business Intelligence & Data Analytics,PTG Energy Public Company Limited,ห้วยขวาง กรุงเทพมหานคร,,4 วันที่ผ่านมา,https://th.jobsdb.com/th/job/90310949?type=standard&ref=search-standalone&origin=jobCard,"Listed more than four days ago Business Intelligence & Data Analytics ที่ PTG Energy Public Company Limited นี่คืองานงานเต็มเวลา ห้วยขวาง กรุงเทพมหานคร ( ไฮบริด ) Big Data Data Analytic Big Data Data Analytic Data Analyst and BI – PTG’s Business At PTG Energy Group, data drives all of our decision-making. As part of the Business Intelligence team... Data Analyst and BI – PTG’s Business At PTG Energy Group, data drives all of our decision-making. As part of the Business Intelligence team... subClassification: งานนักวิเคราะห์ธุรกิจ/งานนักวิเคราะห์ระบบ งานนักวิเคราะห์ธุรกิจ/งานนักวิเคราะห์ระบบ classification: งานไอที งานเทคโนโลยีสื่อสาร (งานไอที งานเทคโนโลยีสื่อสาร) 4 วันที่ผ่านมา 4 วันที่ผ่านมา"
data analyst,,สายไหม กรุงเทพมหานคร,1,Data Analyst,"RERMMAI CO., LTD.",สายไหม กรุงเทพมหานคร,,19 วันที่ผ่านมา,https://th.jobsdb.com/th/job/89373734?type=standard&ref=search-standalone&origin=jobCard,"Listed more than nineteen days ago Data Analyst ที่ RERMMAI CO., LTD. นี่คืองานงานเต็มเวลา สายไหม กรุงเทพมหานคร รวบรวมและวิเคราะห์ข้อมูล สถิติ คู่แข่ง เพื่อจัดทำแผนการขายให้สอดคล้องกับข้อมูล รวบรวมและวิเคราะห์ข้อมูล สถิติ คู่แข่ง เพื่อจัดทำแผนการขายให้สอดคล้องกับข้อมูล subClassification: งานนักวิเคราะห์ธุรกิจ/งานนักวิเคราะห์ระบบ งานนักวิเคราะห์ธุรกิจ/งานนักวิเคราะห์ระบบ classification: งานไอที งานเทคโนโลยีสื่อสาร (งานไอที งานเทคโนโลยีสื่อสาร) 19 วันที่ผ่านมา 19 วันที่ผ่านมา"
data analyst,,ห้วยขวาง กรุงเทพมหานคร,1,Data Analyst (Carrier Business),"Huawei Technologies (Thailand) Co., Ltd.",ห้วยขวาง กรุงเทพมหานคร,,4 วันที่ผ่านมา,https://th.jobsdb.com/th/job/90306931?type=standard&ref=search-standalone&origin=jobCard,"Listed more than four days ago Data Analyst (Carrier Business) ที่ Huawei Technologies (Thailand) Co., Ltd. นี่คืองานงานเต็มเวลา ห้วยขวาง กรุงเทพมหานคร General Description of Duties and Responsibilities: Analyzes data, as well as contributes to the design, implementation, and delivery of... General Description of Duties and Responsibilities: Analyzes data, as well as contributes to the design, implementation, and delivery of... subClassification: งานโทรคมนาคม งานโทรคมนาคม classification: งานไอที งานเทคโนโลยีสื่อสาร (งานไอที งานเทคโนโลยีสื่อสาร) 4 วันที่ผ่านมา 4 วันที่ผ่านมา"
data analyst,,กรุงเทพมหานคร,1,Retail Marketing Analyst & Data Intelligence (CP Meiji),Charoen Pokphand Foods Public Company Limited,กรุงเทพมหานคร,"฿55,000 – ฿75,000 per month",2 วันที่ผ่านมา,https://th.jobsdb.com/th/job/90346685?type=standard&ref=search-standalone&origin=jobCard,"Listed more than two days ago Retail Marketing Analyst & Data Intelligence (CP Meiji) ที่ Charoen Pokphand Foods Public Company Limited นี่คืองานงานเต็มเวลา กรุงเทพมหานคร ฿55,000 – ฿75,000 per month Lead insights acquisition through traditional qualitative and quantitative research Lead insights acquisition through traditional qualitative and quantitative research subClassification: งานวิจัยและวิเคราะห์การตลาด งานวิจัยและวิเคราะห์การตลาด classification: งานการตลาด งานสื่อสาร (งานการตลาด งานสื่อสาร) 2 วันที่ผ่านมา 2 วันที่ผ่านมา"
data analyst,,สาทร กรุงเทพมหานคร,1,"Data Analyst, Data Scientist, Data Engineer",Land and Houses Bank Public Company Limited,สาทร กรุงเทพมหานคร,,24 วันที่ผ่านมา,https://th.jobsdb.com/th/job/89901519?type=standard&ref=search-standalone&origin=jobCard,"Listed more than twenty four days ago Data Analyst, Data Scientist, Data Engineer ที่ Land and Houses Bank Public Company Limited ใกล้หมดอายุ นี่คืองานงานเต็มเวลา สาทร กรุงเทพมหานคร Experience in Financial Industry Data Analyst, Data Scientist, Data Engineer Onsite 100% Experience in Financial Industry Data Analyst, Data Scientist, Data Engineer Onsite 100% Data Analyst, Data Scientist, Data Engineer Data Analyst, Data Scientist, Data Engineer subClassification: งานคณิตศาสตร์ งานสถิติ งานสารสนเทศศาสตร์ งานคณิตศาสตร์ งานสถิติ งานสารสนเทศศาสตร์ classification: งานวิทยาศาสตร์ งานเทคโนโลยี (งานวิทยาศาสตร์ งานเทคโนโลยี) 24 วันที่ผ่านมา 24 วันที่ผ่านมา"
data analyst,,วัฒนา กรุงเทพมหานคร,1,Data Analyst,Kiatnakin Phatra Securities Public Company Limited,วัฒนา กรุงเทพมหานคร,,23 วันที่ผ่านมา,https://th.jobsdb.com/th/job/89912976?type=standard&ref=search-standalone&origin=jobCard,Listed more than twenty three days ago Data Analyst ที่ Kiatnakin Phatra Securities Public Company Limited นี่คืองานงานเต็มเวลา วัฒนา กรุงเทพมหานคร ( ไฮบริด ) Any background is welcome Strong analytical and problem-solving skills Fluency in Power BI Any background is welcome Strong analytical and problem-solving skills Fluency in Power BI Design develop interactive dashboards and reports using BI tools. Ensure data in reports and dashboards visualized with accuracy and reliability Design develop interactive dashboards and reports using BI tools. Ensure data in reports and dashboards visualized with accuracy and reliability subClassification: งานนักวิเคราะห์ธุรกิจ/งานนักวิเคราะห์ระบบ งานนักวิเคราะห์ธุรกิจ/งานนักวิเคราะห์ระบบ classification: งานไอที งานเทคโนโลยีสื่อสาร (งานไอที งานเทคโนโลยีสื่อสาร) 23 วันที่ผ่านมา 23 วันที่ผ่านมา
data analyst,,จตุจักร กรุงเทพมหานคร,1,Senior Data Analytics & Research Analyst,SC Asset Corporation Public Company Limited,จตุจักร กรุงเทพมหานคร,"฿35,000 – ฿45,000 per month",20 วันที่ผ่านมา,https://th.jobsdb.com/th/job/89960819?type=standard&ref=search-standalone&origin=jobCard,"Listed more than twenty days ago Senior Data Analytics & Research Analyst ที่ SC Asset Corporation Public Company Limited นี่คืองานงานเต็มเวลา จตุจักร กรุงเทพมหานคร ฿35,000 – ฿45,000 per month มีบทบาทเชิงกลยุทธ์และมีผลต่อการตัดสินใจระดับองค์กร ได้ทำงานกับข้อมูลและเครื่องมือขั้นสูงอย่างเต็มศักยภาพ โอกาสเติบโตสู่ผู้นำด้าน Data & Research มีบทบาทเชิงกลยุทธ์และมีผลต่อการตัดสินใจระดับองค์กร ได้ทำงานกับข้อมูลและเครื่องมือขั้นสูงอย่างเต็มศักยภาพ โอกาสเติบโตสู่ผู้นำด้าน Data & Research ร่วมขับเคลื่อนองค์กรด้วยพลังของข้อมูล การวิเคราะห์ข้อมูลเชิงลึก การทำวิจัยที่มีผลกระทบจริง และการเปลี่ยนข้อมูลให้กลายเป็นกลยุทธ์ ร่วมขับเคลื่อนองค์กรด้วยพลังของข้อมูล การวิเคราะห์ข้อมูลเชิงลึก การทำวิจัยที่มีผลกระทบจริง และการเปลี่ยนข้อมูลให้กลายเป็นกลยุทธ์ subClassification: งานนักวิเคราะห์ธุรกิจ/งานนักวิเคราะห์ระบบ งานนักวิเคราะห์ธุรกิจ/งานนักวิเคราะห์ระบบ classification: งานไอที งานเทคโนโลยีสื่อสาร (งานไอที งานเทคโนโลยีสื่อสาร) 20 วันที่ผ่านมา 20 วันที่ผ่านมา"
data analyst,,จตุจักร กรุงเทพมหานคร,1,Credit Risk Analyst (Data Analyst),"MONIX Co., Ltd.",จตุจักร กรุงเทพมหานคร,,22 วันที่ผ่านมา,https://th.jobsdb.com/th/job/89927017?type=standard&ref=search-standalone&origin=jobCard,"Listed more than twenty two days ago Credit Risk Analyst (Data Analyst) ที่ MONIX Co., Ltd. นี่คืองานงานเต็มเวลา จตุจักร กรุงเทพมหานคร ( ไฮบริด ) Drive credit strategy via analytics, underwriting framework, and performance monitoring to support business growth. Drive credit strategy via analytics, underwriting framework, and performance monitoring to support business growth. subClassification: งานสินเชื่อ งานสินเชื่อ classification: งานธนาคาร งานการเงิน (งานธนาคาร งานการเงิน) 22 วันที่ผ่านมา 22 วันที่ผ่านมา"
data analyst,,สาทร กรุงเทพมหานคร,1,HR Data Analyst,TMT STEEL PUBLIC COMPANY LIMITED,สาทร กรุงเทพมหานคร,,5 วันที่ผ่านมา,https://th.jobsdb.com/th/job/90305530?type=standard&ref=search-standalone&origin=jobCard,"Listed more than five days ago HR Data Analyst ที่ TMT STEEL PUBLIC COMPANY LIMITED นี่คืองานงานเต็มเวลา สาทร กรุงเทพมหานคร HR Data Analyst role focused on managing and analyzing HR data, using insights and technology to improve HR processes and support organization growth. HR Data Analyst role focused on managing and analyzing HR data, using insights and technology to improve HR processes and support organization growth. subClassification: งานนักวิเคราะห์ธุรกิจ/งานนักวิเคราะห์ระบบ งานนักวิเคราะห์ธุรกิจ/งานนักวิเคราะห์ระบบ classification: งานไอที งานเทคโนโลยีสื่อสาร (งานไอที งานเทคโนโลยีสื่อสาร) 5 วันที่ผ่านมา 5 วันที่ผ่านมา"
data analyst,,สาทร กรุงเทพมหานคร,2,Resource Planning Data Analyst,PricewaterhouseCoopers ABAS Ltd. (PwC),สาทร กรุงเทพมหานคร,,18 วันที่ผ่านมา,https://th.jobsdb.com/th/job/89979343?type=standard&ref=search-standalone&origin=jobCard,Listed more than eighteen days ago Resource Planning Data Analyst ที่ PricewaterhouseCoopers ABAS Ltd. (PwC) นี่คืองานงานเต็มเวลา สาทร กรุงเทพมหานคร ( ไฮบริด ) Resource Allocation: Manage staff schedules to optimize workload distribution. Reporting & Analytics: Develop monthly resource management reports Resource Allocation: Manage staff schedules to optimize workload distribution. Reporting & Analytics: Develop monthly resource management reports subClassification: งานนักวิเคราะห์ธุรกิจ/งานนักวิเคราะห์ระบบ งานนักวิเคราะห์ธุรกิจ/งานนักวิเคราะห์ระบบ classification: งานไอที งานเทคโนโลยีสื่อสาร (งานไอที งานเทคโนโลยีสื่อสาร) 18 วันที่ผ่านมา 18 วันที่ผ่านมา
data analyst,,บางรัก กรุงเทพมหานคร,2,Data Analytics - Mobile Banking,Bangkok Bank Public Company Limited,บางรัก กรุงเทพมหานคร,,26 วันที่ผ่านมา,https://th.jobsdb.com/th/job/89844972?type=standard&ref=search-standalone&origin=jobCard,"Listed more than twenty six days ago Data Analytics - Mobile Banking ที่ Bangkok Bank Public Company Limited ใกล้หมดอายุ นี่คืองานงานเต็มเวลา บางรัก กรุงเทพมหานคร Near BTS and MRT Training & Development Good Benefits Near BTS and MRT Training & Development Good Benefits Data Analytics, Marketing Analytics and CRM Analytics for Product Mobile Banking Data Analytics, Marketing Analytics and CRM Analytics for Product Mobile Banking subClassification: งานนักวิเคราะห์ธุรกิจ/งานนักวิเคราะห์ระบบ งานนักวิเคราะห์ธุรกิจ/งานนักวิเคราะห์ระบบ classification: งานไอที งานเทคโนโลยีสื่อสาร (งานไอที งานเทคโนโลยีสื่อสาร) 26 วันที่ผ่านมา 26 วันที่ผ่านมา"
data analyst,,ปากเกร็ด นนทบุรี,2,นักวิเคราะห์ข้อมูล (Data Analyst),"MedFocus Co., Ltd.",ปากเกร็ด นนทบุรี,,7 วันที่ผ่านมา,https://th.jobsdb.com/th/job/90252502?type=standard&ref=search-standalone&origin=jobCard,"Listed more than seven days ago นักวิเคราะห์ข้อมูล (Data Analyst) ที่ MedFocus Co., Ltd. นี่คืองานงานสัญญาจ้าง ปากเกร็ด นนทบุรี - - subClassification: งานนักวิเคราะห์ธุรกิจ/งานนักวิเคราะห์ระบบ งานนักวิเคราะห์ธุรกิจ/งานนักวิเคราะห์ระบบ classification: งานไอที งานเทคโนโลยีสื่อสาร (งานไอที งานเทคโนโลยีสื่อสาร) 7 วันที่ผ่านมา 7 วันที่ผ่านมา"
data analyst,,บางซื่อ กรุงเทพมหานคร,2,Data Analysis,THE DHARMNITI PUBLIC COMPANY LIMITED,บางซื่อ กรุงเทพมหานคร,,6 วันที่ผ่านมา,https://th.jobsdb.com/th/job/90270859?type=standard&ref=search-standalone&origin=jobCard,Listed more than six days ago Data Analysis ที่ THE DHARMNITI PUBLIC COMPANY LIMITED นี่คืองานงานเต็มเวลา บางซื่อ กรุงเทพมหานคร เป็นสถาบันที่ให้บริการความรู้ และมีความเชี่ยวชาญทางด้านบัญชีภาษีอากร การบริหารจัดการ และวิชาการในด้านต่างๆ ที่ครอบคลุมทุกสาขาวิชาชีพ เป็นสถาบันที่ให้บริการความรู้ และมีความเชี่ยวชาญทางด้านบัญชีภาษีอากร การบริหารจัดการ และวิชาการในด้านต่างๆ ที่ครอบคลุมทุกสาขาวิชาชีพ subClassification: งานนักวิเคราะห์ งานนักวิเคราะห์ classification: งานที่ปรึกษา งานวางแผนกลยุทธ์ (งานที่ปรึกษา งานวางแผนกลยุทธ์) 6 วันที่ผ่านมา 6 วันที่ผ่านมา
data analyst,,กรุงเทพมหานคร,2,Data Analyst (MIS),TMBThanachart Bank or ttb / ทีเอ็มบีธนชาต หรือ ทีทีบี,กรุงเทพมหานคร,,21 วันที่ผ่านมา,https://th.jobsdb.com/th/job/89952784?type=standard&ref=search-standalone&origin=jobCard,"Listed more than twenty one days ago Data Analyst (MIS) ที่ TMBThanachart Bank or ttb / ทีเอ็มบีธนชาต หรือ ทีทีบี นี่คืองานงานเต็มเวลา กรุงเทพมหานคร At Least 4 years experience as a MIS, Data Analyst Has knowledge PL/SQL and Python Familiar with Data warehouse, Oracle database At Least 4 years experience as a MIS, Data Analyst Has knowledge PL/SQL and Python Familiar with Data warehouse, Oracle database MIS Analyst for Data warehouse MIS Analyst for Data warehouse subClassification: งานโปรแกรมเมอร์ งานโปรแกรมเมอร์ classification: งานไอที งานเทคโนโลยีสื่อสาร (งานไอที งานเทคโนโลยีสื่อสาร) 21 วันที่ผ่านมา 21 วันที่ผ่านมา"
data analyst,,กรุงเทพมหานคร,2,Asst. Manager – Corporate Business Data Analysis,Tokio Marine Life Insurance (Thailand) Public Company Limited,กรุงเทพมหานคร,"฿50,000 – ฿60,000 per month",28 วันที่ผ่านมา,https://th.jobsdb.com/th/job/89787730?type=standard&ref=search-standalone&origin=jobCard,"Listed more than twenty eight days ago Asst. Manager – Corporate Business Data Analysis ที่ Tokio Marine Life Insurance (Thailand) Public Company Limited ใกล้หมดอายุ นี่คืองานงานเต็มเวลา กรุงเทพมหานคร ฿50,000 – ฿60,000 per month 8-10 years’ experience in Underwriting function in group insurance business with Advanced knowledge in using data analysis tools, PowerBI, Python, R, SQL 8-10 years’ experience in Underwriting function in group insurance business with Advanced knowledge in using data analysis tools, PowerBI, Python, R, SQL 1. Strategic Decision Support 2. Forecasting and Trend Analysis 3. Reporting and Communication 1. Strategic Decision Support 2. Forecasting and Trend Analysis 3. Reporting and Communication subClassification: งานนักวิเคราะห์ธุรกิจ/งานนักวิเคราะห์ระบบ งานนักวิเคราะห์ธุรกิจ/งานนักวิเคราะห์ระบบ classification: งานไอที งานเทคโนโลยีสื่อสาร (งานไอที งานเทคโนโลยีสื่อสาร) 28 วันที่ผ่านมา 28 วันที่ผ่านมา"
data analyst,,ห้วยขวาง กรุงเทพมหานคร,2,Accounting Data Analyst - Base G Tower (Rama9),Central Group (Central Pattana Public Company Limited),ห้วยขวาง กรุงเทพมหานคร,,17 วันที่ผ่านมา,https://th.jobsdb.com/th/job/90043064?type=standard&ref=search-standalone&origin=jobCard,"Listed more than seventeen days ago Accounting Data Analyst - Base G Tower (Rama9) ที่ Central Group (Central Pattana Public Company Limited) นี่คืองานงานเต็มเวลา ห้วยขวาง กรุงเทพมหานคร Retails, Analyst, Data Management Analysis, Retail Strategy, Strategy Leasing, Data, Insight, Dashboard Retails, Analyst, Data Management Analysis, Retail Strategy, Strategy Leasing, Data, Insight, Dashboard Responsibilities : Collect, clean, and analyze leasing data to produce primary and secondary insights. Generate regular reports on... Responsibilities : Collect, clean, and analyze leasing data to produce primary and secondary insights. Generate regular reports on... subClassification: งานนักวิเคราะห์ธุรกิจ/งานนักวิเคราะห์ระบบ งานนักวิเคราะห์ธุรกิจ/งานนักวิเคราะห์ระบบ classification: งานไอที งานเทคโนโลยีสื่อสาร (งานไอที งานเทคโนโลยีสื่อสาร) 17 วันที่ผ่านมา 17 วันที่ผ่านมา"
data analyst,,กรุงเทพมหานคร,2,Data Analyst Specialist (Financial Services),Ascend Money Group,กรุงเทพมหานคร,,6 วันที่ผ่านมา,https://th.jobsdb.com/th/job/90273625?type=standard&ref=search-standalone&origin=jobCard,Listed more than six days ago Data Analyst Specialist (Financial Services) ที่ Ascend Money Group นี่คืองานงานเต็มเวลา กรุงเทพมหานคร ( ไฮบริด ) - Designing long-running analytics workflows - Automating root-cause analysis - Building systems that turn data into explanations and recommendations - Designing long-running analytics workflows - Automating root-cause analysis - Building systems that turn data into explanations and recommendations subClassification: งานวิเคราะห์และจัดทำรายงาน งานวิเคราะห์และจัดทำรายงาน classification: งานธนาคาร งานการเงิน (งานธนาคาร งานการเงิน) 6 วันที่ผ่านมา 6 วันที่ผ่านมา
data analyst,,กรุงเทพมหานคร,2,"Team Lead, Data & Analytics",Agoda Company Pte. Ltd,กรุงเทพมหานคร,,5 วันที่ผ่านมา,https://th.jobsdb.com/th/job/90305925?type=standard&ref=search-standalone&origin=jobCard,"Listed more than five days ago Team Lead, Data & Analytics ที่ Agoda Company Pte. Ltd นี่คืองานงานเต็มเวลา กรุงเทพมหานคร ( ไฮบริด ) Working in a multi-national company Career growth opportunity Hybrid Working Working in a multi-national company Career growth opportunity Hybrid Working Translating data into useful insights to support business growth Translating data into useful insights to support business growth subClassification: งานผู้ดูแลระบบเครือข่าย งานผู้ดูแลระบบเครือข่าย classification: งานไอที งานเทคโนโลยีสื่อสาร (งานไอที งานเทคโนโลยีสื่อสาร) 5 วันที่ผ่านมา 5 วันที่ผ่านมา"
data analyst,,คลองเตย กรุงเทพมหานคร,2,CRM & Data Analytics Assistant Manager,"Suntory Beverage & Food (Thailand) Co., Ltd.",คลองเตย กรุงเทพมหานคร,,6 วันที่ผ่านมา,https://th.jobsdb.com/th/job/90278788?type=standard&ref=search-standalone&origin=jobCard,"Listed more than six days ago CRM & Data Analytics Assistant Manager ที่ Suntory Beverage & Food (Thailand) Co., Ltd. นี่คืองานงานเต็มเวลา คลองเตย กรุงเทพมหานคร ( ไฮบริด ) Drive CRM and loyalty programs with data-led insights, enhancing customer engagement, retention, and long-term value. Drive CRM and loyalty programs with data-led insights, enhancing customer engagement, retention, and long-term value. subClassification: งานวิจัยและวิเคราะห์การตลาด งานวิจัยและวิเคราะห์การตลาด classification: งานการตลาด งานสื่อสาร (งานการตลาด งานสื่อสาร) 6 วันที่ผ่านมา 6 วันที่ผ่านมา"
data analyst,,ดินแดง กรุงเทพมหานคร,2,Data Solutions Analyst (Generative AI Platform),"Softnix Technology Co., Ltd.",ดินแดง กรุงเทพมหานคร,,12 วันที่ผ่านมา,https://th.jobsdb.com/th/job/90151663?type=standard&ref=search-standalone&origin=jobCard,"Listed more than twelve days ago Data Solutions Analyst (Generative AI Platform) ที่ Softnix Technology Co., Ltd. นี่คืองานงานเต็มเวลา ดินแดง กรุงเทพมหานคร • มีทักษะการวิเคราะห์เชิงตรรกะ (Analytical Thinking) เข้าใจหลักการพื้นฐานของ LLM, Prompt, และแนวคิดการดึงข้อมูลจากเอกสาร (RAG) มีประสบการณ์ในงาน Data Analyst, Business Analyst • มีทักษะการวิเคราะห์เชิงตรรกะ (Analytical Thinking) เข้าใจหลักการพื้นฐานของ LLM, Prompt, และแนวคิดการดึงข้อมูลจากเอกสาร (RAG) มีประสบการณ์ในงาน Data Analyst, Business Analyst • วิเคราะห์ความต้องการของลูกค้า และออกแบบการใช้งานระบบ Softnix GenAI • ทำงานร่วมกับทีม Product และ Developer เพื่อออกแบบและปรับปรุงการทำงาน • วิเคราะห์ความต้องการของลูกค้า และออกแบบการใช้งานระบบ Softnix GenAI • ทำงานร่วมกับทีม Product และ Developer เพื่อออกแบบและปรับปรุงการทำงาน subClassification: งานนักวิเคราะห์ธุรกิจ/งานนักวิเคราะห์ระบบ งานนักวิเคราะห์ธุรกิจ/งานนักวิเคราะห์ระบบ classification: งานไอที งานเทคโนโลยีสื่อสาร (งานไอที งานเทคโนโลยีสื่อสาร) 12 วันที่ผ่านมา 12 วันที่ผ่านมา"
data analyst,,กรุงเทพมหานคร,2,Assistant Manager – Retails Business Data Analyst,Krungthai AXA Life Insurance Public Company Limited,กรุงเทพมหานคร,,19 วันที่ผ่านมา,https://th.jobsdb.com/th/job/89986713?type=standard&ref=search-standalone&origin=jobCard,Listed more than nineteen days ago Assistant Manager – Retails Business Data Analyst ที่ Krungthai AXA Life Insurance Public Company Limited นี่คืองานงานเต็มเวลา กรุงเทพมหานคร ( ไฮบริด ) Provide data analysis of individual insurance business insight through effective sales reporting & dashboard to support the strategic decision making. Provide data analysis of individual insurance business insight through effective sales reporting & dashboard to support the strategic decision making. subClassification: งานนักวิเคราะห์ งานนักวิเคราะห์ classification: งานที่ปรึกษา งานวางแผนกลยุทธ์ (งานที่ปรึกษา งานวางแผนกลยุทธ์) 19 วันที่ผ่านมา 19 วันที่ผ่านมา
data analyst,,ปากเกร็ด นนทบุรี,2,Data Analyst (เจ้าหน้าที่วิเคราะห์ข้อมูล),"Livplus Health Solution Co., Ltd.",ปากเกร็ด นนทบุรี,,25 วันที่ผ่านมา,https://th.jobsdb.com/th/job/89885875?type=standard&ref=search-standalone&origin=jobCard,"Listed more than twenty five days ago Data Analyst (เจ้าหน้าที่วิเคราะห์ข้อมูล) ที่ Livplus Health Solution Co., Ltd. ใกล้หมดอายุ นี่คืองานงานเต็มเวลา ปากเกร็ด นนทบุรี หากคุณชอบทำงานการวิเคราะห์ข้อมูล Lead จากหลายช่องทาง นี่คือโอกาสใช้สกิลด้าน Data สร้าง Impact ให้ธุรกิจและเติบโตไปพร้อมกับทีมของเรา หากคุณชอบทำงานการวิเคราะห์ข้อมูล Lead จากหลายช่องทาง นี่คือโอกาสใช้สกิลด้าน Data สร้าง Impact ให้ธุรกิจและเติบโตไปพร้อมกับทีมของเรา subClassification: งานนักวิเคราะห์ธุรกิจ/งานนักวิเคราะห์ระบบ งานนักวิเคราะห์ธุรกิจ/งานนักวิเคราะห์ระบบ classification: งานไอที งานเทคโนโลยีสื่อสาร (งานไอที งานเทคโนโลยีสื่อสาร) 25 วันที่ผ่านมา 25 วันที่ผ่านมา"
data analyst,,บางรัก กรุงเทพมหานคร,2,Data Analyst Staff (Life Insurance Broker),"Toyota Leasing (Thailand) Co., Ltd.",บางรัก กรุงเทพมหานคร,,8 วันที่ผ่านมา,https://th.jobsdb.com/th/job/90210699?type=standard&ref=search-standalone&origin=jobCard,"Listed more than eight days ago Data Analyst Staff (Life Insurance Broker) ที่ Toyota Leasing (Thailand) Co., Ltd. นี่คืองานงานเต็มเวลา บางรัก กรุงเทพมหานคร ( ไฮบริด ) Data Analyst for insurance business Advance in MS Office especially data analytic tool 5-day workweek, near BTS&MRT, high bonus Data Analyst for insurance business Advance in MS Office especially data analytic tool 5-day workweek, near BTS&MRT, high bonus Prepare & monitor insurance business information for daily, weekly & monthly such as daily report, sales performance, summary of month-end report Prepare & monitor insurance business information for daily, weekly & monthly such as daily report, sales performance, summary of month-end report subClassification: งานวิจัยและวิเคราะห์การตลาด งานวิจัยและวิเคราะห์การตลาด classification: งานการตลาด งานสื่อสาร (งานการตลาด งานสื่อสาร) 8 วันที่ผ่านมา 8 วันที่ผ่านมา"
data analyst,,ห้วยขวาง กรุงเทพมหานคร,3,Procurement Officer / Expert (Data Analyst),Muang Thai Life Assurance Public Company Limited,ห้วยขวาง กรุงเทพมหานคร,,28 วันที่ผ่านมา,https://th.jobsdb.com/th/job/89785399?type=standard&ref=search-standalone&origin=jobCard,"Listed more than twenty eight days ago Procurement Officer / Expert (Data Analyst) ที่ Muang Thai Life Assurance Public Company Limited ใกล้หมดอายุ นี่คืองานงานเต็มเวลา ห้วยขวาง กรุงเทพมหานคร ( ไฮบริด ) Procurement / Purchasing Process Improvement Design and develop processes / Data Analytics Sourcing vendor Procurement / Purchasing Process Improvement Design and develop processes / Data Analytics Sourcing vendor Job Description: Plan, control, monitor and implement the processes of the procurement project Cope with difficulties and provide... Job Description: Plan, control, monitor and implement the processes of the procurement project Cope with difficulties and provide... subClassification: งานจัดซื้อ งานสินค้าคงคลัง งานจัดซื้อ งานสินค้าคงคลัง classification: งานการผลิต งานขนส่ง (งานการผลิต งานขนส่ง) 28 วันที่ผ่านมา 28 วันที่ผ่านมา"
data analyst,,ปทุมธานี,3,Data Analyst (Supply chain),Dohome Public Company Limited,ปทุมธานี,,29 วันที่ผ่านมา,https://th.jobsdb.com/th/job/89779851?type=standard&ref=search-standalone&origin=jobCard,"Listed more than twenty nine days ago Data Analyst (Supply chain) ที่ Dohome Public Company Limited ใกล้หมดอายุ นี่คืองานงานเต็มเวลา ปทุมธานี Analyze and manage inventory data to support supply chain planning, with a strong focus on promotional and seasonal products. Analyze and manage inventory data to support supply chain planning, with a strong focus on promotional and seasonal products. subClassification: งานนักวิเคราะห์ธุรกิจ/งานนักวิเคราะห์ระบบ งานนักวิเคราะห์ธุรกิจ/งานนักวิเคราะห์ระบบ classification: งานไอที งานเทคโนโลยีสื่อสาร (งานไอที งานเทคโนโลยีสื่อสาร) 29 วันที่ผ่านมา 29 วันที่ผ่านมา"
data analyst,,พญาไท กรุงเทพมหานคร,3,Data analyst (Assistant GIS Engineer),"Nila Solutions Co., Ltd.",พญาไท กรุงเทพมหานคร,,5 วันที่ผ่านมา,https://th.jobsdb.com/th/job/90295765?type=standard&ref=search-standalone&origin=jobCard,"Listed more than five days ago Data analyst (Assistant GIS Engineer) ที่ Nila Solutions Co., Ltd. นี่คืองานงานเต็มเวลา พญาไท กรุงเทพมหานคร Supports GIS data processing, UAV imagery, and mapping. Requires GIS/GNSS skills, ArcGIS, QGIS, Pix4D proficiency, and fieldwork readiness. Supports GIS data processing, UAV imagery, and mapping. Requires GIS/GNSS skills, ArcGIS, QGIS, Pix4D proficiency, and fieldwork readiness. subClassification: งานนักวิเคราะห์ธุรกิจ/งานนักวิเคราะห์ระบบ งานนักวิเคราะห์ธุรกิจ/งานนักวิเคราะห์ระบบ classification: งานไอที งานเทคโนโลยีสื่อสาร (งานไอที งานเทคโนโลยีสื่อสาร) 5 วันที่ผ่านมา 5 วันที่ผ่านมา"
data analyst,,กรุงเทพมหานคร,3,Data Analyst,Thana Telecom,กรุงเทพมหานคร,"฿30,000 – ฿45,000 per month",20 วันที่ผ่านมา,https://th.jobsdb.com/th/job/89973379?type=standard&ref=search-standalone&origin=jobCard,"Listed more than twenty days ago Data Analyst ที่ Thana Telecom นี่คืองานงานเต็มเวลา กรุงเทพมหานคร ฿30,000 – ฿45,000 per month Data Analyst , Data Scientist, Understanding of machine-learning and operations research, Knowledge of R, SQL and Python Data Analyst , Data Scientist, Understanding of machine-learning and operations research, Knowledge of R, SQL and Python subClassification: งานนักวิเคราะห์ธุรกิจ/งานนักวิเคราะห์ระบบ งานนักวิเคราะห์ธุรกิจ/งานนักวิเคราะห์ระบบ classification: งานไอที งานเทคโนโลยีสื่อสาร (งานไอที งานเทคโนโลยีสื่อสาร) 20 วันที่ผ่านมา 20 วันที่ผ่านมา"
data analyst,,พระโขนง กรุงเทพมหานคร,3,Data Analyst,Jaspal Public Company Limited,พระโขนง กรุงเทพมหานคร,,7 วันที่ผ่านมา,https://th.jobsdb.com/th/job/90241984?type=standard&ref=search-standalone&origin=jobCard,"Listed more than seven days ago Data Analyst ที่ Jaspal Public Company Limited นี่คืองานงานเต็มเวลา พระโขนง กรุงเทพมหานคร 25% Discount on Products Provident Fund Annual Bonus 25% Discount on Products Provident Fund Annual Bonus Analyzing business, sales, and customer data to generate actionable insights that support decision-making Analyzing business, sales, and customer data to generate actionable insights that support decision-making subClassification: งานวิจัยและวิเคราะห์การตลาด งานวิจัยและวิเคราะห์การตลาด classification: งานการตลาด งานสื่อสาร (งานการตลาด งานสื่อสาร) 7 วันที่ผ่านมา 7 วันที่ผ่านมา"
data analyst,,กรุงเทพมหานคร,3,Sale Data Analyst (Route to Market),"Suntory Beverage & Food (Thailand) Co., Ltd.",กรุงเทพมหานคร,,24 วันที่ผ่านมา,https://th.jobsdb.com/th/job/89903467?type=standard&ref=search-standalone&origin=jobCard,"Listed more than twenty four days ago Sale Data Analyst (Route to Market) ที่ Suntory Beverage & Food (Thailand) Co., Ltd. ใกล้หมดอายุ นี่คืองานงานเต็มเวลา กรุงเทพมหานคร ( ไฮบริด ) Drive data-led sales efficiency via automated dashboards, AI tools, RTM insights, report automation, performance tracking, and Perfect Store execution Drive data-led sales efficiency via automated dashboards, AI tools, RTM insights, report automation, performance tracking, and Perfect Store execution subClassification: งานพัฒนาธุรกิจใหม่ งานพัฒนาธุรกิจใหม่ classification: งานขาย (งานขาย) 24 วันที่ผ่านมา 24 วันที่ผ่านมา"
data analyst,,แปลงยาว ฉะเชิงเทรา,3,Demand and Data Analyst,TE Connectivity,แปลงยาว ฉะเชิงเทรา,,11 วันที่ผ่านมา,https://th.jobsdb.com/th/job/90178375?type=standard&ref=search-standalone&origin=jobCard,"Listed more than eleven days ago Demand and Data Analyst ที่ TE Connectivity นี่คืองานงานเต็มเวลา แปลงยาว ฉะเชิงเทรา SAP Knowledge Fluent in English Strong in data analysis (demand forecasting, inventory) SAP Knowledge Fluent in English Strong in data analysis (demand forecasting, inventory) Experiences order, demand, master data management in supply chain function Experiences order, demand, master data management in supply chain function subClassification: งานวิเคราะห์และจัดทำรายงาน งานวิเคราะห์และจัดทำรายงาน classification: งานการผลิต งานขนส่ง (งานการผลิต งานขนส่ง) 11 วันที่ผ่านมา 11 วันที่ผ่านมา"
data analyst,,บางนา กรุงเทพมหานคร,3,Data Analyst (Event & Entertainment),BHIRAJ BURI GROUP,บางนา กรุงเทพมหานคร,,18 วันที่ผ่านมา,https://th.jobsdb.com/th/job/90031118?type=standard&ref=search-standalone&origin=jobCard,Listed more than eighteen days ago Data Analyst (Event & Entertainment) ที่ BHIRAJ BURI GROUP นี่คืองานงานเต็มเวลา บางนา กรุงเทพมหานคร BITEC BITEC subClassification: งานวิจัยและวิเคราะห์การตลาด งานวิจัยและวิเคราะห์การตลาด classification: งานการตลาด งานสื่อสาร (งานการตลาด งานสื่อสาร) 18 วันที่ผ่านมา 18 วันที่ผ่านมา
data analyst,,ราชเทวี กรุงเทพมหานคร,3,E-commerce & Data Analyst,"PORNKASEM COSMETICS CO., LTD.",ราชเทวี กรุงเทพมหานคร,"฿19,000 – ฿25,000 per month",13 วันที่ผ่านมา,https://th.jobsdb.com/th/job/90130574?type=standard&ref=search-standalone&origin=jobCard,"Listed more than thirteen days ago E-commerce & Data Analyst ที่ PORNKASEM COSMETICS CO., LTD. นี่คืองานงานเต็มเวลา ราชเทวี กรุงเทพมหานคร ฿19,000 – ฿25,000 per month Join our creative beauty team! Enjoy product discounts, aesthetic perks, performance bonus & great employee benefits. Join our creative beauty team! Enjoy product discounts, aesthetic perks, performance bonus & great employee benefits. subClassification: งานการตลาดดิจิทัล งานการตลาดดิจิทัล classification: งานการตลาด งานสื่อสาร (งานการตลาด งานสื่อสาร) 13 วันที่ผ่านมา 13 วันที่ผ่านมา"
data analyst,,กรุงเทพมหานคร,3,Data Analyst (Contract),PRTR Group Public Company Limited,กรุงเทพมหานคร,45-60k THB,21 วันที่ผ่านมา,https://th.jobsdb.com/th/job/89944271?type=standard&ref=search-standalone&origin=jobCard,Listed more than twenty one days ago Data Analyst (Contract) ที่ PRTR Group Public Company Limited นี่คืองานงานเต็มเวลา กรุงเทพมหานคร 45-60k THB Data Analysis Excel and Power BI Good Command of English Data Analysis Excel and Power BI Good Command of English PRTR PRTR subClassification: งานวิเคราะห์และจัดทำรายงาน งานวิเคราะห์และจัดทำรายงาน classification: งานบัญชี (งานบัญชี) 21 วันที่ผ่านมา 21 วันที่ผ่านมา
data analyst,,บางรัก กรุงเทพมหานคร,3,"FMCG Strategist (Data analysis: Excel, Pivot, VLOOKUP)",PERSOL Thailand,บางรัก กรุงเทพมหานคร,,17 วันที่ผ่านมา,https://th.jobsdb.com/th/job/90041852?type=standard&ref=search-standalone&origin=jobCard,"Listed more than seventeen days ago FMCG Strategist (Data analysis: Excel, Pivot, VLOOKUP) ที่ PERSOL Thailand นี่คืองานงานสัญญาจ้าง บางรัก กรุงเทพมหานคร Data analysis Data analysis subClassification: งานวิเคราะห์และจัดทำรายงาน งานวิเคราะห์และจัดทำรายงาน classification: งานขาย (งานขาย) 17 วันที่ผ่านมา 17 วันที่ผ่านมา"
data analyst,,กรุงเทพมหานครและปริมณฑล,3,HR Data Analytics _Junior 28K @BTS Ratchadamri,ผู้ประกอบการไม่เปิดเผยชื่อบริษัท,กรุงเทพมหานครและปริมณฑล,,4 วันที่ผ่านมา,https://th.jobsdb.com/th/job/90324839?type=standard&ref=search-standalone&origin=jobCard,"Listed more than four days ago HR Data Analytics _Junior 28K @BTS Ratchadamri ที่ ผู้ประกอบการไม่เปิดเผยชื่อบริษัท นี่คืองานงานเต็มเวลา กรุงเทพมหานครและปริมณฑล Bachelor’s degree or higher in Engineering, Human Resources Proficiency in Power BI, Looker Studio, Basic knowledge of Data Analytics and data interpretation. Bachelor’s degree or higher in Engineering, Human Resources Proficiency in Power BI, Looker Studio, Basic knowledge of Data Analytics and data interpretation. Develop and maintain Dashboard Visualizations (Power BI, Looker Studio) to monitor performance from corporate to employee levels. Develop and maintain Dashboard Visualizations (Power BI, Looker Studio) to monitor performance from corporate to employee levels. subClassification: งานนักวิเคราะห์ธุรกิจ/งานนักวิเคราะห์ระบบ งานนักวิเคราะห์ธุรกิจ/งานนักวิเคราะห์ระบบ classification: งานไอที งานเทคโนโลยีสื่อสาร (งานไอที งานเทคโนโลยีสื่อสาร) 4 วันที่ผ่านมา 4 วันที่ผ่านมา"
data analyst,,กรุงเทพมหานคร,4,Data Analyst (Python Required),"SLEEK EV Co., Ltd",กรุงเทพมหานคร,"฿38,000 – ฿48,000 per month",15 วันที่ผ่านมา,https://th.jobsdb.com/th/job/89454343?type=standard&ref=search-standalone&origin=jobCard,"Listed more than fifteen days ago Data Analyst (Python Required) ที่ SLEEK EV Co., Ltd นี่คืองานงานเต็มเวลา กรุงเทพมหานคร ฿38,000 – ฿48,000 per month Great growth opportunity Great growth opportunity subClassification: งานพัฒนาและบริหารจัดการฐานข้อมูล งานพัฒนาและบริหารจัดการฐานข้อมูล classification: งานไอที งานเทคโนโลยีสื่อสาร (งานไอที งานเทคโนโลยีสื่อสาร) 15 วันที่ผ่านมา 15 วันที่ผ่านมา"
data analyst,,เมืองปทุมธานี ปทุมธานี,4,CRM Data Analyst,Dohome Public Company Limited,เมืองปทุมธานี ปทุมธานี,"฿50,000 – ฿65,000 per month",13 วันที่ผ่านมา,https://th.jobsdb.com/th/job/90105188?type=standard&ref=search-standalone&origin=jobCard,"Listed more than thirteen days ago CRM Data Analyst ที่ Dohome Public Company Limited นี่คืองานงานเต็มเวลา เมืองปทุมธานี ปทุมธานี ฿50,000 – ฿65,000 per month Collect, analyze, and manage customer data from various sources, including purchase history, membership information. Collect, analyze, and manage customer data from various sources, including purchase history, membership information. subClassification: งานวิจัยและวิเคราะห์การตลาด งานวิจัยและวิเคราะห์การตลาด classification: งานการตลาด งานสื่อสาร (งานการตลาด งานสื่อสาร) 13 วันที่ผ่านมา 13 วันที่ผ่านมา"
data analyst,,ห้วยขวาง กรุงเทพมหานคร,4,Data Science and Analytics,PTG Energy Public Company Limited,ห้วยขวาง กรุงเทพมหานคร,,4 วันที่ผ่านมา,https://th.jobsdb.com/th/job/90310895?type=standard&ref=search-standalone&origin=jobCard,Listed more than four days ago Data Science and Analytics ที่ PTG Energy Public Company Limited นี่คืองานงานเต็มเวลา ห้วยขวาง กรุงเทพมหานคร Being able to translate business needs into executable data science and analytics solutions Being able to translate business needs into executable data science and analytics solutions subClassification: งานพัฒนาและบริหารจัดการฐานข้อมูล งานพัฒนาและบริหารจัดการฐานข้อมูล classification: งานไอที งานเทคโนโลยีสื่อสาร (งานไอที งานเทคโนโลยีสื่อสาร) 4 วันที่ผ่านมา 4 วันที่ผ่านมา
data analyst,,กรุงเทพมหานคร,4,"SVP, Anti-Money Laundering Data Analytics (AML)",United Overseas Bank (Thai) Public Company Limited (UOB),กรุงเทพมหานคร,$0 - $0,3 วันที่ผ่านมา,https://th.jobsdb.com/th/job/90344230?type=standard&ref=search-standalone&origin=jobCard,"Listed more than three days ago SVP, Anti-Money Laundering Data Analytics (AML) ที่ United Overseas Bank (Thai) Public Company Limited (UOB) นี่คืองานงานเต็มเวลา กรุงเทพมหานคร $0 - $0 Data Scientist Manage, build and deliver analytical solutions ML Data Scientist Manage, build and deliver analytical solutions ML About UOBUnited Overseas Bank Limited (UOB) is a leading bank in Asia with a global network of more than 500 branches and offices in 19 countries and About UOBUnited Overseas Bank Limited (UOB) is a leading bank in Asia with a global network of more than 500 branches and offices in 19 countries and subClassification: งานวิเคราะห์และจัดทำรายงาน งานวิเคราะห์และจัดทำรายงาน classification: งานธนาคาร งานการเงิน (งานธนาคาร งานการเงิน) 3 วันที่ผ่านมา 3 วันที่ผ่านมา"
data analyst,,กรุงเทพมหานคร,4,Data Scientist & Analytics,Central Retail Corporation Public Company Limited,กรุงเทพมหานคร,,11 วันที่ผ่านมา,https://th.jobsdb.com/th/job/90161264?type=standard&ref=search-standalone&origin=jobCard,"Listed more than eleven days ago Data Scientist & Analytics ที่ Central Retail Corporation Public Company Limited นี่คืองานงานเต็มเวลา กรุงเทพมหานคร Build models, analyze business data, create dashboards, develop pipelines, run experiments, and deliver actionable stakeholder insights. Build models, analyze business data, create dashboards, develop pipelines, run experiments, and deliver actionable stakeholder insights. subClassification: งานคณิตศาสตร์ งานสถิติ งานสารสนเทศศาสตร์ งานคณิตศาสตร์ งานสถิติ งานสารสนเทศศาสตร์ classification: งานวิทยาศาสตร์ งานเทคโนโลยี (งานวิทยาศาสตร์ งานเทคโนโลยี) 11 วันที่ผ่านมา 11 วันที่ผ่านมา"
data analyst,,กรุงเทพมหานคร,5,"Senior Associate, Regional Data Analyst",Lazada Ltd.,กรุงเทพมหานคร,"฿60,000 – ฿80,000 per month",27 วันที่ผ่านมา,https://th.jobsdb.com/th/job/89815989?type=standard&ref=search-standalone&origin=jobCard,"Listed more than twenty seven days ago Senior Associate, Regional Data Analyst ที่ Lazada Ltd. ใกล้หมดอายุ นี่คืองานงานเต็มเวลา กรุงเทพมหานคร ฿60,000 – ฿80,000 per month Opportunity to work with cross-functional teams within the company Enjoyable workplace environment Competitive incentive program Opportunity to work with cross-functional teams within the company Enjoyable workplace environment Competitive incentive program join our Regional Retail team and help shape how we organize, activate and leverage data across our Retail Business Unit. join our Regional Retail team and help shape how we organize, activate and leverage data across our Retail Business Unit. subClassification: งานนักวิเคราะห์ธุรกิจ/งานนักวิเคราะห์ระบบ งานนักวิเคราะห์ธุรกิจ/งานนักวิเคราะห์ระบบ classification: งานไอที งานเทคโนโลยีสื่อสาร (งานไอที งานเทคโนโลยีสื่อสาร) 27 วันที่ผ่านมา 27 วันที่ผ่านมา"
data analyst,,ห้วยขวาง กรุงเทพมหานคร,5,Sales Operations Data Analyst (Yearly Contract),Adecco New Petchburi Ltd. (NP1),ห้วยขวาง กรุงเทพมหานคร,"฿30,000 – ฿45,000 per month",25 วันที่ผ่านมา,https://th.jobsdb.com/th/job/89872714?type=standard&ref=search-standalone&origin=jobCard,"Listed more than twenty five days ago Sales Operations Data Analyst (Yearly Contract) ที่ Adecco New Petchburi Ltd. (NP1) ใกล้หมดอายุ นี่คืองานงานสัญญาจ้าง ห้วยขวาง กรุงเทพมหานคร ฿30,000 – ฿45,000 per month Data Analyst - RPA - MS Excel - Python - SQL Sales forecasting and pipeline analysis Data Analyst - RPA - MS Excel - Python - SQL Sales forecasting and pipeline analysis Data Analyst for Sales Operations is responsible for delivering actionable insights through the analysis, visualization, and reporting of sales data. Data Analyst for Sales Operations is responsible for delivering actionable insights through the analysis, visualization, and reporting of sales data. subClassification: งานวิเคราะห์และจัดทำรายงาน งานวิเคราะห์และจัดทำรายงาน classification: งานขาย (งานขาย) 25 วันที่ผ่านมา 25 วันที่ผ่านมา"
data analyst,,ราชเทวี กรุงเทพมหานคร,5,Senior Data Analyst,WHITELINE ACTIVATION COMPANY LIMITED,ราชเทวี กรุงเทพมหานคร,,19 วันที่ผ่านมา,https://th.jobsdb.com/th/job/90004232?type=standard&ref=search-standalone&origin=jobCard,Listed more than nineteen days ago Senior Data Analyst ที่ WHITELINE ACTIVATION COMPANY LIMITED นี่คืองานงานเต็มเวลา ราชเทวี กรุงเทพมหานคร Senior Data Analyst for Marketing Technology Team Senior Data Analyst for Marketing Technology Team subClassification: งานคณิตศาสตร์ งานสถิติ งานสารสนเทศศาสตร์ งานคณิตศาสตร์ งานสถิติ งานสารสนเทศศาสตร์ classification: งานวิทยาศาสตร์ งานเทคโนโลยี (งานวิทยาศาสตร์ งานเทคโนโลยี) 19 วันที่ผ่านมา 19 วันที่ผ่านมา
data analyst,,ระยอง,5,Electrical Engineer (Power) (AI/Data Analytics Experience Preferred),Ford Motor Company (Thailand) Limited,ระยอง,,21 ชั่วโมงที่ผ่านมา,https://th.jobsdb.com/th/job/90371142?type=standard&ref=search-standalone&origin=jobCard,"Listed more than twenty one days ago Electrical Engineer (Power) (AI/Data Analytics Experience Preferred) ที่ Ford Motor Company (Thailand) Limited จ้างงานเร่งด่วน นี่คืองานงานเต็มเวลา ระยอง Rewarded by performance Fixed and Performance Bonus International working standard Rewarded by performance Fixed and Performance Bonus International working standard Leverage advanced data analytics to monitor, analyze, and optimize plant utility performance. Leverage advanced data analytics to monitor, analyze, and optimize plant utility performance. subClassification: งานวิศวกรไฟฟ้า/งานวิศวกรอิเล็กทรอนิกส์ งานวิศวกรไฟฟ้า/งานวิศวกรอิเล็กทรอนิกส์ classification: งานวิศวกรรม (งานวิศวกรรม) 21 ชั่วโมงที่ผ่านมา 21 ชั่วโมงที่ผ่านมา"
data analyst,,กรุงเทพมหานคร,5,Technical Digital Data Insight (DDI) Analyst - Operational Bridge,S.A.P,กรุงเทพมหานคร,,18 วันที่ผ่านมา,https://th.jobsdb.com/th/job/90036326?type=standard&ref=search-standalone&origin=jobCard,Listed more than eighteen days ago Technical Digital Data Insight (DDI) Analyst - Operational Bridge ที่ S.A.P นี่คืองานงานเต็มเวลา กรุงเทพมหานคร ( ไฮบริด ) · Operational Enablement: Serve as the bridge between the technical automation team and Generalist DDI Analysts. You will lead the training and... · Operational Enablement: Serve as the bridge between the technical automation team and Generalist DDI Analysts. You will lead the training and... subClassification: งานวิศวกร - ซอฟต์แวร์ งานวิศวกร - ซอฟต์แวร์ classification: งานไอที งานเทคโนโลยีสื่อสาร (งานไอที งานเทคโนโลยีสื่อสาร) 18 วันที่ผ่านมา 18 วันที่ผ่านมา
data analyst,,บ้านฉาง ระยอง,6,"Data Scientist (Global Manufacturing Analytics - Thailand site, Senior level)",PURAC (Thailand) Ltd.,บ้านฉาง ระยอง,,6 วันที่ผ่านมา,https://th.jobsdb.com/th/job/90269223?type=standard&ref=search-standalone&origin=jobCard,"Listed more than six days ago Data Scientist (Global Manufacturing Analytics - Thailand site, Senior level) ที่ PURAC (Thailand) Ltd. นี่คืองานงานเต็มเวลา บ้านฉาง ระยอง Grow with global exposure and meaningful, high-impact projects Leverage advanced data science to drive innovation in manufacturing Be valued for expertise with competitive and rewarding opportunities Grow with global exposure and meaningful, high-impact projects Leverage advanced data science to drive innovation in manufacturing Be valued for expertise with competitive and rewarding opportunities Drive global business impact through data and innovation. Join Corbion’s analytics team at our most advanced site in Thailand. Drive global business impact through data and innovation. Join Corbion’s analytics team at our most advanced site in Thailand. subClassification: งานคณิตศาสตร์ งานสถิติ งานสารสนเทศศาสตร์ งานคณิตศาสตร์ งานสถิติ งานสารสนเทศศาสตร์ classification: งานวิทยาศาสตร์ งานเทคโนโลยี (งานวิทยาศาสตร์ งานเทคโนโลยี) 6 วันที่ผ่านมา 6 วันที่ผ่านมา"
data analyst,,กรุงเทพมหานคร,6,Demand Planning Supervisor (Data Analytics Focus),"TALENTVIS RECRUITMENT (THAILAND) CO., LTD.",กรุงเทพมหานคร,"฿50,000 – ฿60,000 per month",28 วันที่ผ่านมา,https://th.jobsdb.com/th/job/89782686?type=standard&ref=search-standalone&origin=jobCard,"Listed more than twenty eight days ago Demand Planning Supervisor (Data Analytics Focus) ที่ TALENTVIS RECRUITMENT (THAILAND) CO., LTD. ใกล้หมดอายุ นี่คืองานงานเต็มเวลา กรุงเทพมหานคร ฿50,000 – ฿60,000 per month Strong data analysis skills to drive accurate forecasting & support business Analyze historical sales data for 1,500+ SKUs, market trends and customer demand Good command of written and spoken English Strong data analysis skills to drive accurate forecasting & support business Analyze historical sales data for 1,500+ SKUs, market trends and customer demand Good command of written and spoken English Analyze historical sales data, market trends, and customer demand to improve forecast accuracy. Analyze historical sales data, market trends, and customer demand to improve forecast accuracy. subClassification: งานวิเคราะห์และจัดทำรายงาน งานวิเคราะห์และจัดทำรายงาน classification: งานขาย (งานขาย) 28 วันที่ผ่านมา 28 วันที่ผ่านมา"
data analyst,,บางคอแหลม กรุงเทพมหานคร,7,Data Analyst/ Data Engineer (Tech Consulting Company),"Frontis Co., Ltd.",บางคอแหลม กรุงเทพมหานคร,"฿25,000 – ฿35,000 per month",7 วันที่ผ่านมา,https://th.jobsdb.com/th/job/90251488?type=standard&ref=search-standalone&origin=jobCard,"Listed more than seven days ago Data Analyst/ Data Engineer (Tech Consulting Company) ที่ Frontis Co., Ltd. นี่คืองานงานเต็มเวลา บางคอแหลม กรุงเทพมหานคร ฿25,000 – ฿35,000 per month Join a project team of high performing people, who will catalyze each other to develop, grow and achieve great things together ... Join a project team of high performing people, who will catalyze each other to develop, grow and achieve great things together ... subClassification: งานพัฒนาและบริหารจัดการฐานข้อมูล งานพัฒนาและบริหารจัดการฐานข้อมูล classification: งานไอที งานเทคโนโลยีสื่อสาร (งานไอที งานเทคโนโลยีสื่อสาร) 7 วันที่ผ่านมา 7 วันที่ผ่านมา"
data analyst,,หาดใหญ่ สงขลา,7,Data Analyst,Masterpiece and Crochet Company Limited,หาดใหญ่ สงขลา,"฿15,000 – ฿20,000 per month",8 วันที่ผ่านมา,https://th.jobsdb.com/th/job/90203057?type=standard&ref=search-standalone&origin=jobCard,"Listed more than eight days ago Data Analyst ที่ Masterpiece and Crochet Company Limited นี่คืองานงานเต็มเวลา หาดใหญ่ สงขลา ฿15,000 – ฿20,000 per month วิเคราะห์ข้อมูล สรุป และจัดทำนำเสนอ Report ในรูปแบบ Dashboard หรือ Visualize ที่สามารถสื่อสารให้เข้าใจได้โดยง่าย วิเคราะห์ข้อมูล สรุป และจัดทำนำเสนอ Report ในรูปแบบ Dashboard หรือ Visualize ที่สามารถสื่อสารให้เข้าใจได้โดยง่าย subClassification: งานพัฒนาและบริหารจัดการฐานข้อมูล งานพัฒนาและบริหารจัดการฐานข้อมูล classification: งานไอที งานเทคโนโลยีสื่อสาร (งานไอที งานเทคโนโลยีสื่อสาร) 8 วันที่ผ่านมา 8 วันที่ผ่านมา"
data analyst,,จตุจักร กรุงเทพมหานคร,8,"Senior Officer, Trade & Data Analyst",RS Group,จตุจักร กรุงเทพมหานคร,,30 วัน+ ที่ผ่านมา,https://th.jobsdb.com/th/job/89333800?type=standard&ref=search-standalone&origin=jobCard,"Listed more than thirty days ago Senior Officer, Trade & Data Analyst ที่ RS Group นี่คืองานงานเต็มเวลา จตุจักร กรุงเทพมหานคร Monitoring and analyzing sales data to evaluate the effectiveness of trade marketing initiatives. Building and maintaining strong relationships... Monitoring and analyzing sales data to evaluate the effectiveness of trade marketing initiatives. Building and maintaining strong relationships... subClassification: งาน Trade Marketing งาน Trade Marketing classification: งานการตลาด งานสื่อสาร (งานการตลาด งานสื่อสาร) 30 วัน+ ที่ผ่านมา 30 วัน+ ที่ผ่านมา"
data analyst,,ห้วยขวาง กรุงเทพมหานคร,8,MIS Finance Data Analyst,Ngern Hai Jai Limited,ห้วยขวาง กรุงเทพมหานคร,,26 วันที่ผ่านมา,https://th.jobsdb.com/th/job/89841052?type=standard&ref=search-standalone&origin=jobCard,Listed more than twenty six days ago MIS Finance Data Analyst ที่ Ngern Hai Jai Limited ใกล้หมดอายุ นี่คืองานงานเต็มเวลา ห้วยขวาง กรุงเทพมหานคร MIS Finance Data Analyst MIS Finance Data Analyst subClassification: งานนักวิเคราะห์ธุรกิจ/งานนักวิเคราะห์ระบบ งานนักวิเคราะห์ธุรกิจ/งานนักวิเคราะห์ระบบ classification: งานไอที งานเทคโนโลยีสื่อสาร (งานไอที งานเทคโนโลยีสื่อสาร) 26 วันที่ผ่านมา 26 วันที่ผ่านมา
data analyst,,ภาษีเจริญ กรุงเทพมหานคร,8,Senior Business Analyst (Banking Data Project),Aware Corporation Limited,ภาษีเจริญ กรุงเทพมหานคร,,18 วันที่ผ่านมา,https://th.jobsdb.com/th/job/90030392?type=standard&ref=search-standalone&origin=jobCard,"Listed more than eighteen days ago Senior Business Analyst (Banking Data Project) ที่ Aware Corporation Limited นี่คืองานงานสัญญาจ้าง ภาษีเจริญ กรุงเทพมหานคร Involve in gathering and analyzing business requirements, designing data solutions, and supporting Bank of Thailand regulatory reporting projects. Involve in gathering and analyzing business requirements, designing data solutions, and supporting Bank of Thailand regulatory reporting projects. subClassification: งานนักวิเคราะห์ธุรกิจ/งานนักวิเคราะห์ระบบ งานนักวิเคราะห์ธุรกิจ/งานนักวิเคราะห์ระบบ classification: งานไอที งานเทคโนโลยีสื่อสาร (งานไอที งานเทคโนโลยีสื่อสาร) 18 วันที่ผ่านมา 18 วันที่ผ่านมา"
