keyword,page,job_title,company,location,salary,posted_date,job_url,raw_text
Data Scientist,1,Data Scientist,บริษัท จี.เอ็ม.เอส. คอร์เปอเรชั่น จำกัด,เขตยานนาวา กรุงเทพมหานคร,"25,000 - 30,000 บาท",16 ก.พ. 69,https://www.jobthai.com/th/company/job/1822474,"Data Scientist บริษัท จี.เอ็ม.เอส. คอร์เปอเรชั่น จำกัด บริษัท จี.เอ็ม.เอส. คอร์เปอเรชั่น จำกัด เขตยานนาวา กรุงเทพมหานคร 25,000 - 30,000 บาท 16 ก.พ. 69"
Data Scientist,1,Data Scientist,"Digital Dialogue Co., Ltd.",,ตามโครงสร้างบริษัทฯ,16 ก.พ. 69,https://www.jobthai.com/th/company/job/1685397,"Data Scientist Digital Dialogue Co., Ltd. Digital Dialogue Co., Ltd. MRT พระราม 9, ศูนย์วัฒนธรรมแห่งประเทศไทย ตามโครงสร้างบริษัทฯ 16 ก.พ. 69"
Data Scientist,1,Specialist - DATA Scientist,บริษัท เคซีจี คอร์ปอเรชั่น จำกัด (มหาชน) / KCG Corporation Public Company Limited,,ตามโครงสร้างบริษัทฯ,16 ก.พ. 69,https://www.jobthai.com/th/company/job/1848401,"Specialist - DATA Scientist บริษัท เคซีจี คอร์ปอเรชั่น จำกัด (มหาชน) / KCG Corporation Public Company Limited บริษัท เคซีจี คอร์ปอเรชั่น จำกัด (มหาชน) / KCG Corporation Public Company Limited BTS บางจาก, ปุณณวิถี ตามโครงสร้างบริษัทฯ สัมภาษณ์งานออนไลน์ 16 ก.พ. 69"
Data Scientist,1,Data Scientist – AI & Research,"Lief Capital Asset Management Co., Ltd.",เขตคลองสาน กรุงเทพมหานคร,ตามโครงสร้างบริษัทฯ,16 ก.พ. 69,https://www.jobthai.com/th/company/job/1584351,"Data Scientist – AI & Research Lief Capital Asset Management Co., Ltd. Lief Capital Asset Management Co., Ltd. รับสมัครด่วน เขตคลองสาน กรุงเทพมหานคร ตามโครงสร้างบริษัทฯ 16 ก.พ. 69"
Data Scientist,1,Data Scientist - WFH 95% + Office 5%,"THiNKNET Co., Ltd.",,"25,000 - 70,000 บาท",16 ก.พ. 69,https://www.jobthai.com/th/company/job/1439476,"Data Scientist - WFH 95% + Office 5% THiNKNET Co., Ltd. THiNKNET Co., Ltd. BTS ช่องนนทรี, ศาลาแดง MRT สีลม BRT สาทร 25,000 - 70,000 บาท Hybrid Work สัมภาษณ์งานออนไลน์ 16 ก.พ. 69"
Data Scientist,1,Data Engineer (Contractor),"The Prodigy (Thailand) Co., Ltd.",เขตพญาไท กรุงเทพมหานคร,"25,000 - 35,000 บาท",9 ก.พ. 69,https://www.jobthai.com/th/company/job/1821205,"Data Engineer (Contractor) The Prodigy (Thailand) Co., Ltd. The Prodigy (Thailand) Co., Ltd. เขตพญาไท กรุงเทพมหานคร 25,000 - 35,000 บาท สัมภาษณ์งานออนไลน์ 9 ก.พ. 69"
Data Scientist,1,Data Analyst,บริษัท ซาบีน่า จำกัด (มหาชน),เขตบางกอกน้อย กรุงเทพมหานคร,ตามตกลง,16 ก.พ. 69,https://www.jobthai.com/th/company/job/1862880,Data Analyst บริษัท ซาบีน่า จำกัด (มหาชน) บริษัท ซาบีน่า จำกัด (มหาชน) เขตบางกอกน้อย กรุงเทพมหานคร ตามตกลง Hybrid Work สัมภาษณ์งานออนไลน์ 16 ก.พ. 69
Data Scientist,1,Network Engineer,OxygenAI (บริษัท ออมนิ ดีล จำกัด),,ตามตกลง,16 ก.พ. 69,https://www.jobthai.com/th/company/job/1815773,"Network Engineer 16 ก.พ. 69 OxygenAI (บริษัท ออมนิ ดีล จำกัด) OxygenAI (บริษัท ออมนิ ดีล จำกัด) BTS ชิดลม, เพลินจิต ตามตกลง"
Data Scientist,1,Data Analyst,บริษัท ชับบ์สามัคคีประกันภัย จำกัด (มหาชน),เขตหลักสี่ กรุงเทพมหานคร,ตามตกลง,16 ก.พ. 69,https://www.jobthai.com/th/company/job/1824648,Data Analyst บริษัท ชับบ์สามัคคีประกันภัย จำกัด (มหาชน) บริษัท ชับบ์สามัคคีประกันภัย จำกัด (มหาชน) เขตหลักสี่ กรุงเทพมหานคร ตามตกลง 16 ก.พ. 69
Data Scientist,1,Business Intelligence (BI) Analyst,"Sasom Co., Ltd.",เขตพระโขนง กรุงเทพมหานคร,"30,000 - 35,000 บาท",13 ก.พ. 69,https://www.jobthai.com/th/company/job/1842618,"Business Intelligence (BI) Analyst Sasom Co., Ltd. Sasom Co., Ltd. รับสมัครด่วน เขตพระโขนง กรุงเทพมหานคร 30,000 - 35,000 บาท Hybrid Work สัมภาษณ์งานออนไลน์ 13 ก.พ. 69"
Data Scientist,1,AI & Data Science Specialist,"บริษัท ทีคิวเอ็ม อินชัวร์รันส์ โบรคเกอร์ จำกัด, TQM",เขตลาดพร้าว กรุงเทพมหานคร,ตามประสบการณ์,16 ก.พ. 69,https://www.jobthai.com/th/company/job/1680356,"AI & Data Science Specialist บริษัท ทีคิวเอ็ม อินชัวร์รันส์ โบรคเกอร์ จำกัด, TQM บริษัท ทีคิวเอ็ม อินชัวร์รันส์ โบรคเกอร์ จำกัด, TQM เขตลาดพร้าว กรุงเทพมหานคร ตามประสบการณ์ Hybrid Work สัมภาษณ์งานออนไลน์ 16 ก.พ. 69"
Data Scientist,1,Project Management Officer (Data Analyst),"Evolt Technology Co., Ltd.",,ตามตกลง,16 ก.พ. 69,https://www.jobthai.com/th/company/job/1797746,"Project Management Officer (Data Analyst) Evolt Technology Co., Ltd. Evolt Technology Co., Ltd. MRT สามย่าน ตามตกลง สัมภาษณ์งานออนไลน์ 16 ก.พ. 69"
Data Scientist,1,Business Analyst,บริษัท สหมิตรถังแก๊ส จำกัด (มหาชน),เขตบางขุนเทียน กรุงเทพมหานคร,ตามโครงสร้างบริษัทฯ,14 ก.พ. 69,https://www.jobthai.com/th/company/job/1652540,Business Analyst บริษัท สหมิตรถังแก๊ส จำกัด (มหาชน) บริษัท สหมิตรถังแก๊ส จำกัด (มหาชน) รับสมัครด่วน เขตบางขุนเทียน กรุงเทพมหานคร ตามโครงสร้างบริษัทฯ 14 ก.พ. 69
Data Scientist,1,Data Engineer / ETL Developer,"Double P Enterprise Co., Ltd.",เขตห้วยขวาง กรุงเทพมหานคร,ตามประสบการณ์,12 ก.พ. 69,https://www.jobthai.com/th/company/job/932223,"Data Engineer / ETL Developer Double P Enterprise Co., Ltd. Double P Enterprise Co., Ltd. เขตห้วยขวาง กรุงเทพมหานคร ตามประสบการณ์ สัมภาษณ์งานออนไลน์ 12 ก.พ. 69"
Data Scientist,1,Performance Management & Data Analytic (Call Center),ธนาคารแลนด์ แอนด์ เฮ้าส์ จำกัด (มหาชน),เขตสาทร กรุงเทพมหานคร,ตามประสบการณ์,16 ก.พ. 69,https://www.jobthai.com/th/company/job/1866542,Performance Management & Data Analytic (Call Center) ธนาคารแลนด์ แอนด์ เฮ้าส์ จำกัด (มหาชน) ธนาคารแลนด์ แอนด์ เฮ้าส์ จำกัด (มหาชน) เขตสาทร กรุงเทพมหานคร ตามประสบการณ์ สัมภาษณ์งานออนไลน์ 16 ก.พ. 69
Data Scientist,1,Data Analyst - BNG,บริษัท เบญจจินดา โฮลดิ้ง จำกัด,,ตามประสบการณ์,16 ก.พ. 69,https://www.jobthai.com/th/company/job/1858004,Data Analyst - BNG บริษัท เบญจจินดา โฮลดิ้ง จำกัด บริษัท เบญจจินดา โฮลดิ้ง จำกัด SRT บางเขน ตามประสบการณ์ 16 ก.พ. 69
Data Scientist,1,Strategy & Pricing - TMS Rate Management - Associate,"Inteluck (Thailand) Co., Ltd.",เขตดินแดง กรุงเทพมหานคร,ตามโครงสร้างบริษัทฯ,16 ก.พ. 69,https://www.jobthai.com/th/company/job/1865255,"Strategy & Pricing - TMS Rate Management - Associate Inteluck (Thailand) Co., Ltd. Inteluck (Thailand) Co., Ltd. Urgently Required เขตดินแดง กรุงเทพมหานคร ตามโครงสร้างบริษัทฯ สัมภาษณ์งานออนไลน์ 16 ก.พ. 69"
Data Scientist,1,"Data Team Lead (ดู Data Analyst, Data Enginneer)",บริษัท เบตเทอร์โดส จำกัด ( สำนักงานใหญ่ ),เขตคลองสาน กรุงเทพมหานคร,"70,000 - 120,000 บาท",11 ก.พ. 69,https://www.jobthai.com/th/company/job/1792698,"Data Team Lead (ดู Data Analyst, Data Enginneer) 11 ก.พ. 69 บริษัท เบตเทอร์โดส จำกัด ( สำนักงานใหญ่ ) บริษัท เบตเทอร์โดส จำกัด ( สำนักงานใหญ่ ) เขตคลองสาน กรุงเทพมหานคร 70,000 - 120,000 บาท"
Data Scientist,1,"Full Stack Developer (C#, .Net Core, React, Vue.js)",บริษัท ช็อคโก้ คาร์ด เอ็นเตอร์ไพรส์ จำกัด,,"40,000 - 60,000 บาท",16 ก.พ. 69,https://www.jobthai.com/th/company/job/1672283,"Full Stack Developer (C#, .Net Core, React, Vue.js) บริษัท ช็อคโก้ คาร์ด เอ็นเตอร์ไพรส์ จำกัด บริษัท ช็อคโก้ คาร์ด เอ็นเตอร์ไพรส์ จำกัด BTS บางจาก, ปุณณวิถี 40,000 - 60,000 บาท สัมภาษณ์งานออนไลน์ 16 ก.พ. 69"
Data Scientist,1,ผู้จัดการฝ่ายวางแผน และวิเคราะห์ข้อมูล (Planning and Data analysis ),บริษัท วีอาร์พี ฟู้ด แอนด์ เบเกอรี่ จำกัด,กรุงเทพมหานคร,"35,000 - 50,000 บาท",16 ก.พ. 69,https://www.jobthai.com/th/company/job/1796412,"ผู้จัดการฝ่ายวางแผน และวิเคราะห์ข้อมูล (Planning and Data analysis ) บริษัท วีอาร์พี ฟู้ด แอนด์ เบเกอรี่ จำกัด บริษัท วีอาร์พี ฟู้ด แอนด์ เบเกอรี่ จำกัด กรุงเทพมหานคร 35,000 - 50,000 บาท สัมภาษณ์งานออนไลน์ 16 ก.พ. 69"
Data Scientist,2,AI Analyst / AI Developer / AI Tester,QAi Consulting and Services,กรุงเทพมหานคร,ตามประสบการณ์,16 ก.พ. 69,https://www.jobthai.com/th/company/job/1849827,AI Analyst / AI Developer / AI Tester QAi Consulting and Services QAi Consulting and Services กรุงเทพมหานคร ตามประสบการณ์ 16 ก.พ. 69
Data Scientist,2,Senior Business Analyst (Banking),"Blockfint Co.,Ltd.",เขตบางรัก กรุงเทพมหานคร,ตามตกลง,12 ก.พ. 69,https://www.jobthai.com/th/company/job/1591274,"Senior Business Analyst (Banking) Blockfint Co.,Ltd. Blockfint Co.,Ltd. เขตบางรัก กรุงเทพมหานคร ตามตกลง Hybrid Work สัมภาษณ์งานออนไลน์ 12 ก.พ. 69"
Data Scientist,2,Digital & AI Specialist,บริษัท เลิศภักดี คอนสตรัคชั่น จำกัด,เขตประเวศ กรุงเทพมหานคร,"30,000 - 35,000 บาท",10 ก.พ. 69,https://www.jobthai.com/th/company/job/1804738,"Digital & AI Specialist บริษัท เลิศภักดี คอนสตรัคชั่น จำกัด บริษัท เลิศภักดี คอนสตรัคชั่น จำกัด รับสมัครด่วน เขตประเวศ กรุงเทพมหานคร 30,000 - 35,000 บาท 10 ก.พ. 69"
Data Scientist,2,Digital & AI Solution Engineer,บริษัท เลิศภักดี คอนสตรัคชั่น จำกัด,เขตประเวศ กรุงเทพมหานคร,"35,000 - 40,000 บาท",10 ก.พ. 69,https://www.jobthai.com/th/company/job/1804748,"Digital & AI Solution Engineer บริษัท เลิศภักดี คอนสตรัคชั่น จำกัด บริษัท เลิศภักดี คอนสตรัคชั่น จำกัด รับสมัครด่วน เขตประเวศ กรุงเทพมหานคร 35,000 - 40,000 บาท 10 ก.พ. 69"
Data Scientist,2,ด่วน! ผู้จัดการร้าน (Central พระราม2),"KKV Supply Chain Co., Ltd.",เขตบางขุนเทียน กรุงเทพมหานคร,"40,000 - 60,000 บาท",16 ก.พ. 69,https://www.jobthai.com/th/company/job/1854635,"ด่วน! ผู้จัดการร้าน (Central พระราม2) KKV Supply Chain Co., Ltd. KKV Supply Chain Co., Ltd. เขตบางขุนเทียน กรุงเทพมหานคร 40,000 - 60,000 บาท สัมภาษณ์งานออนไลน์ 16 ก.พ. 69"
Data Scientist,2,Social Media analyst,บริษัท อเด็คโก้ เพชรบุรีตัดใหม่ จำกัด,เขตห้วยขวาง กรุงเทพมหานคร,"80,000 - 90,000 บาท",13 ก.พ. 69,https://www.jobthai.com/th/company/job/1851084,"Social Media analyst บริษัท อเด็คโก้ เพชรบุรีตัดใหม่ จำกัด บริษัท อเด็คโก้ เพชรบุรีตัดใหม่ จำกัด เขตห้วยขวาง กรุงเทพมหานคร 80,000 - 90,000 บาท สัมภาษณ์งานออนไลน์ 13 ก.พ. 69"
Data Scientist,2,AI Engineer,"Super Coconut Co., Ltd.",,"20,000 - 30,000 บาท",16 ก.พ. 69,https://www.jobthai.com/th/company/job/1649781,"AI Engineer Super Coconut Co., Ltd. Super Coconut Co., Ltd. รับสมัครด่วน BTS รัชโยธิน, เสนานิคม 20,000 - 30,000 บาท 16 ก.พ. 69"
Data Scientist,2,Executive Claims Analytics,LMG Insurance Public Company Limited,,ตามโครงสร้างบริษัทฯ,10 ก.พ. 69,https://www.jobthai.com/th/company/job/1840149,Executive Claims Analytics LMG Insurance Public Company Limited LMG Insurance Public Company Limited BTS อโศก MRT สุขุมวิท ตามโครงสร้างบริษัทฯ สัมภาษณ์งานออนไลน์ 10 ก.พ. 69
Data Scientist,2,Java Developer,บริษัท เอพีพี แมเนจเม้นท์ จำกัด,เขตห้วยขวาง กรุงเทพมหานคร,"50,000 - 60,000 บาท",11 ก.พ. 69,https://www.jobthai.com/th/company/job/1798055,"Java Developer 11 ก.พ. 69 บริษัท เอพีพี แมเนจเม้นท์ จำกัด บริษัท เอพีพี แมเนจเม้นท์ จำกัด เขตห้วยขวาง กรุงเทพมหานคร 50,000 - 60,000 บาท Hybrid Work สัมภาษณ์งานออนไลน์"
Data Scientist,2,Marketing Executive (Sales Support),บริษัท เอ็น.พี. ฟู้ดส์ เทค (ประเทศไทย) จำกัด,เขตบางคอแหลม กรุงเทพมหานคร,ตามตกลง,12 ก.พ. 69,https://www.jobthai.com/th/company/job/1841198,Marketing Executive (Sales Support) 12 ก.พ. 69 บริษัท เอ็น.พี. ฟู้ดส์ เทค (ประเทศไทย) จำกัด บริษัท เอ็น.พี. ฟู้ดส์ เทค (ประเทศไทย) จำกัด เขตบางคอแหลม กรุงเทพมหานคร ตามตกลง
Data Scientist,2,Supply Chain Management - Senior Level up (Planning Engineer),กลุ่มบริษัทนันยางเท็กซ์ไทล์,เขตหนองแขม กรุงเทพมหานคร,ตามตกลง,16 ก.พ. 69,https://www.jobthai.com/th/company/job/1829017,Supply Chain Management - Senior Level up (Planning Engineer) กลุ่มบริษัทนันยางเท็กซ์ไทล์ กลุ่มบริษัทนันยางเท็กซ์ไทล์ เขตหนองแขม กรุงเทพมหานคร ตามตกลง สัมภาษณ์งานออนไลน์ 16 ก.พ. 69
Data Scientist,2,(ด่วน!)CustomerService IT Product (English Skill) 21K++ MRT Phra Ram 9,"Transcosmos (Thailand) Co., Ltd.",,ตามประสบการณ์,16 ก.พ. 69,https://www.jobthai.com/th/company/job/1780880,"(ด่วน!)CustomerService IT Product (English Skill) 21K++ MRT Phra Ram 9 Transcosmos (Thailand) Co., Ltd. Transcosmos (Thailand) Co., Ltd. รับสมัครด่วน MRT พระราม 9, ศูนย์วัฒนธรรมแห่งประเทศไทย ตามประสบการณ์ สัมภาษณ์งานออนไลน์ 16 ก.พ. 69"
Data Scientist,2,Precision Measurement Technician (Jewelry Components),"RC Jewellery Trading Co., Ltd.",,ตามประสบการณ์,12 ก.พ. 69,https://www.jobthai.com/th/company/job/1861871,"Precision Measurement Technician (Jewelry Components) RC Jewellery Trading Co., Ltd. RC Jewellery Trading Co., Ltd. BRT สะพานพระราม 3 ตามประสบการณ์ 12 ก.พ. 69"
Data Scientist,2,Senior Database Oracle,บริษัท คอม เทรดดิ้ง จำกัด,เขตบางเขน กรุงเทพมหานคร,ตามประสบการณ์,9 ก.พ. 69,https://www.jobthai.com/th/company/job/1820007,Senior Database Oracle บริษัท คอม เทรดดิ้ง จำกัด บริษัท คอม เทรดดิ้ง จำกัด เขตบางเขน กรุงเทพมหานคร ตามประสบการณ์ 9 ก.พ. 69
Data Scientist,2,AI Engineer / ASC,ASCGroup,เขตจตุจักร กรุงเทพมหานคร,ตามประสบการณ์,16 ก.พ. 69,https://www.jobthai.com/th/company/job/1861120,AI Engineer / ASC ASCGroup ASCGroup Urgently Required เขตจตุจักร กรุงเทพมหานคร ตามประสบการณ์ 16 ก.พ. 69
Data Scientist,2,2 อัตรา_Sr.System Analyst (Technical)_เงินเดือน 70k_Onsite MRT สามย่าน,"Lean Advisory co.,ltd.",เขตปทุมวัน กรุงเทพมหานคร,ตามประสบการณ์,16 ก.พ. 69,https://www.jobthai.com/th/company/job/1709487,"2 อัตรา_Sr.System Analyst (Technical)_เงินเดือน 70k_Onsite MRT สามย่าน 16 ก.พ. 69 Lean Advisory co.,ltd. Lean Advisory co.,ltd. เขตปทุมวัน กรุงเทพมหานคร ตามประสบการณ์ สัมภาษณ์งานออนไลน์"
Data Scientist,2,Domestic Sales,"Arotec (Thailand) Co.,Ltd.",เขตวัฒนา กรุงเทพมหานคร,ตามตกลง,16 ก.พ. 69,https://www.jobthai.com/th/company/job/1844114,"Domestic Sales 16 ก.พ. 69 Arotec (Thailand) Co.,Ltd. Arotec (Thailand) Co.,Ltd. เขตวัฒนา กรุงเทพมหานคร ตามตกลง"
Data Scientist,2,IT Helpdesk ประจำสาขาหาดใหญ่และสาขากรุงเทพฯ (IBC),กลุ่มบริษัท ศรีตรังแอโกรอินดัสทรี จำกัด (มหาชน),เขตปทุมวัน กรุงเทพมหานคร,ตามโครงสร้างบริษัทฯ,12 ก.พ. 69,https://www.jobthai.com/th/company/job/1704376,IT Helpdesk ประจำสาขาหาดใหญ่และสาขากรุงเทพฯ (IBC) กลุ่มบริษัท ศรีตรังแอโกรอินดัสทรี จำกัด (มหาชน) กลุ่มบริษัท ศรีตรังแอโกรอินดัสทรี จำกัด (มหาชน) เขตปทุมวัน กรุงเทพมหานคร ตามโครงสร้างบริษัทฯ สัมภาษณ์งานออนไลน์ 12 ก.พ. 69
Data Scientist,2,Wealth System Specialist,ธนาคาร ซีไอเอ็มบี ไทย จำกัด (มหาชน),,ตามโครงสร้างบริษัทฯ,16 ก.พ. 69,https://www.jobthai.com/th/company/job/1795657,"Wealth System Specialist ธนาคาร ซีไอเอ็มบี ไทย จำกัด (มหาชน) ธนาคาร ซีไอเอ็มบี ไทย จำกัด (มหาชน) BTS ชิดลม, ราชดำริ ตามโครงสร้างบริษัทฯ Hybrid Work สัมภาษณ์งานออนไลน์ 16 ก.พ. 69"
Data Scientist,2,Personal Assistant (CEO),Vertex Planet Group,,"30,000 - 35,000 บาท",16 ก.พ. 69,https://www.jobthai.com/th/company/job/1602637,"Personal Assistant (CEO) Vertex Planet Group Vertex Planet Group BTS พญาไท, ราชเทวี ARL พญาไท 30,000 - 35,000 บาท สัมภาษณ์งานออนไลน์ 16 ก.พ. 69"
Data Scientist,3,IT Project Manager,บริษัท ช็อคโก้ คาร์ด เอ็นเตอร์ไพรส์ จำกัด,,"30,000 - 50,000 บาท",16 ก.พ. 69,https://www.jobthai.com/th/company/job/1558658,"IT Project Manager บริษัท ช็อคโก้ คาร์ด เอ็นเตอร์ไพรส์ จำกัด บริษัท ช็อคโก้ คาร์ด เอ็นเตอร์ไพรส์ จำกัด BTS บางจาก, ปุณณวิถี 30,000 - 50,000 บาท สัมภาษณ์งานออนไลน์ 16 ก.พ. 69"
Data Scientist,3,IT Support,AIS- บริษัท แอดวานซ์ อินโฟร์ เซอร์วิส จำกัด (มหาชน),,"30,000 - 50,000 บาท",16 ก.พ. 69,https://www.jobthai.com/th/company/job/1860879,"IT Support AIS- บริษัท แอดวานซ์ อินโฟร์ เซอร์วิส จำกัด (มหาชน) AIS- บริษัท แอดวานซ์ อินโฟร์ เซอร์วิส จำกัด (มหาชน) BTS อารีย์ 30,000 - 50,000 บาท 16 ก.พ. 69"
Data Scientist,3,Senior System Analyst (Software Solutions – Government Clients) ประจำสีลม,กลุ่มบริษัท จันวาณิชย์,,ตามตกลง,16 ก.พ. 69,https://www.jobthai.com/th/company/job/1861035,"Senior System Analyst (Software Solutions – Government Clients) ประจำสีลม กลุ่มบริษัท จันวาณิชย์ กลุ่มบริษัท จันวาณิชย์ BTS ช่องนนทรี, เซนต์หลุยส์ ตามตกลง สัมภาษณ์งานออนไลน์ 16 ก.พ. 69"
Data Scientist,3,Risk Manager,บริษัท กรุงเทพโสภณ จำกัด (มหาชน),เขตราษฎร์บูรณะ กรุงเทพมหานคร,ตามโครงสร้างบริษัทฯ,16 ก.พ. 69,https://www.jobthai.com/th/company/job/1731711,Risk Manager บริษัท กรุงเทพโสภณ จำกัด (มหาชน) บริษัท กรุงเทพโสภณ จำกัด (มหาชน) เขตราษฎร์บูรณะ กรุงเทพมหานคร ตามโครงสร้างบริษัทฯ 16 ก.พ. 69
Data Scientist,3,Assistant AI Manager,บริษัท เลิศภักดี คอนสตรัคชั่น จำกัด,เขตประเวศ กรุงเทพมหานคร,"40,000 - 45,000 บาท",10 ก.พ. 69,https://www.jobthai.com/th/company/job/1804710,"Assistant AI Manager บริษัท เลิศภักดี คอนสตรัคชั่น จำกัด บริษัท เลิศภักดี คอนสตรัคชั่น จำกัด รับสมัครด่วน เขตประเวศ กรุงเทพมหานคร 40,000 - 45,000 บาท 10 ก.พ. 69"
Data Scientist,3,[Outsource] Strategic Advisor (Career School-แนะแนวน้องเข้ามหาวิทยาลัย),บริษัท เลิร์น คอร์ปอเรชั่น จำกัด (มหาชน),,ตามโครงสร้างบริษัทฯ,16 ก.พ. 69,https://www.jobthai.com/th/company/job/1808016,"[Outsource] Strategic Advisor (Career School-แนะแนวน้องเข้ามหาวิทยาลัย) บริษัท เลิร์น คอร์ปอเรชั่น จำกัด (มหาชน) บริษัท เลิร์น คอร์ปอเรชั่น จำกัด (มหาชน) BTS สนามกีฬาแห่งชาติ, สยาม ตามโครงสร้างบริษัทฯ 16 ก.พ. 69"
Data Scientist,3,Lab assistant (Receptionist),"Guild (Bangkok) Co., LTD.",เขตบางรัก กรุงเทพมหานคร,"18,000 - 25,000 บาท",9 ก.พ. 69,https://www.jobthai.com/th/company/job/1724134,"Lab assistant (Receptionist) Guild (Bangkok) Co., LTD. Guild (Bangkok) Co., LTD. เขตบางรัก กรุงเทพมหานคร 18,000 - 25,000 บาท 9 ก.พ. 69"
Data Scientist,3,Sales Administrative Officer,Bonjour Company Limited,,ตามตกลง,16 ก.พ. 69,https://www.jobthai.com/th/company/job/1862998,Sales Administrative Officer Bonjour Company Limited Bonjour Company Limited BRT ถนนจันทน์ ตามตกลง 16 ก.พ. 69
Data Scientist,3,HR Recruitment and Development Manager (Fluent English),บริษัท เอ็มเคเอส จิวเวลรี่ อินเตอร์เนชั่นแนล จำกัด,นิคมอุตสาหกรรมอัญธานี กรุงเทพมหานคร,"45,000 - 55,000 บาท",12 ก.พ. 69,https://www.jobthai.com/th/company/job/1663814,"HR Recruitment and Development Manager (Fluent English) บริษัท เอ็มเคเอส จิวเวลรี่ อินเตอร์เนชั่นแนล จำกัด บริษัท เอ็มเคเอส จิวเวลรี่ อินเตอร์เนชั่นแนล จำกัด นิคมอุตสาหกรรมอัญธานี กรุงเทพมหานคร 45,000 - 55,000 บาท 12 ก.พ. 69"
Data Scientist,3,Marketing Executive (Beauty Product),บริษัท ออพติโม พร็อพเพอร์ตี้ จำกัด,เขตสะพานสูง กรุงเทพมหานคร,"28,000 - 35,000 บาท",13 ก.พ. 69,https://www.jobthai.com/th/company/job/1708321,"Marketing Executive (Beauty Product) บริษัท ออพติโม พร็อพเพอร์ตี้ จำกัด บริษัท ออพติโม พร็อพเพอร์ตี้ จำกัด เขตสะพานสูง กรุงเทพมหานคร 28,000 - 35,000 บาท 13 ก.พ. 69"
Data Scientist,3,IT Director,บริษัท ยู อินโฟ จำกัดและบริษัท ยู ดิลิเวอรี่ จำกัด,เขตวังทองหลาง กรุงเทพมหานคร,ตามตกลง,16 ก.พ. 69,https://www.jobthai.com/th/company/job/1857375,IT Director บริษัท ยู อินโฟ จำกัดและบริษัท ยู ดิลิเวอรี่ จำกัด บริษัท ยู อินโฟ จำกัดและบริษัท ยู ดิลิเวอรี่ จำกัด เขตวังทองหลาง กรุงเทพมหานคร ตามตกลง 16 ก.พ. 69
Data Scientist,3,IT Application (SAP Support),International Beauty Products Ltd.,,ตามโครงสร้างบริษัทฯ,10 ก.พ. 69,https://www.jobthai.com/th/company/job/1767834,IT Application (SAP Support) International Beauty Products Ltd. International Beauty Products Ltd. BTS อโศก MRT สุขุมวิท ตามโครงสร้างบริษัทฯ 10 ก.พ. 69
Data Scientist,3,Sales Executive,บริษัท ที. ฮาเซกาวา (เซาท์อีสท์ เอเชีย) จำกัด,,ตามประสบการณ์,16 ก.พ. 69,https://www.jobthai.com/th/company/job/1866630,Sales Executive บริษัท ที. ฮาเซกาวา (เซาท์อีสท์ เอเชีย) จำกัด บริษัท ที. ฮาเซกาวา (เซาท์อีสท์ เอเชีย) จำกัด BTS อโศก MRT สุขุมวิท ตามประสบการณ์ 16 ก.พ. 69
Data Scientist,3,Talent Acquisition Specialist (Junior – Senior Level),"Transcosmos (Thailand) Co., Ltd.",กรุงเทพมหานคร,ตามประสบการณ์,16 ก.พ. 69,https://www.jobthai.com/th/company/job/1863009,"Talent Acquisition Specialist (Junior – Senior Level) Transcosmos (Thailand) Co., Ltd. Transcosmos (Thailand) Co., Ltd. กรุงเทพมหานคร ตามประสบการณ์ สัมภาษณ์งานออนไลน์ 16 ก.พ. 69"
Data Scientist,3,Operation Executive,บริษัท เรสท์ เอ็น โก (ไทยแลนด์) จำกัด,เขตสวนหลวง กรุงเทพมหานคร,ตามตกลง,16 ก.พ. 69,https://www.jobthai.com/th/company/job/1856503,Operation Executive บริษัท เรสท์ เอ็น โก (ไทยแลนด์) จำกัด บริษัท เรสท์ เอ็น โก (ไทยแลนด์) จำกัด เขตสวนหลวง กรุงเทพมหานคร ตามตกลง สัมภาษณ์งานออนไลน์ 16 ก.พ. 69
Data Scientist,3,Python Developer ประจำ อาคารพหลโยธินเพลส BTS อารีย์,บริษัท จ๊อบพร้อมท์ จำกัด,,"26,000 - 40,000 บาท",16 ก.พ. 69,https://www.jobthai.com/th/company/job/1859371,"Python Developer ประจำ อาคารพหลโยธินเพลส BTS อารีย์ บริษัท จ๊อบพร้อมท์ จำกัด บริษัท จ๊อบพร้อมท์ จำกัด BTS อารีย์ 26,000 - 40,000 บาท สัมภาษณ์งานออนไลน์ 16 ก.พ. 69"
Data Scientist,3,IT Rollout Specialist (Software Tester),"PERSOL HR Services Recruitment (Thailand) Co., Ltd.",เขตบึงกุ่ม กรุงเทพมหานคร,"18,000 - 25,000 บาท",16 ก.พ. 69,https://www.jobthai.com/th/company/job/1824453,"IT Rollout Specialist (Software Tester) PERSOL HR Services Recruitment (Thailand) Co., Ltd. PERSOL HR Services Recruitment (Thailand) Co., Ltd. เขตบึงกุ่ม กรุงเทพมหานคร 18,000 - 25,000 บาท 16 ก.พ. 69"
Data Scientist,3,Business Development Manager – Freight Forwarder,SDS - ACUTECH COMPANY LIMITED (Samsung SDS Thailand JV),,ตามตกลง,16 ก.พ. 69,https://www.jobthai.com/th/company/job/1854871,Business Development Manager – Freight Forwarder SDS - ACUTECH COMPANY LIMITED (Samsung SDS Thailand JV) SDS - ACUTECH COMPANY LIMITED (Samsung SDS Thailand JV) MRT ศูนย์การประชุมแห่งชาติสิริกิติ์ ตามตกลง 16 ก.พ. 69
Data Scientist,3,"UX/UI Designer (Financial, Trading exp.)",Helius Technologies (Thailand) Limitied,เขตบางรัก กรุงเทพมหานคร,"30,000 - 40,000 บาท",13 ก.พ. 69,https://www.jobthai.com/th/company/job/1810744,"UX/UI Designer (Financial, Trading exp.) Helius Technologies (Thailand) Limitied Helius Technologies (Thailand) Limitied เขตบางรัก กรุงเทพมหานคร 30,000 - 40,000 บาท สัมภาษณ์งานออนไลน์ 13 ก.พ. 69"
Data Scientist,3,Product Specialist (Fine Chemicals & Analytical Reagents),บริษัท เอเพกซ์ เคมิเคิล จำกัด,เขตห้วยขวาง กรุงเทพมหานคร,ตามโครงสร้างและประสบการณ์การทำงาน,13 ก.พ. 69,https://www.jobthai.com/th/company/job/1396889,Product Specialist (Fine Chemicals & Analytical Reagents) บริษัท เอเพกซ์ เคมิเคิล จำกัด บริษัท เอเพกซ์ เคมิเคิล จำกัด รับสมัครด่วน เขตห้วยขวาง กรุงเทพมหานคร ตามโครงสร้างและประสบการณ์การทำงาน 13 ก.พ. 69
Data Scientist,4,E-commerce operation Manager 50K-80K,บริษัท หมี่มอลล์ (ไทยแลนด์) จำกัด,เขตดินแดง กรุงเทพมหานคร,"50,000 - 80,000 บาท",10 ก.พ. 69,https://www.jobthai.com/th/company/job/1564665,"E-commerce operation Manager 50K-80K 10 ก.พ. 69 บริษัท หมี่มอลล์ (ไทยแลนด์) จำกัด บริษัท หมี่มอลล์ (ไทยแลนด์) จำกัด เขตดินแดง กรุงเทพมหานคร 50,000 - 80,000 บาท"
Data Scientist,4,Treasury Officer,บริษัท เรเว่ ออโตโมทีฟ จำกัด,เขตปทุมวัน กรุงเทพมหานคร,ตามตกลง,16 ก.พ. 69,https://www.jobthai.com/th/company/job/1836331,Treasury Officer 16 ก.พ. 69 บริษัท เรเว่ ออโตโมทีฟ จำกัด บริษัท เรเว่ ออโตโมทีฟ จำกัด เขตปทุมวัน กรุงเทพมหานคร ตามตกลง สัมภาษณ์งานออนไลน์
Data Scientist,4,Process Improvement Engineer / วิศวกรปรับปรุงการผลิต,"Wan Thai Foods Industry CO.,LTD (บริษัท วันไทยอุตสาหกรรมการอาหาร จำกัด เครือ อายิโนะโมะโต๊ะ กรุ๊ป)",นิคมอุตสาหกรรมบางชัน กรุงเทพมหานคร,ตามตกลง,16 ก.พ. 69,https://www.jobthai.com/th/company/job/1738749,"Process Improvement Engineer / วิศวกรปรับปรุงการผลิต Wan Thai Foods Industry CO.,LTD (บริษัท วันไทยอุตสาหกรรมการอาหาร จำกัด เครือ อายิโนะโมะโต๊ะ กรุ๊ป) Wan Thai Foods Industry CO.,LTD (บริษัท วันไทยอุตสาหกรรมการอาหาร จำกัด เครือ อายิโนะโมะโต๊ะ กรุ๊ป) นิคมอุตสาหกรรมบางชัน กรุงเทพมหานคร ตามตกลง สัมภาษณ์งานออนไลน์ 16 ก.พ. 69"
Data Scientist,4,Cloud Engineer ประจำสาขาหาดใหญ่และสาขากรุงเทพฯ (IBC),กลุ่มบริษัท ศรีตรังแอโกรอินดัสทรี จำกัด (มหาชน),เขตปทุมวัน กรุงเทพมหานคร,ตามโครงสร้างบริษัทฯ,12 ก.พ. 69,https://www.jobthai.com/th/company/job/1704469,Cloud Engineer ประจำสาขาหาดใหญ่และสาขากรุงเทพฯ (IBC) กลุ่มบริษัท ศรีตรังแอโกรอินดัสทรี จำกัด (มหาชน) กลุ่มบริษัท ศรีตรังแอโกรอินดัสทรี จำกัด (มหาชน) เขตปทุมวัน กรุงเทพมหานคร ตามโครงสร้างบริษัทฯ สัมภาษณ์งานออนไลน์ 12 ก.พ. 69
Data Scientist,4,"Engineer (DOORS, V&V)","China Railway International Co.,Ltd.",เขตบางเขน กรุงเทพมหานคร,ตามตกลง,9 ก.พ. 69,https://www.jobthai.com/th/company/job/1776366,"Engineer (DOORS, V&V) China Railway International Co.,Ltd. China Railway International Co.,Ltd. เขตบางเขน กรุงเทพมหานคร ตามตกลง 9 ก.พ. 69"
Data Scientist,4,Site Reliability Engineer / System Admin,บริษัท ตงฮั้ว โฮลดิ้ง จำกัด (มหาชน) / Tong Hua Holding Public Company Limited.,,ตามตกลง,16 ก.พ. 69,https://www.jobthai.com/th/company/job/1674568,Site Reliability Engineer / System Admin บริษัท ตงฮั้ว โฮลดิ้ง จำกัด (มหาชน) / Tong Hua Holding Public Company Limited. บริษัท ตงฮั้ว โฮลดิ้ง จำกัด (มหาชน) / Tong Hua Holding Public Company Limited. MRT หัวลำโพง ตามตกลง 16 ก.พ. 69
Data Scientist,4,Product Orchestrator (Full-Stack / IoT Integration),SKY ICT Public Company Limited,เขตวังทองหลาง กรุงเทพมหานคร,ตามโครงสร้างบริษัทฯ,16 ก.พ. 69,https://www.jobthai.com/th/company/job/1827284,Product Orchestrator (Full-Stack / IoT Integration) SKY ICT Public Company Limited SKY ICT Public Company Limited เขตวังทองหลาง กรุงเทพมหานคร ตามโครงสร้างบริษัทฯ 16 ก.พ. 69
Data Scientist,4,227_Commissioning Manager,บริษัท สกิลพาวเวอร์ เซอร์วิส (ประเทศไทย) จำกัด,เขตปทุมวัน กรุงเทพมหานคร,ตามโครงสร้างบริษัทฯ,16 ก.พ. 69,https://www.jobthai.com/th/company/job/1783944,227_Commissioning Manager บริษัท สกิลพาวเวอร์ เซอร์วิส (ประเทศไทย) จำกัด บริษัท สกิลพาวเวอร์ เซอร์วิส (ประเทศไทย) จำกัด เขตปทุมวัน กรุงเทพมหานคร ตามโครงสร้างบริษัทฯ สัมภาษณ์งานออนไลน์ 16 ก.พ. 69
Data Scientist,4,Cloud Engineer (Automotive Dashcam) T04169,"CareerLink Recruitment (Thailand) Co., Ltd.",เขตราชเทวี กรุงเทพมหานคร,"24,000-35,000THB(Depends on experiences)",16 ก.พ. 69,https://www.jobthai.com/th/company/job/1864827,"Cloud Engineer (Automotive Dashcam) T04169 CareerLink Recruitment (Thailand) Co., Ltd. CareerLink Recruitment (Thailand) Co., Ltd. เขตราชเทวี กรุงเทพมหานคร 24,000-35,000THB(Depends on experiences) 16 ก.พ. 69"
Data Scientist,4,Social Media Specialist,"HEBE THAILAND CO., LTD.",,"20,000 - 30,000 บาท",16 ก.พ. 69,https://www.jobthai.com/th/company/job/1862169,"Social Media Specialist HEBE THAILAND CO., LTD. HEBE THAILAND CO., LTD. รับสมัครด่วน BTS อโศก MRT สุขุมวิท 20,000 - 30,000 บาท 16 ก.พ. 69"
Data Scientist,4,Receptionist,"Beanie & Co CO., Ltd",เขตวัฒนา กรุงเทพมหานคร,"17,000 - 25,000 บาท",9 ก.พ. 69,https://www.jobthai.com/th/company/job/1735337,"Receptionist 9 ก.พ. 69 Beanie & Co CO., Ltd Beanie & Co CO., Ltd เขตวัฒนา กรุงเทพมหานคร 17,000 - 25,000 บาท"
Data Scientist,4,Full Stack Developer (Project),บริษัท อัฟวาแลนท์ จำกัด,เขตสาทร กรุงเทพมหานคร,ตามประสบการณ์,13 ก.พ. 69,https://www.jobthai.com/th/company/job/1554895,Full Stack Developer (Project) บริษัท อัฟวาแลนท์ จำกัด บริษัท อัฟวาแลนท์ จำกัด รับสมัครด่วน เขตสาทร กรุงเทพมหานคร ตามประสบการณ์ สัมภาษณ์งานออนไลน์ 13 ก.พ. 69
Data Scientist,4,System / Network Specialist,บริษัท อาหารยอดคุณ จำกัด,เขตมีนบุรี กรุงเทพมหานคร,ตามตกลง,13 ก.พ. 69,https://www.jobthai.com/th/company/job/1741583,System / Network Specialist บริษัท อาหารยอดคุณ จำกัด บริษัท อาหารยอดคุณ จำกัด เขตมีนบุรี กรุงเทพมหานคร ตามตกลง 13 ก.พ. 69
Data Scientist,4,AI Solution and Program Team Head,บริษัท อินโฟล แอคเคาน์ติ้ง จำกัด,,ตามตกลง,16 ก.พ. 69,https://www.jobthai.com/th/company/job/1854882,"AI Solution and Program Team Head 16 ก.พ. 69 บริษัท อินโฟล แอคเคาน์ติ้ง จำกัด บริษัท อินโฟล แอคเคาน์ติ้ง จำกัด รับสมัครด่วน MRT บางพลัด, บางอ้อ ตามตกลง สัมภาษณ์งานออนไลน์"
Data Scientist,4,Cyber Security Engineer (Junior-Senior),"บริษัท ยิบอินซอย จำกัด (Yip In Tsoi & Co.,Ltd. - YipInTsoi Group)",เขตบางรัก กรุงเทพมหานคร,ตามตกลง,16 ก.พ. 69,https://www.jobthai.com/th/company/job/1615406,"Cyber Security Engineer (Junior-Senior) บริษัท ยิบอินซอย จำกัด (Yip In Tsoi & Co.,Ltd. - YipInTsoi Group) บริษัท ยิบอินซอย จำกัด (Yip In Tsoi & Co.,Ltd. - YipInTsoi Group) เขตบางรัก กรุงเทพมหานคร ตามตกลง Hybrid Work สัมภาษณ์งานออนไลน์ 16 ก.พ. 69"
Data Scientist,4,Membership Manager : ปฏิบัติงานที่ 1577 Infinite เกษตรนวมินทร์,"1577 Infinite Co., Ltd.",เขตบึงกุ่ม กรุงเทพมหานคร,ตามประสบการณ์,16 ก.พ. 69,https://www.jobthai.com/th/company/job/1830059,"Membership Manager : ปฏิบัติงานที่ 1577 Infinite เกษตรนวมินทร์ 1577 Infinite Co., Ltd. 1577 Infinite Co., Ltd. เขตบึงกุ่ม กรุงเทพมหานคร ตามประสบการณ์ สัมภาษณ์งานออนไลน์ 16 ก.พ. 69"
Data Scientist,4,Senior System & Network Administrator ปฏิบัติงานที่เกษตร-นวมินทร์,"1577 Infinite Co., Ltd.",เขตบึงกุ่ม กรุงเทพมหานคร,"32,000 - 40,000 บาท",16 ก.พ. 69,https://www.jobthai.com/th/company/job/1693001,"Senior System & Network Administrator ปฏิบัติงานที่เกษตร-นวมินทร์ 1577 Infinite Co., Ltd. 1577 Infinite Co., Ltd. เขตบึงกุ่ม กรุงเทพมหานคร 32,000 - 40,000 บาท สัมภาษณ์งานออนไลน์ 16 ก.พ. 69"
Data Scientist,4,Thai Language Teacher (Mastery School),บริษัท เลิร์น คอร์ปอเรชั่น จำกัด (มหาชน),,ตามโครงสร้างบริษัทฯ,16 ก.พ. 69,https://www.jobthai.com/th/company/job/1863594,"Thai Language Teacher (Mastery School) บริษัท เลิร์น คอร์ปอเรชั่น จำกัด (มหาชน) บริษัท เลิร์น คอร์ปอเรชั่น จำกัด (มหาชน) BTS สนามกีฬาแห่งชาติ, สยาม ตามโครงสร้างบริษัทฯ สัมภาษณ์งานออนไลน์ 16 ก.พ. 69"
Data Scientist,4,Network Engineer (Senior) – Network & Security,"บริษัท ยิบอินซอย จำกัด (Yip In Tsoi & Co.,Ltd. - YipInTsoi Group)",เขตบางรัก กรุงเทพมหานคร,ตามตกลง,16 ก.พ. 69,https://www.jobthai.com/th/company/job/1787257,"Network Engineer (Senior) – Network & Security บริษัท ยิบอินซอย จำกัด (Yip In Tsoi & Co.,Ltd. - YipInTsoi Group) บริษัท ยิบอินซอย จำกัด (Yip In Tsoi & Co.,Ltd. - YipInTsoi Group) เขตบางรัก กรุงเทพมหานคร ตามตกลง 16 ก.พ. 69"
Data Scientist,4,Sales Manager (Gemstone Testing Services),"Guild (Bangkok) Co., LTD.",เขตบางรัก กรุงเทพมหานคร,"27,000 - 55,000 บาท",9 ก.พ. 69,https://www.jobthai.com/th/company/job/1827997,"Sales Manager (Gemstone Testing Services) Guild (Bangkok) Co., LTD. Guild (Bangkok) Co., LTD. เขตบางรัก กรุงเทพมหานคร 27,000 - 55,000 บาท 9 ก.พ. 69"
Data Scientist,5,Project Manager,"Genius Soft.Co., Ltd.",,ไม่ระบุ,12 ก.พ. 69,https://www.jobthai.com/th/company/job/1606151,"Project Manager Genius Soft.Co., Ltd. Genius Soft.Co., Ltd. Urgently Required BTS ช่องนนทรี, ศาลาแดง BRT สาทร ไม่ระบุ สัมภาษณ์งานออนไลน์ 12 ก.พ. 69"
Data Scientist,5,Senior HR Officer (Ripples Commerce) ประจำสีลม,กลุ่มบริษัท จันวาณิชย์,,ตามตกลง,16 ก.พ. 69,https://www.jobthai.com/th/company/job/1768900,"Senior HR Officer (Ripples Commerce) ประจำสีลม กลุ่มบริษัท จันวาณิชย์ กลุ่มบริษัท จันวาณิชย์ BTS ช่องนนทรี, เซนต์หลุยส์ ตามตกลง สัมภาษณ์งานออนไลน์ 16 ก.พ. 69"
Data Scientist,5,IT Security Engineer,บริษัท ไทย เนม เซิฟเวอร์ จำกัด,เขตดุสิต กรุงเทพมหานคร,ตามตกลง,9 ก.พ. 69,https://www.jobthai.com/th/company/job/1485526,IT Security Engineer บริษัท ไทย เนม เซิฟเวอร์ จำกัด บริษัท ไทย เนม เซิฟเวอร์ จำกัด เขตดุสิต กรุงเทพมหานคร ตามตกลง 9 ก.พ. 69
Data Scientist,5,Senior Product Level (PM for IT Distributor),SVOA GROUP,เขตราษฎร์บูรณะ กรุงเทพมหานคร,ตามประสบการณ์,10 ก.พ. 69,https://www.jobthai.com/th/company/job/1722926,Senior Product Level (PM for IT Distributor) SVOA GROUP SVOA GROUP เขตราษฎร์บูรณะ กรุงเทพมหานคร ตามประสบการณ์ 10 ก.พ. 69
Data Scientist,5,Presales Engineer (Cloud & Infrastructure) - UIH,บริษัท เบญจจินดา โฮลดิ้ง จำกัด,,ตามประสบการณ์,16 ก.พ. 69,https://www.jobthai.com/th/company/job/1863413,Presales Engineer (Cloud & Infrastructure) - UIH บริษัท เบญจจินดา โฮลดิ้ง จำกัด บริษัท เบญจจินดา โฮลดิ้ง จำกัด SRT บางเขน ตามประสบการณ์ 16 ก.พ. 69
Data Scientist,5,Executive – People Experience,บริษัท เพอร์ฟอร์แมนซ์ มอเตอร์ส (ประเทศไทย) จำกัด,เขตหลักสี่ กรุงเทพมหานคร,ตามโครงสร้างบริษัทฯ,10 ก.พ. 69,https://www.jobthai.com/th/company/job/1842895,Executive – People Experience บริษัท เพอร์ฟอร์แมนซ์ มอเตอร์ส (ประเทศไทย) จำกัด บริษัท เพอร์ฟอร์แมนซ์ มอเตอร์ส (ประเทศไทย) จำกัด เขตหลักสี่ กรุงเทพมหานคร ตามโครงสร้างบริษัทฯ 10 ก.พ. 69
Data Scientist,5,Store General Manager (Go Wholesale),บริษัท เซ็นทรัลรีเทล และ ธุรกิจในเครือ,,ตามตกลง,16 ก.พ. 69,https://www.jobthai.com/th/company/job/1767936,Store General Manager (Go Wholesale) บริษัท เซ็นทรัลรีเทล และ ธุรกิจในเครือ บริษัท เซ็นทรัลรีเทล และ ธุรกิจในเครือ BTS ช่องนนทรี ตามตกลง สัมภาษณ์งานออนไลน์ 16 ก.พ. 69
Data Scientist,5,Senior Programmer/โปรแกรมเมอร์,"FETC International Thailand Co., Ltd.",,ไม่ระบุ,9 ก.พ. 69,https://www.jobthai.com/th/company/job/1479622,"Senior Programmer/โปรแกรมเมอร์ 9 ก.พ. 69 FETC International Thailand Co., Ltd. FETC International Thailand Co., Ltd. BTS อารีย์ ไม่ระบุ"
Data Scientist,5,Digital Marketing / Data entry /ผู้เชี่ยวชาญด้านการตลาดดิจิทัล / อีคอมเมิร์ซ,"MLA Thai Co., Ltd.",เขตปทุมวัน กรุงเทพมหานคร,"starting from 30,000 Baht + commission",11 ก.พ. 69,https://www.jobthai.com/th/company/job/1857278,"Digital Marketing / Data entry /ผู้เชี่ยวชาญด้านการตลาดดิจิทัล / อีคอมเมิร์ซ 11 ก.พ. 69 MLA Thai Co., Ltd. MLA Thai Co., Ltd. เขตปทุมวัน กรุงเทพมหานคร starting from 30,000 Baht + commission"
Data Scientist,5,HR Specialist – Compensation & Benefits,VS Group,เขตปทุมวัน กรุงเทพมหานคร,ตามโครงสร้างบริษัทฯ,16 ก.พ. 69,https://www.jobthai.com/th/company/job/1866652,HR Specialist – Compensation & Benefits VS Group VS Group เขตปทุมวัน กรุงเทพมหานคร ตามโครงสร้างบริษัทฯ 16 ก.พ. 69
Data Scientist,5,Customer Support Officer (EduSmith) / English Speaking *Welcome New Grads,บริษัท เลิร์น คอร์ปอเรชั่น จำกัด (มหาชน),,ตามโครงสร้างบริษัทฯ,16 ก.พ. 69,https://www.jobthai.com/th/company/job/1851069,"Customer Support Officer (EduSmith) / English Speaking *Welcome New Grads บริษัท เลิร์น คอร์ปอเรชั่น จำกัด (มหาชน) บริษัท เลิร์น คอร์ปอเรชั่น จำกัด (มหาชน) BTS สนามกีฬาแห่งชาติ, สยาม ตามโครงสร้างบริษัทฯ 16 ก.พ. 69"
Data Scientist,5,Business Analyst ประจำสาขาหาดใหญ่และสาขากรุงเทพฯ (IBC),กลุ่มบริษัท ศรีตรังแอโกรอินดัสทรี จำกัด (มหาชน),เขตปทุมวัน กรุงเทพมหานคร,ตามโครงสร้างบริษัทฯ,12 ก.พ. 69,https://www.jobthai.com/th/company/job/1482334,Business Analyst ประจำสาขาหาดใหญ่และสาขากรุงเทพฯ (IBC) กลุ่มบริษัท ศรีตรังแอโกรอินดัสทรี จำกัด (มหาชน) กลุ่มบริษัท ศรีตรังแอโกรอินดัสทรี จำกัด (มหาชน) เขตปทุมวัน กรุงเทพมหานคร ตามโครงสร้างบริษัทฯ สัมภาษณ์งานออนไลน์ 12 ก.พ. 69
Data Scientist,5,Digital Business Development Manager (Sales Manager),บริษัท ไอท้อปพลัส จำกัด,,ตามประสบการณ์,16 ก.พ. 69,https://www.jobthai.com/th/company/job/1820039,Digital Business Development Manager (Sales Manager) บริษัท ไอท้อปพลัส จำกัด บริษัท ไอท้อปพลัส จำกัด MRT ศูนย์วัฒนธรรมแห่งประเทศไทย ตามประสบการณ์ 16 ก.พ. 69
Data Scientist,5,"Sales Executive (HPLC, GC, and hyphenated MS techniques)","Sithiporn Associates Co., Ltd.",เขตบางพลัด กรุงเทพมหานคร,ตามตกลง,16 ก.พ. 69,https://www.jobthai.com/th/company/job/1839745,"Sales Executive (HPLC, GC, and hyphenated MS techniques) Sithiporn Associates Co., Ltd. Sithiporn Associates Co., Ltd. เขตบางพลัด กรุงเทพมหานคร ตามตกลง 16 ก.พ. 69"
Data Scientist,5,Senior Digital Marketing,บริษัท อี-เอ็มพาวเวอร์เมนท์ จำกัด,เขตบางรัก กรุงเทพมหานคร,ตามโครงสร้างบริษัทฯ,16 ก.พ. 69,https://www.jobthai.com/th/company/job/1841347,Senior Digital Marketing บริษัท อี-เอ็มพาวเวอร์เมนท์ จำกัด บริษัท อี-เอ็มพาวเวอร์เมนท์ จำกัด เขตบางรัก กรุงเทพมหานคร ตามโครงสร้างบริษัทฯ สัมภาษณ์งานออนไลน์ 16 ก.พ. 69
Data Scientist,5,Logistics Operation (Team Leader / Supervisor / Assistant Manager),"Inteluck (Thailand) Co., Ltd.",เขตดินแดง กรุงเทพมหานคร,As experiences and qualifications,16 ก.พ. 69,https://www.jobthai.com/th/company/job/1507642,"Logistics Operation (Team Leader / Supervisor / Assistant Manager) Inteluck (Thailand) Co., Ltd. Inteluck (Thailand) Co., Ltd. Urgently Required เขตดินแดง กรุงเทพมหานคร As experiences and qualifications 16 ก.พ. 69"
Data Scientist,5,System Analyst,"Tech Soft Holding Co., Ltd.",เขตวัฒนา กรุงเทพมหานคร,"50,000 - 75,000 บาท",11 ก.พ. 69,https://www.jobthai.com/th/company/job/1349387,"System Analyst Tech Soft Holding Co., Ltd. Tech Soft Holding Co., Ltd. เขตวัฒนา กรุงเทพมหานคร 50,000 - 75,000 บาท สัมภาษณ์งานออนไลน์ 11 ก.พ. 69"
Data Scientist,5,Senior Gemologist,"Guild (Bangkok) Co., LTD.",เขตบางรัก กรุงเทพมหานคร,"46,000 - 66,000 บาท",9 ก.พ. 69,https://www.jobthai.com/th/company/job/1828037,"Senior Gemologist Guild (Bangkok) Co., LTD. Guild (Bangkok) Co., LTD. เขตบางรัก กรุงเทพมหานคร 46,000 - 66,000 บาท 9 ก.พ. 69"
Data Scientist,5,Senior Accountant,"DCA International Co., Ltd.",เขตพระโขนง กรุงเทพมหานคร,ตามประสบการณ์,11 ก.พ. 69,https://www.jobthai.com/th/company/job/1782849,"Senior Accountant DCA International Co., Ltd. DCA International Co., Ltd. เขตพระโขนง กรุงเทพมหานคร ตามประสบการณ์ สัมภาษณ์งานออนไลน์ 11 ก.พ. 69"
Data Scientist,5,System Analyst,"บริษัท ยิบอินซอย จำกัด (Yip In Tsoi & Co.,Ltd. - YipInTsoi Group)",เขตคลองเตย กรุงเทพมหานคร,ตามประสบการณ์,16 ก.พ. 69,https://www.jobthai.com/th/company/job/1841076,"System Analyst บริษัท ยิบอินซอย จำกัด (Yip In Tsoi & Co.,Ltd. - YipInTsoi Group) บริษัท ยิบอินซอย จำกัด (Yip In Tsoi & Co.,Ltd. - YipInTsoi Group) เขตคลองเตย กรุงเทพมหานคร ตามประสบการณ์ 16 ก.พ. 69"
Data Scientist,6,Senior Full-stack Developer,บริษัท จัดหางานอเด็คโก้ พหลโยธิน จำกัด,เขตปทุมวัน กรุงเทพมหานคร,ตามประสบการณ์,10 ก.พ. 69,https://www.jobthai.com/th/company/job/1850907,Senior Full-stack Developer บริษัท จัดหางานอเด็คโก้ พหลโยธิน จำกัด บริษัท จัดหางานอเด็คโก้ พหลโยธิน จำกัด เขตปทุมวัน กรุงเทพมหานคร ตามประสบการณ์ Hybrid Work สัมภาษณ์งานออนไลน์ 10 ก.พ. 69
Data Scientist,6,Customer Services Specialist,Orbix Holdings Company Limited,เขตปทุมวัน กรุงเทพมหานคร,ตามโครงสร้างบริษัทฯ,16 ก.พ. 69,https://www.jobthai.com/th/company/job/1823048,Customer Services Specialist Orbix Holdings Company Limited Orbix Holdings Company Limited รับสมัครด่วน เขตปทุมวัน กรุงเทพมหานคร ตามโครงสร้างบริษัทฯ สัมภาษณ์งานออนไลน์ 16 ก.พ. 69
Data Scientist,6,Digital Marketing Manager (ฺBangkok),บริษัท ผลิตภัณฑ์ตราเพชร จำกัด (มหาชน),กรุงเทพมหานคร,ตามโครงสร้างบริษัทฯ,9 ก.พ. 69,https://www.jobthai.com/th/company/job/1858617,Digital Marketing Manager (ฺBangkok) บริษัท ผลิตภัณฑ์ตราเพชร จำกัด (มหาชน) บริษัท ผลิตภัณฑ์ตราเพชร จำกัด (มหาชน) กรุงเทพมหานคร ตามโครงสร้างบริษัทฯ 9 ก.พ. 69
Data Scientist,6,Export Operation Executive – Freight Forwarding,"GIRAF LOGISTICS (THAILAND) CO., LTD.",เขตทวีวัฒนา กรุงเทพมหานคร,"29,700 - 39,600 บาท",10 ก.พ. 69,https://www.jobthai.com/th/company/job/1849467,"Export Operation Executive – Freight Forwarding 10 ก.พ. 69 GIRAF LOGISTICS (THAILAND) CO., LTD. GIRAF LOGISTICS (THAILAND) CO., LTD. เขตทวีวัฒนา กรุงเทพมหานคร 29,700 - 39,600 บาท"
Data Scientist,6,วิศวกรไฟฟ้า / วิศวกรสิ่งแวดล้อม (Design),บริษัท อีอีซี เอ็นจิเนียริ่ง เน็ทเวิร์ค จำกัด และบริษัทในเครือ,,ตามโครงสร้างบริษัทฯ,12 ก.พ. 69,https://www.jobthai.com/th/company/job/1773035,วิศวกรไฟฟ้า / วิศวกรสิ่งแวดล้อม (Design) บริษัท อีอีซี เอ็นจิเนียริ่ง เน็ทเวิร์ค จำกัด และบริษัทในเครือ บริษัท อีอีซี เอ็นจิเนียริ่ง เน็ทเวิร์ค จำกัด และบริษัทในเครือ MRT วงแหวนรามอินทรา ตามโครงสร้างบริษัทฯ 12 ก.พ. 69
Data Scientist,6,Sr.Civil & Structural Engineer (บริษัทในเครือ),บริษัท อีอีซี เอ็นจิเนียริ่ง เน็ทเวิร์ค จำกัด และบริษัทในเครือ,,ตามโครงสร้างบริษัทฯ,12 ก.พ. 69,https://www.jobthai.com/th/company/job/1772468,Sr.Civil & Structural Engineer (บริษัทในเครือ) บริษัท อีอีซี เอ็นจิเนียริ่ง เน็ทเวิร์ค จำกัด และบริษัทในเครือ บริษัท อีอีซี เอ็นจิเนียริ่ง เน็ทเวิร์ค จำกัด และบริษัทในเครือ รับสมัครด่วน MRT วงแหวนรามอินทรา ตามโครงสร้างบริษัทฯ 12 ก.พ. 69
Data Scientist,6,Senior Ads Optimizer,OSUKA POWERTOOL (บริษัท ไอแม็กซ์เพาเวอร์ทูล จำกัด),เขตบางแค กรุงเทพมหานคร,"60,000 - 70,000 บาท",16 ก.พ. 69,https://www.jobthai.com/th/company/job/1864102,"Senior Ads Optimizer OSUKA POWERTOOL (บริษัท ไอแม็กซ์เพาเวอร์ทูล จำกัด) OSUKA POWERTOOL (บริษัท ไอแม็กซ์เพาเวอร์ทูล จำกัด) เขตบางแค กรุงเทพมหานคร 60,000 - 70,000 บาท สัมภาษณ์งานออนไลน์ 16 ก.พ. 69"
Data Scientist,6,Customer Service Supervisor (หัวหน้าฝ่ายบริการลูกค้า),บริษัท โฟกัส มีเดีย (ประเทศไทย) จำกัด,,ตามประสบการณ์,12 ก.พ. 69,https://www.jobthai.com/th/company/job/1846850,"Customer Service Supervisor (หัวหน้าฝ่ายบริการลูกค้า) บริษัท โฟกัส มีเดีย (ประเทศไทย) จำกัด บริษัท โฟกัส มีเดีย (ประเทศไทย) จำกัด BTS ช่องนนทรี, เซนต์หลุยส์, สุรศักดิ์ BRT สาทร ตามประสบการณ์ 12 ก.พ. 69"
Data Scientist,6,Senior CGI Designer,Orbit Design Studio,เขตปทุมวัน กรุงเทพมหานคร,ตามโครงสร้างบริษัทฯ,13 ก.พ. 69,https://www.jobthai.com/th/company/job/1858484,Senior CGI Designer 13 ก.พ. 69 Orbit Design Studio Orbit Design Studio เขตปทุมวัน กรุงเทพมหานคร ตามโครงสร้างบริษัทฯ
Data Scientist,6,Devops Engineer (Contract),บริษัท แอดเดนด้า จำกัด,,ตามโครงสร้างบริษัทฯ,9 ก.พ. 69,https://www.jobthai.com/th/company/job/1799401,"Devops Engineer (Contract) บริษัท แอดเดนด้า จำกัด บริษัท แอดเดนด้า จำกัด BTS ช่องนนทรี, เซนต์หลุยส์ BRT สาทร ตามโครงสร้างบริษัทฯ สัมภาษณ์งานออนไลน์ 9 ก.พ. 69"
Data Scientist,6,"Programmer,System Analyst,Business Analyst,Tester",APAR TECHNOLOGIES (THAILAND) LTD.,เขตวัฒนา กรุงเทพมหานคร,ไม่ระบุ,11 ก.พ. 69,https://www.jobthai.com/th/company/job/1163905,"Programmer,System Analyst,Business Analyst,Tester APAR TECHNOLOGIES (THAILAND) LTD. APAR TECHNOLOGIES (THAILAND) LTD. เขตวัฒนา กรุงเทพมหานคร ไม่ระบุ 11 ก.พ. 69"
Data Scientist,6,Marketplace Specialist (Shopee/Lazada/TikTok) - 会中文 [Office ลาดพร้าว/พหลโยธิน],"GDT MARKETING AND RETAIL CO.,LTD",,ตามประสบการณ์,16 ก.พ. 69,https://www.jobthai.com/th/company/job/1834474,"Marketplace Specialist (Shopee/Lazada/TikTok) - 会中文 [Office ลาดพร้าว/พหลโยธิน] GDT MARKETING AND RETAIL CO.,LTD GDT MARKETING AND RETAIL CO.,LTD BTS ห้าแยกลาดพร้าว MRT พหลโยธิน ตามประสบการณ์ สัมภาษณ์งานออนไลน์ 16 ก.พ. 69"
Data Scientist,6,Junior Programmer / IT Developer,บริษัท ทรัพย์โชติ ลักเกจ กรุ๊ป จำกัด,เขตทุ่งครุ กรุงเทพมหานคร,ตามโครงสร้างบริษัทฯ,16 ก.พ. 69,https://www.jobthai.com/th/company/job/1829137,Junior Programmer / IT Developer บริษัท ทรัพย์โชติ ลักเกจ กรุ๊ป จำกัด บริษัท ทรัพย์โชติ ลักเกจ กรุ๊ป จำกัด เขตทุ่งครุ กรุงเทพมหานคร ตามโครงสร้างบริษัทฯ 16 ก.พ. 69
Data Scientist,6,Product Marketing Section Manager,บริษัท เลิร์น คอร์ปอเรชั่น จำกัด (มหาชน),,ตามตกลง,16 ก.พ. 69,https://www.jobthai.com/th/company/job/1711311,"Product Marketing Section Manager บริษัท เลิร์น คอร์ปอเรชั่น จำกัด (มหาชน) บริษัท เลิร์น คอร์ปอเรชั่น จำกัด (มหาชน) BTS สนามกีฬาแห่งชาติ, สยาม ตามตกลง สัมภาษณ์งานออนไลน์ 16 ก.พ. 69"
Data Scientist,6,Marketing Specialist(Ads Opt) - Konvy Dental Clinic,"Konvy International Co.,Ltd.",,ตามโครงสร้างบริษัทฯ,10 ก.พ. 69,https://www.jobthai.com/th/company/job/1453793,"Marketing Specialist(Ads Opt) - Konvy Dental Clinic Konvy International Co.,Ltd. Konvy International Co.,Ltd. รับสมัครด่วน BTS พร้อมพงษ์ ตามโครงสร้างบริษัทฯ สัมภาษณ์งานออนไลน์ 10 ก.พ. 69"
Data Scientist,6,ผู้จัดการฝ่ายงานทดสอบประสิทธิภาพและความปลอดภัยผลิตภัณฑ์,บริษัท วันรัต (หน่ำเซียน) จำกัด,เขตประเวศ กรุงเทพมหานคร,ตามตกลง,13 ก.พ. 69,https://www.jobthai.com/th/company/job/1834812,ผู้จัดการฝ่ายงานทดสอบประสิทธิภาพและความปลอดภัยผลิตภัณฑ์ บริษัท วันรัต (หน่ำเซียน) จำกัด บริษัท วันรัต (หน่ำเซียน) จำกัด เขตประเวศ กรุงเทพมหานคร ตามตกลง 13 ก.พ. 69
Data Scientist,6,DevSecOps / System Engineer,บริษัท เอ็มเวิร์ค กรุ๊ป จำกัด,เขตห้วยขวาง กรุงเทพมหานคร,ไม่ระบุ,14 ก.พ. 69,https://www.jobthai.com/th/company/job/1673686,DevSecOps / System Engineer บริษัท เอ็มเวิร์ค กรุ๊ป จำกัด บริษัท เอ็มเวิร์ค กรุ๊ป จำกัด รับสมัครด่วน เขตห้วยขวาง กรุงเทพมหานคร ไม่ระบุ Hybrid Work สัมภาษณ์งานออนไลน์ 14 ก.พ. 69
