keyword,province_code,province_name,page,job_title,company,location,salary,posted_date,job_url,raw_text,job_detail_text,job_qualification_text,matched_skills,matched_skill_count,skill_python,skill_sql,skill_excel,skill_power_bi,skill_tableau,skill_r,skill_pandas,skill_numpy,skill_spark,skill_aws,skill_azure,skill_gcp,skill_machine_learning,skill_deep_learning,skill_llm
Data Analyst,01,กรุงเทพมหานคร,1,Data Analyst,บริษัท เอฟซีซี เซอร์วิสเซส จำกัด,MRT ภาวนา,"17,000 - 22,000 บาท",17 ก.พ. 69,https://www.jobthai.com/th/job/1755307,"Data Analyst บริษัท เอฟซีซี เซอร์วิสเซส จำกัด บริษัท เอฟซีซี เซอร์วิสเซส จำกัด รับสมัครด่วน MRT ภาวนา 17,000 - 22,000 บาท 17 ก.พ. 69",** ส่ง resume เพื่อสมัครงานทาง Line ID: fcchr เท่านั้น ** - จัดการและสรุปข้อมูลจากฐานข้อมูล เพื่อจัดทำรายงานและนำเสนอข้อมูลให้บุคคลที่เกี่ยวข้อง - ออกแบบและปรับปรุงรายงานให้เหมาะสมกับข้อมูลและลักษณะของโปรเจกต์งานที่ได้รับมอบหมาย - จัดเตรียมเอกสารที่เกี่ยวข้องกับการตรวจสอบงานภายในฝ่าย IT และรายงานผลต่อผู้บังคับบัญชา - งาน support อื่น ๆ ที่เกี่ยวข้องกับฝ่าย IT ตามที่ได้รับมอบหมาย ประเภทสัญญาจ้าง : สัญญาจ้างประจำ ลักษณะการทำงาน : on site วันและเวลาทำงาน : วันจันทร์-วันศุกร์ เวลา 09.00 - 18.30 น.,"คุณสมบัติผู้สมัคร เพศหญิง อายุ 21 ปีขึ้นไป จบการศึกษาระดับปริญญาตรี ด้านเทคโนโลยีสารสนเทศ หรือสาขาวิชาที่เกี่ยวข้อง เช่น สถิติประยุกต์, คณิตศาสตร์ประยุกต์, ครุศาสตร์ (คอมพิวเตอร์) ชอบงานด้านข้อมูล และมีความสามารถในการวิเคราะห์ข้อมูลได้เป็นอย่างดี มีความรู้และใช้งานระบบฐานข้อมูล MS SQL Server, MySQL, MS Access ได้เป็นอย่างดี มีความรู้และใช้งานโปรแกรม MS Office (โดยเฉพาะ Excel) ได้เป็นอย่างดี มีความละเอียดรอบคอบสูง ใส่ใจกับความถูกต้องของข้อมูล หากมีประสบการณ์ในสายงาน Data Analytics อย่างน้อย 1 ปีขึ้นไป จะได้รับการพิจารณาเป็นพิเศษ หากเป็นนักศึกษาจบใหม่ เคยมีประสบการณ์ในการใช้โปรแกรม MS SQL Server, MySQL และ Excel จะได้รับการพิจารณาเป็นพิเศษ หากเริ่มงานได้ทันที จะได้รับการพิจารณาเป็นพิเศษ",sql|excel,2,0,1,1,0,0,0,0,0,0,0,0,0,0,0,0
Data Analyst,32,จ.พระนครศรีอยุธยา,1,Data Analyst,"Tech Solution AI Co., Ltd.",อ.วังน้อย จ.พระนครศรีอยุธยา,ตามตกลง,18 ก.พ. 69,https://www.jobthai.com/th/job/1857706,"Data Analyst Tech Solution AI Co., Ltd. Tech Solution AI Co., Ltd. รับสมัครด่วน อ.วังน้อย จ.พระนครศรีอยุธยา ตามตกลง 18 ก.พ. 69",1. ออกแบบ Dashboard และ Data Visualization ให้เข้าใจง่ายและใช้งานได้จริง 2. ออกแบบ UX/UI สำหรับรายงานข้อมูล (Dashboard / Report / System View) 3. แปลง Requirement จากผู้ใช้งานให้เป็นภาพข้อมูลที่เหมาะสม 4. ทำงานร่วมกับทีมธุรกิจ ทีม IT และผู้ใช้ระบบ 5. ปรับปรุงรูปแบบ Dashboard ให้ดูทันสมัย ใช้งานง่าย และตอบโจทย์องค์กร 6. เขียนโค้ดหรือสคริปต์พื้นฐานเพื่อเชื่อมข้อมูลหรือปรับการแสดงผล (ไม่ต้องเชี่ยวชาญมาก) 7. ทดลอง พัฒนา และต่อยอดงานด้าน Data ผ่านกระบวนการ R&D 8. เรียนรู้เครื่องมือใหม่ ๆ ด้าน Data และ Visualization อย่างต่อเนื่อง,คุณสมบัติผู้สมัคร วุฒิปริญญาตรีขึ้นไป สายวิศวกรรม / IT / คอมพิวเตอร์ / Data / วิทยาศาสตร์ / หรือสาขาที่เกี่ยวข้อง เพศ ชาย-หญิง หากเป็นสายวิศวที่มาเรียนด้าน Data จะพิจารณาเป็นพิเศษ มีความเข้าใจด้าน Data Visualization มากกว่าการทำ Data Analytics เชิงลึก เข้าใจหลัก UX/UI สำหรับ Dashboard และการนำเสนอข้อมูล สามารถเขียนโค้ดได้ระดับพื้นฐาน เช่น SQL/Python/JavaScript/หรือ Script อื่น ๆ ใช้เครื่องมือ Data Visualization เช่น Power BI/Tableau/Looker Studio/หรือเครื่องมือใกล้เคียง,python|sql|power_bi|tableau|r,5,1,1,0,1,1,1,0,0,0,0,0,0,0,0,0
Data Analyst,01,กรุงเทพมหานคร,1,Data Analyst,บริษัท เมืองไทย แคปปิตอล จำกัด (มหาชน),MRT บางพลัด,"22,000 - 23,000 บาท",18 ก.พ. 69,https://www.jobthai.com/th/job/1752582,"Data Analyst บริษัท เมืองไทย แคปปิตอล จำกัด (มหาชน) บริษัท เมืองไทย แคปปิตอล จำกัด (มหาชน) MRT บางพลัด 22,000 - 23,000 บาท สัมภาษณ์งานออนไลน์ 18 ก.พ. 69",- รวบรวม วิเคราะห์ และ แปลผลข้อมูลจากแหล่งต่างๆ เพื่อสนับสนุนการตัดสินใจทางธุรกิจ - ออกแบบและพัฒนาDashboard - ค้นหาแนวโน้ม รูปแบบ และข้อมูลเชิงลึก เพื่อนำไปใช้ในเชิงกลยุทธ์ - ตรวจสอบความถูกต้องของข้อมูล พร้อมปรับปรุงคุณภาพของข้อมูลให้มีมาตรฐาน - นำเสนอข้อมูลเชิงลึกแก่ผู้บริหารและทีมที่เกี่ยวข้องในรูปแบบที่เข้าใจง่าย - งานอื่นๆที่ได้รับมอบหมาย,คุณสมบัติผู้สมัคร อายุไม่เกิน 26 ปี วุฒิการศึกษาระดับปริญญาตรีขึ้นไป คณะวิศวกรรมศาสตร์หรือที่เกี่ยวข้อง เกรดเฉลี่ย 3.00 ขึ้นไป มีทักษะการใช้ภาษา SQL (ถ้ามีจะพิจารณาเป็นพิเศษ) มีทักษะการใช้โปรแกรม Microsoft Office เช่น Microsoft Excel ในระดับดีเยี่ยม มีทักษะการวิเคราะห์ คำนวณและการนำเสนอข้อมูล รวมไปถึงความรู้ด้านสถิติ ทำงานภายใต้แรงกดดันได้ดี มีความละเอียด รอบคอบ,sql|excel,2,0,1,1,0,0,0,0,0,0,0,0,0,0,0,0
Data Analyst,01,กรุงเทพมหานคร,1,Data Analyst,S45 Clinic,BTS พร้อมพงษ์,ตามตกลง,18 ก.พ. 69,https://www.jobthai.com/th/job/1844306,Data Analyst S45 Clinic S45 Clinic BTS พร้อมพงษ์ ตามตกลง สัมภาษณ์งานออนไลน์ 18 ก.พ. 69,1.วิเคราะห์ข้อมูลเชิงลึกจากหลายแหล่ง (Sales / Marketing / Operation / Clinic Data) 2.สร้าง Report & Dashboard เพื่อสนับสนุนการตัดสินใจของผู้บริหาร 3.แปลงตัวเลขให้เป็น Insight และข้อเสนอเชิงกลยุทธ์ 4.ตรวจสอบความถูกต้องและคุณภาพของข้อมูล 5.ทำงานร่วมกับหลายทีม เพื่อพัฒนาประสิทธิภาพธุรกิจ,"คุณสมบัติผู้สมัคร มีประสบการณ์ด้าน Data Analysis / Business Intelligence ใช้ Excel / Google Sheets ขั้น Advance ได้ดี ใช้ BI Tools เช่น Power BI, Looker, Tableau เขียน SQL ดึงและจัดการข้อมูลได้ เข้าใจธุรกิจ (โดยเฉพาะ Clinic / Hospital จะพิจารณาเป็นพิเศษ) สื่อสารข้อมูลซับซ้อนให้เข้าใจง่าย รอบคอบ รับผิดชอบ และรักษาความลับข้อมูลได้ดี",sql|excel|power_bi|tableau,4,0,1,1,1,1,0,0,0,0,0,0,0,0,0,0
Data Analyst,28,จ.ปทุมธานี,1,Data Analyst,บริษัท ดูโฮม จำกัด (มหาชน),อ.เมืองปทุมธานี จ.ปทุมธานี,"18,000 - 30,000 บาท",18 ก.พ. 69,https://www.jobthai.com/th/job/1809674,"Data Analyst บริษัท ดูโฮม จำกัด (มหาชน) บริษัท ดูโฮม จำกัด (มหาชน) อ.เมืองปทุมธานี จ.ปทุมธานี 18,000 - 30,000 บาท สัมภาษณ์งานออนไลน์ 18 ก.พ. 69",รวบรวมและปรับปรุงข้อมูลดิบจากหลากหลายช่องทาง ตรวจสอบความถูกต้องและความครบถ้วนของข้อมูล พร้อมดำเนินการตรวจสอบคุณภาพและแก้ไขข้อผิดพลาดที่พบ วิเคราะห์ข้อมูลเชิงลึกเพื่อค้นหาข้อสรุปและแนวโน้ม โดยใช้วิธีการทางสถิติ และนำเสนอข้อเสนอแนะเชิงปฏิบัติได้จริงเพื่อสนับสนุนการตัดสินใจ จัดทำรายงานมาตรฐานและแดชบอร์ด ที่แสดงตัวชี้วัดด้านประสิทธิภาพให้เห็นภาพรวมได้อย่างชัดเจนและเข้าใจง่ายสำหรับผู้ใช้งานหลัก ดูแลและพัฒนาระบบรายงานอัตโนมัติ เพื่อเพิ่มประสิทธิภาพและความรวดเร็วของกระบวนการวิเคราะห์ข้อมูล ประสานงานอย่างใกล้ชิดกับทีมงานข้ามสายงาน เพื่อทำความเข้าใจความต้องการด้านข้อมูลและให้การสนับสนุนด้านการวิเคราะห์ สร้างวัฒนธรรมการทำงานที่ขับเคลื่อนด้วยข้อมูล ทำงานร่วมกับผู้นำทางธุรกิจ เพื่อค้นหาโอกาสในการปรับปรุงกระบวนการ โดยใช้ข้อมูลเชิงลึกเป็นพื้นฐาน,"คุณสมบัติผู้สมัคร ปริญญาตรี สาขาสถิติ , เศรษศาสตร์ , การตลาด, บริหารธุรกิจ หรือที่เกี่ยวข้อง มีประสบการณ์ทำงานด้านการวิเคราะห์ข้อมูล หรือในตำแหน่งที่เกี่ยวข้อง มีความเชี่ยวชาญขั้นสูงในการใช้ Power BI และสามารถเขียน DAX ได้ มีความสามารถในการใช้เครื่องมือวิเคราะห์ข้อมูลและภาษาโปรแกรม เช่น SQL, Python มีความรู้ด้านวิธีการทางสถิติและการนำเสนอข้อมูลด้วยภาพ (Data Visualization) มีความเชี่ยวชาญขั้นสูงในการใช้ Power BI และสามารถเขียน DAX ได้",python|sql|power_bi,3,1,1,0,1,0,0,0,0,0,0,0,0,0,0,0
Data Analyst,01,กรุงเทพมหานคร,1,Data Analyst,บริษัท ซาบีน่า จำกัด (มหาชน),เขตบางกอกน้อย กรุงเทพมหานคร,ตามตกลง,18 ก.พ. 69,https://www.jobthai.com/th/job/1862880,Data Analyst บริษัท ซาบีน่า จำกัด (มหาชน) บริษัท ซาบีน่า จำกัด (มหาชน) เขตบางกอกน้อย กรุงเทพมหานคร ตามตกลง Hybrid Work สัมภาษณ์งานออนไลน์ 18 ก.พ. 69,"- พัฒนาโมเดล Machine Learning (Classification, Regression, Clustering, Time-series) - ออกแบบ Feature Engineering และเลือกใช้ Algorithm ที่เหมาะสม - ประเมินและปรับปรุงโมเดลเพื่อเพิ่มความแม่นยำ - เตรียมและทำความสะอาดข้อมูล (Data Preparation / Cleansing) จากหลายแหล่ง - จัดทำรายงานและสร้าง Dashboard ด้วย Power BI - ปฏิบัติงานอื่น ๆ ตามที่ได้รับมอบหมาย","คุณสมบัติผู้สมัคร เพศชาย/หญิง อายุ 23–35 ปี สำเร็จการศึกษาระดับปริญญาตรีหรือโท สาขา Data Science, Computer Science, Statistics, Applied Mathematics หรือสาขาที่เกี่ยวข้อง มีประสบการณ์ด้าน Machine Learning / Data Science อย่างน้อย 1 ปี มีทักษะด้าน Data Modeling, Data Preparation และ Data Cleansing มีทักษะการเขียนโปรแกรมภาษา Python มีพื้นฐาน SQL และ Power BI สามารถเข้ารับการสัมภาษณ์แบบ Onsite/Online และทำแบบทดสอบได้",python|sql|power_bi|machine_learning,4,1,1,0,1,0,0,0,0,0,0,0,0,1,0,0
Data Analyst,01,กรุงเทพมหานคร,1,Data Analyst,บริษัท ชับบ์สามัคคีประกันภัย จำกัด (มหาชน),เขตหลักสี่ กรุงเทพมหานคร,ตามตกลง,18 ก.พ. 69,https://www.jobthai.com/th/job/1824648,Data Analyst บริษัท ชับบ์สามัคคีประกันภัย จำกัด (มหาชน) บริษัท ชับบ์สามัคคีประกันภัย จำกัด (มหาชน) เขตหลักสี่ กรุงเทพมหานคร ตามตกลง 18 ก.พ. 69,"Work closely with Conservation Team (Call Center for retention) with following support. •Develop, maintain, and enhance dashboards to track retention metrics, policy cancellation rates, and other key performance indicators. •Conduct in-depth data analysis to identify trends, root causes, and opportunities for improving policy retention. •Prepare regular and ad-hoc reports for management and Conservation teams, highlighting actionable insights and recommendations. •Collaborate with IT, data, and business teams to ensure the accuracy, consistency, and integrity of data used for analysis and reporting. •Support the design, implementation, and evaluation of retention strategies through quantitative analysis. •Accurately calculate and validate incentive payments for Conservation staff in accordance with the incentive scheme. •Document analytical methodologies and maintain up-to-date process documentation. •Stay informed of industry best practices, data tools, and Chubb’s insurance products to enhance analytical capabilities.","คุณสมบัติผู้สมัคร Bachelor’s degree in Business Analytics, Statistics, Data Science, or a related field. Ability to communicate complex findings clearly to non-technical stakeholders. Self-motivated and able to manage multiple priorities in a fast-paced environment. Advanced proficiency in data visualization tools (e.g., Tableau, Power BI) and Excel. Strong analytical, problem-solving, and quantitative skills. Minimum 2 years of experience in operations analysis, business intelligence, or data analytics (insurance industry experience preferred). Experience with SQL or other data querying languages is an advantage.",sql|excel|power_bi|tableau,4,0,1,1,1,1,0,0,0,0,0,0,0,0,0,0
Data Analyst,01,กรุงเทพมหานคร,1,Data Analyst,บริษัท เริ่มใหม่ จำกัด,เขตสายไหม กรุงเทพมหานคร,ตามความสามารถและประสบการณ์,18 ก.พ. 69,https://www.jobthai.com/th/job/1643374,Data Analyst บริษัท เริ่มใหม่ จำกัด บริษัท เริ่มใหม่ จำกัด เขตสายไหม กรุงเทพมหานคร ตามความสามารถและประสบการณ์ 18 ก.พ. 69,- รวบรวมและวิเคราะห์ข้อมูล สถิติ คู่แข่ง เพื่อจัดทำแผนการขายให้สอดคล้องกับข้อมูล - วิเคราะห์ช่องทางและคู่แข่งทางการตลาด - จัดทำ Report ในรูปแบบ Dashboard หรือ Visualize ที่สามารถสื่อสารให้เข้าใจได้โดยง่ายและชัดเจน - จัดทำแผน และพัฒนาระบบฐานข้อมูลและรายงาน เพื่อใช้ในการวิเคราะห์ ติดตามผลการปฏิบัติงานได้อย่างมีประสิทธิภาพ - ร่วมวางแผน พัฒนา และปรับปรุงการทำการตลาดขององค์กร - บริหารการยิงโฆษณาออนไลน์ ในช่องทางต่างๆได้ - ประสานงานกับแผนกอื่นๆ เพื่อให้ได้ผลลัพธ์ตามที่ได้วางไว้ - มีความเข้าใจในธุรกิจ และวิเคราะห์ข้อมูลเพื่อตอบโจทย์ในทางธุรกิจได้ สมัครด่วนผ่านช่องทาง link นี้ได้เลยค่ะ : https://jobs.techsauce.co/บริษัทเริ่มใหม่จำกัด,"คุณสมบัติผู้สมัคร อายุ 22-35 ปี ไม่จำกัดเพศ วุฒิการศึกษาระดับปริญญาตรีขึ้นไป มีประสบการณ์ในตำแหน่งงาน 1 - 5 ปี มีประสบการณ์ในสายงาน Data Analyst Management มีทักษะในการสื่อสารและความเข้าใจในงาน สามารถทำงานเป็นทีมได้ เข้าใจเครื่องมือการตลาดดิจิทอล เช่น Google Analytics, Google Tag Manager เข้าใจเรื่องสถิติ มีประสบการณ์ในการสรุปผล เช่น Excel, Power BI สามารถใช้งานเครื่องมือในการสร้างรายงาน สร้างDashboardเช่น Power BI, Tableau , Qlik",excel|power_bi|tableau,3,0,0,1,1,1,0,0,0,0,0,0,0,0,0,0
Data Analyst,01,กรุงเทพมหานคร,1,Data Analyst / Business Data Analyst,บริษัท ฟังก์ชั่น อินเตอร์เนชั่นแนล จำกัด (มหาชน),เขตคลองสามวา กรุงเทพมหานคร,"20,000 - 30,000 บาท",17 ก.พ. 69,https://www.jobthai.com/th/job/1854175,"Data Analyst / Business Data Analyst 17 ก.พ. 69 บริษัท ฟังก์ชั่น อินเตอร์เนชั่นแนล จำกัด (มหาชน) บริษัท ฟังก์ชั่น อินเตอร์เนชั่นแนล จำกัด (มหาชน) เขตคลองสามวา กรุงเทพมหานคร 20,000 - 30,000 บาท",•วิเคราะห์ข้อมูลเชิงลึกจากข้อมูลดิบ (Raw Data) ขององค์กร เช่น oข้อมูลสินค้าและสต๊อก oสินค้า Aging / สินค้าคงค้าง oข้อมูลการขาย การกระจายสินค้า และแนวโน้มทางธุรกิจ •แปลงข้อมูลดิบให้เป็นข้อมูลเชิงวิเคราะห์ เพื่อสนับสนุนการตัดสินใจของผู้บริหาร •ระบุประเด็นสำคัญ จุดเสี่ยง และโอกาสทางธุรกิจจากข้อมูล •จัดทำรายงานและ Dashboard เพื่อนำเสนอข้อมูลในรูปแบบที่เข้าใจง่าย •ทำงานร่วมกับฝ่ายคลังสินค้า ฝ่ายขาย จัดซื้อ และฝ่ายที่เกี่ยวข้อง •พัฒนาแนวทางการใช้ข้อมูล (Data-driven) ภายในองค์กร,"คุณสมบัติผู้สมัคร ปริญญาตรีขึ้นไป สาขาสถิติ, Data Science, IT, วิศวกรรม, บริหารธุรกิจ หรือสาขาที่เกี่ยวข้อง มีประสบการณ์ด้าน Data Analysis, Business Analysis หรือ Data-related อย่างน้อย 2–5 ปี สามารถทำงานกับข้อมูลดิบจำนวนมากได้ และเข้าใจโครงสร้างข้อมูล มีทักษะในการใช้เครื่องมือวิเคราะห์ข้อมูล เช่น Excel ขั้นสูง (Pivot, Power Query, Formula) SQL / Power BI / Tableau หรือเครื่องมือ Data Visualization อื่น ๆ มีทักษะการคิดเชิงวิเคราะห์ (Analytical Thinking) และมองภาพรวมทางธุรกิจได้ดี สามารถสื่อสารข้อมูลเชิงซับซ้อนให้ผู้บริหารเข้าใจได้ หากมีประสบการณ์ในธุรกิจค้าส่ง โลจิสติกส์ หรือบริหารสต๊อก จะได้รับการพิจารณาเป็นพิเศษ",sql|excel|power_bi|tableau,4,0,1,1,1,1,0,0,0,0,0,0,0,0,0,0
Data Analyst,01,กรุงเทพมหานคร,1,Data Analyst - BNG,บริษัท เบญจจินดา โฮลดิ้ง จำกัด,SRT บางเขน,ตามประสบการณ์,16 ก.พ. 69,https://www.jobthai.com/th/job/1858004,Data Analyst - BNG บริษัท เบญจจินดา โฮลดิ้ง จำกัด บริษัท เบญจจินดา โฮลดิ้ง จำกัด SRT บางเขน ตามประสบการณ์ 16 ก.พ. 69,"1. Data Management and Analysis: - Responsible for analyzing and processing data from various sources (both internal and external) using ETL (Extract, Transform, Load) tools to prepare data for analysis and reporting. - Ensure the accuracy of data (Data Accuracy) and perform data cleaning to remove errors, duplicates, and inconsistencies. - Design and develop reports and dashboards that communicate data insights effectively to business stakeholders using BI tools such as Power BI, Tableau, or Excel. 2. Vendor Collaboration: - Coordinate with external vendors to ensure that data delivery and services align with the terms set in the TOR (Terms of Reference) effectively. - Manage vendor meetings to align on project requirements, track deliverables, and ensure the timely delivery of projects. - Provide guidance and set the direction for vendor collaboration to meet project goals and business objectives. 3. ETL Development and Data Management: - Design and develop ETL processes for extracting, transforming, and loading data from multiple sources into a structured format for analysis. - Review and improve the ETL process to increase efficiency, reduce processing time, and ensure data is properly integrated for reporting and analysis. 4. Report and Dashboard Development: - Create reports and dashboards that meet business requirements, providing insights to business stakeholders, including executives and teams. - Present data clearly and concisely, providing decision-makers with actionable insights and supporting business decisions. 5. Learning and Adaptation: - Continuously learn new tools and technologies, including SQL, BI tools, and other data management tools. - Adapt quickly to changes in technology or business requirements, and incorporate new learning into daily work.","คุณสมบัติผู้สมัคร Bachelor’s degree in Computer Science, Statistics, Data Analysis, or related field. 3-5 years of experience in a Data Analyst, BI Developer, or related role, with hands-on experience in data management and developing ETL processes. Proficiency in BI tools (e.g., Power BI, Tableau, Excel) and ETL tools (e.g., Talend, Apache Nifi) and SQL Strong understanding of the ETL/ELT process and ability to handle data integration from multiple sources. Ability to manage and lead meetings with external vendors, ensuring alignment with project timelines and goals. Proven experience in data analysis and report creation, with the ability to present data insights to stakeholders clearly. Proactive in learning new tools, technologies, and methods to stay up to date with industry changes. Experience with Big Data management or working with large datasets. Knowledge of Business Intelligence and Advanced Analytics techniques. Ability to understand and work with TOR (Terms of Reference) is a plus.",sql|excel|power_bi|tableau,4,0,1,1,1,1,0,0,0,0,0,0,0,0,0,0
Data Analyst,28,จ.ปทุมธานี,1,KPI and Data Analyst,บริษัท บีอาร์เอฟ โลจิสติคส์ จำกัด,อ.ลาดหลุมแก้ว จ.ปทุมธานี,ตามตกลง,18 ก.พ. 69,https://www.jobthai.com/th/job/1867190,KPI and Data Analyst 18 ก.พ. 69 บริษัท บีอาร์เอฟ โลจิสติคส์ จำกัด บริษัท บีอาร์เอฟ โลจิสติคส์ จำกัด อ.ลาดหลุมแก้ว จ.ปทุมธานี ตามตกลง สัมภาษณ์งานออนไลน์,Position Summary ทำการเก็บข้อมูลในแต่ละส่วนงาน เพื่อรวบรวมและนำเสนอผู้บริหาร รวมถึงทำการวิเคราะห์และประเมินรายงานแต่ละแผนกของศูนย์กระจายสินค้า เพื่อเป็นข้อมูลให้กับผู้บริหารในการตัดสินใจ ประสานงานกับหน่วยงานต่าง ๆ ในศูนย์กระจายสินค้า เพื่อทราบข้อมูลในเชิงลึก รวมถึงให้คำแนะนำในการจัดทำ Report ของแต่ละแผนก เพื่อให้ง่ายต่อการเก็บข้อมูล Job Accountabilities -Report man power : เก็บข้อมูล report manpower ทุกแผนกของ WH เป็นข้อมูล Weekly / monthly -OT report: เก็บข้อมูล OT แยกตามแผนก เป็น Daily/Weekly /monthly -FCT ค่าใช้จ่ายของ Sub contract Weekly -เก็บข้อมูล รับ-จ่ายของคลังสินค้า แยกเป็นแต่ละประเภท -เก็บข้อมูล Report Audit Weekly/monthly -เก็บข้อมูล Damage/CN Weekly/Monthly -Pack review KPI by weekly/monthly -Data/graph support KPI weekly/monthly -Improve report for operation -ทำรายงานการประชุมต่างๆ -งานอื่นๆ ตามที่ได้รับมอบหมาย,"คุณสมบัติผู้สมัคร ปริญญาตรี ด้านโลจิสติคส์ , บริหารธุรกิจ มีประสบการณ์คลังสินค้า 3-5 ปี มีความสามารถวิเคราะห์ สถิติและวางแผน มีความรู้ด้าน excel ,PowerPoint",excel,1,0,0,1,0,0,0,0,0,0,0,0,0,0,0,0
Data Analyst,01,กรุงเทพมหานคร,1,Senior Data Analyst,บริษัท ไวท์ไลน์แอคทิเวชัน จำกัด,MRT เพชรบุรี,ตามตกลง,18 ก.พ. 69,https://www.jobthai.com/th/job/1759084,Senior Data Analyst บริษัท ไวท์ไลน์แอคทิเวชัน จำกัด บริษัท ไวท์ไลน์แอคทิเวชัน จำกัด MRT เพชรบุรี ตามตกลง 18 ก.พ. 69,- วิเคราะห์ข้อมูลเชิงลึกเพื่อตรวจสอบแนวโน้ม ความผิดปกติ และโอกาสทางธุรกิจ - สื่อสารข้อมูลที่ซับซ้อนในรูปแบบที่เข้าใจง่าย เพื่อสนับสนุนการตัดสินใจของหน่วยงานต่าง ๆ - ออกแบบและดูแลแดชบอร์ดใน Power BI ให้มีความน่าสนใจ ใช้งานง่าย และตอบโจทย์ผู้ใช้งาน - ปรับปรุงประสิทธิภาพของรายงานและคำนวณสูตร DAX ให้มีความรวดเร็วและแม่นยำ - ร่วมประชุมและรวบรวมความต้องการจากหน่วยงานต่าง ๆ เพื่อแปลงเป็นแนวทางการวิเคราะห์ - สนับสนุนการกำหนด KPI และตัวชี้วัดความสำเร็จที่สามารถวัดผลได้ - ตรวจสอบคุณภาพข้อมูลให้ถูกต้อง ครบถ้วน และมีความน่าเชื่อถือ - ให้คำแนะนำแก่ทีมงานในด้านการวิเคราะห์และการใช้งาน Power BI - จัดฝึกอบรมหรือเวิร์กช็อปเพื่อสนับสนุนการใช้งานเครื่องมือวิเคราะห์ข้อมูลในองค์กร - ศึกษาและติดตามความก้าวหน้าของเทคโนโลยีด้าน BI อย่างต่อเนื่อง เพื่อนำมาพัฒนาแนวทางการทำงานของทีม,"คุณสมบัติผู้สมัคร สำเร็จการศึกษาระดับปริญญาตรีหรือปริญญาโทในสาขาวิทยาการข้อมูล วิทยาการคอมพิวเตอร์ ระบบสารสนเทศ หรือสาขาอื่นที่เกี่ยวข้อง มีประสบการณ์ทำงานในสายงานวิเคราะห์ข้อมูลหรือ Business Intelligence อย่างน้อย 3 ปี มีความเชี่ยวชาญในเครื่องมือ Power BI โดยเฉพาะด้านการสร้างแดชบอร์ด การเขียนสูตร DAX และการจัดการข้อมูล สามารถใช้ภาษา SQL เพื่อดึงและจัดรูปแบบข้อมูลได้อย่างมีประสิทธิภาพ มีความรู้พื้นฐานหรือประสบการณ์ในเครื่องมือ BI อื่น เช่น Tableau, Looker, Qlik หรือ Google Data Studio จะได้รับการพิจารณาเป็นพิเศษ หากมีประสบการณ์ด้าน Python หรือ R จะได้รับการพิจารณาเป็นพิเศษ มีทักษะการสื่อสารที่ดี สามารถอธิบายข้อมูลให้ผู้ที่ไม่มีพื้นฐานทางเทคนิคเข้าใจได้ง่าย มีความคิดเชิงกลยุทธ์ มองเห็นภาพรวมของธุรกิจ และเชื่อมโยงข้อมูลเข้ากับเป้าหมายขององค์กร มีความละเอียดรอบคอบ และตระหนักถึงความถูกต้องและปลอดภัยของข้อมูล สามารถทำงานร่วมกับผู้อื่นได้ดี มีทัศนคติเชิงบวก และพร้อมแบ่งปันความรู้กับทีม",python|sql|power_bi|tableau|r,5,1,1,0,1,1,1,0,0,0,0,0,0,0,0,0
Data Analyst,09,จ.ชลบุรี,1,Data Analyst (ชลบุรี),บริษัท ไวร์เมช อินดัสทรี จำกัด,อ.เมืองชลบุรี จ.ชลบุรี,"20,000 - 30,000 บาท",18 ก.พ. 69,https://www.jobthai.com/th/job/1847321,"Data Analyst (ชลบุรี) 18 ก.พ. 69 บริษัท ไวร์เมช อินดัสทรี จำกัด บริษัท ไวร์เมช อินดัสทรี จำกัด อ.เมืองชลบุรี จ.ชลบุรี 20,000 - 30,000 บาท",1.รวบรวม ตรวจสอบ และบริหารจัดการฐานข้อมูลขององค์กรให้เป็นระบบ ถูกต้อง และเป็นปัจจุบัน (Data Cleaning & Management) 2.นำข้อมูลมาวิเคราะห์เชิงลึกเพื่อค้นหาปัญหา จุดบอด (Pain Points) หรือโอกาสในการพัฒนาธุรกิจ 3.จัดทำรายงานสรุปผลการวิเคราะห์ (Data Visualization/Dashboard) เพื่อนำเสนอต่อผู้บริหาร สำหรับใช้ประกอบการตัดสินใจเชิงกลยุทธ์ 4.ประสานงานกับทีมต่างๆ เพื่อให้ได้ข้อมูลที่ครบถ้วนและนำไปใช้ประโยชน์ได้จริง,"คุณสมบัติผู้สมัคร ไม่จำกัดเพศ อายุ 23-35 ปี วุฒิปริญญาตรี สาขา สถิติ, คณิตศาสตร์, วิทยาการคอมพิวเตอร์, บริหารธุรกิจ, เศรษฐศาสตร์ หรือสาขาที่เกี่ยวข้อง ไม่จำเป็นต้องมีประสบการณ์ (ยินดีรับนักศึกษาจบใหม่) มีทักษะการใช้ Microsoft Excel ในระดับดี (เช่น VLOOKUP, Pivot Table) มีความเข้าใจพื้นฐานเกี่ยวกับเครื่องมือวิเคราะห์ข้อมูลอื่นๆ (เช่น SQL, Power BI, Tableau) จะได้รับการพิจารณาเป็นพิเศษ มีทักษะการคิดวิเคราะห์ที่เป็นระบบ (Logical Thinking) และชอบการแก้ปัญหา สามารถทำงาน 6 วัน/สัปดาห์ (หยุดวันเสาร์ เดือนละ 1 วัน)",sql|excel|power_bi|tableau,4,0,1,1,1,1,0,0,0,0,0,0,0,0,0,0
Data Analyst,01,กรุงเทพมหานคร,1,Business Data Analyst,บริษัท มีภูมิดี จำกัด,BRT วัดดอกไม้,"20,000 - 22,000 บาท",18 ก.พ. 69,https://www.jobthai.com/th/job/1862748,"Business Data Analyst 18 ก.พ. 69 บริษัท มีภูมิดี จำกัด บริษัท มีภูมิดี จำกัด BRT วัดดอกไม้ 20,000 - 22,000 บาท Hybrid Work สัมภาษณ์งานออนไลน์",•วิเคราะห์ข้อมูลและ นำผลมาใช้วางกลยุทธ์ให้กับองค์กร •จัดทำรายงานและ Dashboard เพื่อสนับสนุนการตัดสินใจของผู้บริหาร •วิเคราะห์แนวโน้ม ปัญหา และโอกาสในการพัฒนาองค์กรจากข้อมูลเชิงลึก (Insight) •ทำงานร่วมกับฝ่ายต่าง ๆ เพื่อทำความเข้าใจปัญหาทางธุรกิจ และแปลงเป็นโจทย์ด้านข้อมูล •เสนอแนะแนวทางปรับปรุงกระบวนการทำงาน นโยบาย หรือกลยุทธ์ โดยอ้างอิงข้อมูล •พัฒนาเครื่องมือหรือวิธีการวิเคราะห์ข้อมูลให้มีประสิทธิภาพมากขึ้น •ใช้ระบบ RPA หรือ Ai เพิ่มประสิทธิภาพการทำงาน (Productivity),"คุณสมบัติผู้สมัคร ปริญญาตรีขึ้นไป สาขาสถิติ, คณิตศาสตร์, วิทยาการข้อมูล, บริหารธุรกิจ หรือสาขาที่เกี่ยวข้อง มีประสบการณ์ด้านการวิเคราะห์ข้อมูล / Business Analysis อย่างน้อย 1 ปี สามารถใช้เครื่องมือวิเคราะห์ข้อมูล เช่น Excel, SQL, Power BI, Tableau หรือเครื่องมืออื่น ๆ หากมีประสบการณ์ด้าน Organizational Development หรือ Strategic Planning จะพิจารณาเป็นพิเศษ มีความรู้ด้านPython / R , Excel Query, VBA, Data Visualization เช่น Power Bi, Presentation & Storytelling with Data (หากไม่มีขอคนพร้อมเรียนรู้) มีความยืดหยุ่น สามารถปรับเปลี่ยน Project ได้ตามสถานการณ์ที่ได้มอบหมาย มีทักษะการคิดเชิงวิเคราะห์ สามารถสื่อสารข้อมูลทางเทคนิคที่ซับซ้อนให้เข้าใจได้ง่าย และการแก้ปัญหาอย่างเป็นระบบ",python|sql|excel|power_bi|tableau|r,6,1,1,1,1,1,1,0,0,0,0,0,0,0,0,0
Data Analyst,01,กรุงเทพมหานคร,1,Data Analyst Executive,บริษัท วี โฮม โซลูชั่น จำกัด,เขตวังทองหลาง กรุงเทพมหานคร,ตามประสบการณ์,18 ก.พ. 69,https://www.jobthai.com/th/job/1859435,Data Analyst Executive บริษัท วี โฮม โซลูชั่น จำกัด บริษัท วี โฮม โซลูชั่น จำกัด เขตวังทองหลาง กรุงเทพมหานคร ตามประสบการณ์ สัมภาษณ์งานออนไลน์ 18 ก.พ. 69,- รวบรวมและวิเคราะห์ข้อมูล ฺฺBig Data สถิติ คู่แข่ง เพื่อจัดทำแผนการขายให้สอดคล้องกับข้อมูล - วิเคราะห์ช่องทางและคู่แข่งทางการตลาด - จัดทำ Report ในรูปแบบ Dashboard หรือ Data Visualize ที่สามารถสื่อสารให้เข้าใจได้โดยง่ายและชัดเจน - จัดทำแผน และพัฒนาระบบฐานข้อมูลและรายงาน เพื่อใช้ในการวิเคราะห์ ติดตามผลการปฏิบัติงานได้อย่างมีประสิทธิภาพ - ร่วมวางแผน พัฒนา และปรับปรุงการทำการตลาดขององค์กร - บริหารการยิงโฆษณาออนไลน์ ในช่องทางต่างๆได้ - ประสานงานกับแผนกอื่นๆ เพื่อให้ได้ผลลัพธ์ตามที่ได้วางไว้ - มีความเข้าใจในธุรกิจ และวิเคราะห์ข้อมูลเพื่อตอบโจทย์ในทางธุรกิจได้,"คุณสมบัติผู้สมัคร เพศชาย/หญิง อายุ 25 ปีขึ้นไป วุฒิการศึกษาปริญญาตรี สาขาการตลาด, บริหารธุรกิจ, Digital Marketing หรือสาขาที่เกี่ยวข้อง มีประสบการณ์ในสายงาน Data Analyst Management 1 ปีขึ้นไป มีทักษะในการสื่อสารและความเข้าใจในงาน มีทักษะในการใช้เครื่องมือการตลาดดิจิทอล เช่น Google Analytics, Google Tag Manager สามารถใช้งานเครื่องมือในการสร้างรายงาน สร้างDashboardเช่น Power BI, Tableau",power_bi|tableau,2,0,0,0,1,1,0,0,0,0,0,0,0,0,0,0
Data Analyst,59,จ.สมุทรปราการ,1,Business and Data Analyst,บริษัท โกชู โคซัน จำกัด,อ.บางพลี จ.สมุทรปราการ,ตามประสบการณ์,17 ก.พ. 69,https://www.jobthai.com/th/job/1717826,Business and Data Analyst บริษัท โกชู โคซัน จำกัด บริษัท โกชู โคซัน จำกัด อ.บางพลี จ.สมุทรปราการ ตามประสบการณ์ 17 ก.พ. 69,"•Control data of Profit center by collecting and ensuring the correctness of the data for arranging the management report. •Keep and maintain both hard copy and soft copy of the report confidentiality. •Management report to prepare the company’s annual plan report. •Management report to prepare sales management reports by weekly and monthly basis. •Analysis report to collect and analyze the company product and business type’s customer report in monthly basis. •Keep and maintain both hard copy and soft copy of the report confidentiality. •Arrange Management meeting; strategic meeting, business plan meeting and sales meeting. •Process improvement and self-development •Cooperate with company to establish, implement and continual improvement of the international management system such as ISO9001, ISO14001 and ISO17025.","คุณสมบัติผู้สมัคร Thai nationality, Male and Female age between 28 - 40 years Bachelor’s Degree or Master’s Degree in Computer science, Computer Engineering, MIS or related fields 3-5 year working experience in business analysis Proficient in MS Office, E-mail, Internet Good in English Communitions Computer Literacy; AI, Power BI and SQL Database, Power Query Advance in Excel, Pivot and Vlookup",sql|excel|power_bi,3,0,1,1,1,0,0,0,0,0,0,0,0,0,0,0
Data Analyst,01,กรุงเทพมหานคร,1,Data Analyst Internship,Ansell (Thailand) Ltd.,นิคมอุตสาหกรรมลาดกระบัง กรุงเทพมหานคร,300 บาท (รายวัน),17 ก.พ. 69,https://www.jobthai.com/th/job/1866417,Data Analyst Internship Ansell (Thailand) Ltd. Ansell (Thailand) Ltd. นิคมอุตสาหกรรมลาดกระบัง กรุงเทพมหานคร 300 บาท (รายวัน) สัมภาษณ์งานออนไลน์ 17 ก.พ. 69,"1. Build dashboards using Power BI 2.Generate reports and presentations to summarize insights 3.Identify trends, patterns, and improvement opportunities through data","คุณสมบัติผู้สมัคร Bachelor’s degree in data science, Computer Science, Strong analytical and problem‑solving skills Strong proficiency in Power BI Ability to work in a team",power_bi,1,0,0,0,1,0,0,0,0,0,0,0,0,0,0,0
Data Analyst,01,กรุงเทพมหานคร,1,Data Analyst (รพ.พญาไท 2),เครือโรงพยาบาลพญาไทและเครือโรงพยาบาลเปาโล,เขตพญาไท กรุงเทพมหานคร,ตามโครงสร้างบริษัทฯ,16 ก.พ. 69,https://www.jobthai.com/th/job/1833215,Data Analyst (รพ.พญาไท 2) เครือโรงพยาบาลพญาไทและเครือโรงพยาบาลเปาโล เครือโรงพยาบาลพญาไทและเครือโรงพยาบาลเปาโล เขตพญาไท กรุงเทพมหานคร ตามโครงสร้างบริษัทฯ สัมภาษณ์งานออนไลน์ 16 ก.พ. 69,"-จัดการข้อมูลดิบรายเดือนและนำเข้าเข้าสู่ฐานข้อมูลเพื่อการจัดเก็บอย่างมีประสิทธิภาพ -ทำ Data Cleaning, Validation และ Transformation เพื่อให้ข้อมูลถูกต้องและสม่ำเสมอ -พัฒนาและดูแลกระบวนการ ETL/ELT เพื่อสนับสนุนการทำงานแบบอัตโนมัติ -ทำงานร่วมกับทีมวิเคราะห์เพื่อส่งมอบชุดข้อมูลและสนับสนุนการทำ Dashboard/Report","คุณสมบัติผู้สมัคร มีประสบการณ์ด้านระเบียบวิธีทางสถิติ การวิเคราะห์ข้อมูลเบื้องต้น (Exploratory Data Analysis) และการใช้ข้อมูลเพื่อขับเคลื่อนผลลัพธ์ทางธุรกิจ มีประสบการณ์ด้านการทำงานอัตโนมัติ (Automation) และการสร้าง Dashboard บนเครื่องมือรายงานผล เช่น Power BI หรือ Tableau มีความรู้ด้าน Microsoft Excel ขั้นสูง และมีประสบการณ์ด้าน Programming/Coding เช่น SQL, Python และ/หรือ R มีทักษะการคิดวิเคราะห์ , การแก้ปัญหา และมีทักษะการสื่อสารทั้งการเขียนและการพูดในระดับดีเยี่ยม ถ้ามีประสบการณ์ธุรกิจสุุขภาพมาจะพิจารณาเป็นพิเศษ",python|sql|excel|power_bi|tableau|r,6,1,1,1,1,1,1,0,0,0,0,0,0,0,0,0
Data Analyst,01,กรุงเทพมหานคร,1,Data Analyst ประจำที่ กทม.,MAA GROUP,เขตวัฒนา กรุงเทพมหานคร,ตามตกลง,18 ก.พ. 69,https://www.jobthai.com/th/job/1783463,Data Analyst ประจำที่ กทม. MAA GROUP MAA GROUP เขตวัฒนา กรุงเทพมหานคร ตามตกลง สัมภาษณ์งานออนไลน์ 18 ก.พ. 69,"1. รวบรวมข้อมูล (Data Collection) : • ดึงข้อมูลจากแหล่งต่าง ๆ เช่น ฐานข้อมูลภายในระบบ ERP, CRM, Excel, APIs, หรือ Data Warehouse • ตรวจสอบความถูกต้องและความครบถ้วนของข้อมูล 2. ทำความสะอาดและเตรียมข้อมูล (Data Cleaning & Preparation): • แก้ไขข้อมูลที่ผิดพลาด หรือขาดหาย • แปลงข้อมูลให้อยู่ในรูปแบบที่พร้อมต่อการวิเคราะห์ (เช่น Normalize, Transform, Join) 3. วิเคราะห์ข้อมูล (Data Analysis): • ใช้สถิติหรือเทคนิคการวิเคราะห์ เช่น Descriptive Analysis, Trend Analysis, Correlation • ค้นหา pattern, insight หรือปัญหาที่ซ่อนอยู่ในข้อมูล 4. แปลผลข้อมูลเป็นเชิงธุรกิจ (Business Insight): • สรุปข้อมูลเชิงลึกที่มีผลต่อการตัดสินใจ • ตอบคำถามธุรกิจ เช่น “ยอดขายตกเพราะอะไร?”, “แคมเปญไหนมีประสิทธิภาพสูงสุด?” 5. นำเสนอผลลัพธ์ (Data Visualization & Reporting): • สร้าง Dashboard หรือ Report ด้วยเครื่องมือเช่น Power BI, Tableau, Google Data Studio, Excel • สื่อสารข้อมูลให้เข้าใจง่ายสำหรับผู้บริหารหรือทีมที่เกี่ยวข้อง 6. ร่วมมือกับทีมอื่น (Cross-functional Collaboration): • ทำงานร่วมกับทีมการตลาด, ฝ่ายขาย, ฝ่ายผลิต, IT, หรือฝ่ายบริหาร เพื่อกำหนดปัญหาและหาคำตอบจากข้อมูล *สัมภาษณ์ออนไลน์","คุณสมบัติผู้สมัคร ปริญญาตรีหรือสูงกว่าในสาขา Data Science, สถิติ, คณิตศาสตร์, วิศวกรรม, บริหารธุรกิจ หรือสาขาอื่นที่เกี่ยวข้อง ยินดีรับนักศึกษาจบใหม่ และ มีประสบการณ์ในงานวิเคราะห์ข้อมูลอย่างน้อย 1-3 ปี สามารถใช้ Excel, SQL ได้อย่างดี หากมีประสบการณ์กับ Power BI, Tableau, Google Data Studio จะได้รับการพิจารณาเป็นพิเศษ มีทักษะในการคิดวิเคราะห์เชิงตรรกะ (Critical Thinking) และสามารถแปลข้อมูลเป็นแผนปฏิบัติได้ มีทักษะการสื่อสารและนำเสนอที่ดี สามารถอธิบายข้อมูลให้ทีมที่ไม่ใช่สายเทคนิคเข้าใจได้ง่าย",sql|excel|power_bi|tableau,4,0,1,1,1,1,0,0,0,0,0,0,0,0,0,0
Data Analyst,21,จ.นครราชสีมา,1,MIS / Business Data Analyst,บริษัท นิวเจ็นแมน จำกัด,อ.เมืองนครราชสีมา จ.นครราชสีมา,"15,000- 30,000 ขึ้นอยู่กับความสามารถและประสบการณ์",15 ก.พ. 69,https://www.jobthai.com/th/job/1847053,"MIS / Business Data Analyst บริษัท นิวเจ็นแมน จำกัด บริษัท นิวเจ็นแมน จำกัด อ.เมืองนครราชสีมา จ.นครราชสีมา 15,000- 30,000 ขึ้นอยู่กับความสามารถและประสบการณ์ 15 ก.พ. 69","หน้าที่ความรับผิดชอบ (Job Responsibilities) -จัดการและวิเคราะห์ข้อมูลธุรกิจทุกช่องทาง -เชื่อมโยงข้อมูลยอดขาย ต้นทุน กำไร สต๊อก และโปรโมชั่น -จัดทำรายงานเพื่อผู้บริหาร (Management Report) -รายงานยอดขายรายวัน / รายเดือน / รายสาขา / รายช่องทาง -สรุปข้อมูลในรูปแบบ Dashboard, Chart, Pivot ที่เข้าใจง่าย -วิเคราะห์ข้อมูลเพื่อช่วยฝ่ายบริหารวางแผนโปรโมชั่น การตั้งราคา และการบริหารสต๊อก -ควบคุมคุณภาพและความถูกต้องของข้อมูล -พัฒนาและปรับปรุงระบบรายงาน -ออกแบบ Template รายงานให้เหมาะกับการใช้งานจริง -ปรับปรุง Workflow ด้านข้อมูลให้ทำงานเร็วขึ้นและลดงานซ้ำ -ประสานงานกับฝ่ายบัญชี, คลังสินค้า, การตลาด และสาขา -เป็นศูนย์กลางข้อมูลขององค์กร (Single Source of Truth)","คุณสมบัติผู้สมัคร วุฒิปริญญาตรีขึ้นไป สาขา MIS, IT, สถิติ, บัญชี, บริหารธุรกิจ หรือสาขาที่เกี่ยวข้อง ประสบการณ์งานด้าน MIS / Data / Report / Business Analyst อย่างน้อย 2 ปี (ถ้ามีประสบการณ์ค้าปลีกหรือออนไลน์จะพิจารณาเป็นพิเศษ) เชี่ยวชาญ Excel / Google Sheet ,Pivot Table, VLOOKUP / XLOOKUP, สูตรคำนวณต่างๆ ใช้ Power BI, Data Studio, หรือ Dashboard Tools ได้ สามารถสื่อสารกับคนหลายฝ่าย และอธิบายข้อมูลยากให้เข้าใจง่ายได้ มีทัศนคติแบบพัฒนา ไม่กลัวข้อมูลเยอะ และชอบทำงานกับตัวเลข เข้าใจข้อมูลเชิงธุรกิจ ไม่ใช่แค่ทำรายงาน แต่ “ตีความเป็น” มีน้ำใจ /มีระเบียบวินัยในการทำงาน",excel|power_bi,2,0,0,1,1,0,0,0,0,0,0,0,0,0,0,0
Data Analyst,08,จ.ฉะเชิงเทรา,2,Data Analysis Engineer,บริษัท ทอรัส แมนูแฟคเจอริ่ง จำกัด,อ.บ้านโพธิ์ จ.ฉะเชิงเทรา,ตามตกลง,18 ก.พ. 69,https://www.jobthai.com/th/job/1853311,Data Analysis Engineer บริษัท ทอรัส แมนูแฟคเจอริ่ง จำกัด บริษัท ทอรัส แมนูแฟคเจอริ่ง จำกัด อ.บ้านโพธิ์ จ.ฉะเชิงเทรา ตามตกลง 18 ก.พ. 69,"1.นำข้อมูล Daily record ทั้ง IQC,PQC,FQC,OQA สรุปในรูปแบบ Greph Pareto หรือ Excel Graph 2.Monitor ข้อมูล Inspection/Measurement และ Trend ของการตรวจวัด 3.สรุปข้อมูล Product New Model เช่น Measurement Data ร่วมกับ QE 4.รายงานผลในรูปแบบ Report ให้กับหัวหน้างานและผู้จัดการ 5.ร่วมประเมินและ Revise Data ทั้ง Current และ New Model เช่น Cpk,MSA","คุณสมบัติผู้สมัคร เพศชาย - หญิง ปริญญาตรี วิศวกรรมศาสตร์ สาขาที่เกี่ยวข้อง มีประสบการณ์เกี่ยวกับ SPC,MSA,DATA ANALYSIS,QC 7 TOOS,DAILY REPORT ใช้คอมพิวเตอร์ขั้นพื้นฐานเช่น MS.Word, Excel ประสบกาณ์ 1-2 ปีขึ้นไป BASIC MICROSOFT OFFICE,MINI-TAB,SMALL TOOLS,DRAWING",excel,1,0,0,1,0,0,0,0,0,0,0,0,0,0,0,0
Data Analyst,01,กรุงเทพมหานคร,2,"Data Team Lead (ดู Data Analyst, Data Enginneer)",บริษัท เบตเทอร์โดส จำกัด ( สำนักงานใหญ่ ),เขตคลองสาน กรุงเทพมหานคร,"70,000 - 120,000 บาท",11 ก.พ. 69,https://www.jobthai.com/th/job/1792698,"Data Team Lead (ดู Data Analyst, Data Enginneer) 11 ก.พ. 69 บริษัท เบตเทอร์โดส จำกัด ( สำนักงานใหญ่ ) บริษัท เบตเทอร์โดส จำกัด ( สำนักงานใหญ่ ) เขตคลองสาน กรุงเทพมหานคร 70,000 - 120,000 บาท",,"คุณสมบัติผู้สมัคร เชี่ยวชาญด้านการออกแบบและพัฒนา Data Pipeline, Data Warehouse และ ETL/ELT process มีประสบการณ์กับ Cloud Platform อย่างน้อย 1 เจ้า (AWS, GCP, Azure) โดยเฉพาะเครื่องมือด้าน Data (เช่น BigQuery, Redshift, Snowflake, Databricks) มีความรู้ด้าน Database ทั้ง SQL และ NoSQL (เช่น PostgreSQL, MySQL, MongoDB, Cassandra) มีทักษะการเขียนโค้ดด้วย Python, SQL และภาษาอื่น ๆ ที่เกี่ยวข้องกับ Data Engineering มีความเข้าใจ Data Modeling, Data Lake, Data Governance และ Data Security เคยทำงานร่วมกับทีม Data Analyst/Scientist และเข้าใจการเตรียมข้อมูลเพื่อการวิเคราะห์เชิงลึก (Analytics / Machine Learning) มีทักษะการสื่อสารที่ดี สามารถประสานงานกับทีม Business, Product, และ Tech อื่น ๆ มีความสามารถในการวาง Roadmap และจัดลำดับความสำคัญของงาน Data Engineering สามารถโค้ชทีมให้เติบโตทั้งด้านทักษะและ Mindset มีความรับผิดชอบสูง ทำงานเชิงรุก และแก้ปัญหาได้อย่างสร้างสรรค์ อายุไม่เกิน 32 ปี จบการศึกษาระดับปริญญาตรีขึ้นไป สาขา Computer Science, Computer Engineering, Information Technology หรือสาขาที่เกี่ยวข้อง",python|sql|aws|azure|gcp|machine_learning,6,1,1,0,0,0,0,0,0,0,1,1,1,1,0,0
Data Analyst,01,กรุงเทพมหานคร,2,เจ้าหน้าที่ IT (Data Analyst),"Promise (Thailand) Co.,Ltd.",BTS อโศก,พิจารณาตามโครงสร้างบริษัทและค่าประสบการณ์ด้านIT,17 ก.พ. 69,https://www.jobthai.com/th/job/1847346,"เจ้าหน้าที่ IT (Data Analyst) Promise (Thailand) Co.,Ltd. Promise (Thailand) Co.,Ltd. BTS อโศก MRT สุขุมวิท พิจารณาตามโครงสร้างบริษัทและค่าประสบการณ์ด้านIT 17 ก.พ. 69",- ใช้แปรแกรม SQL และ Python ดึงข้อมูลตามความต้องการของผู้ใช้งาน - วิเคราะห์ข้อมูลและจัดทำสรุปรายงาน - ดูแลและตรวจสอบระบบการสร้างรายงาน - จัดทำรายงานและประสานงานกับหน่วยงาน NCB - งานอื่นๆตามที่ได้รับมอบหมาย,"คุณสมบัติผู้สมัคร เพศชาย / หญิง อายุ 22-30 ปี เท่านั้น สำเร็จการศึกษาปริญญาตรี สาขา วิศวกรรมศาสตร์,เทคโนโลยีสารสนเทศ,บริหารธุรกิจ หรือสาขาอื่นที่เกี่ยวข้อง มีประสบการณ์ใช้โปรแกรม Python มีความเข้าใจพื้นฐานเกี่ยวกับระบบคอมพิวเตอร์ Macro, Google Sheet และ MS SQL ถ้ามีความรู้พื้นฐานเกี่ยวกับ NCB จะพิจารณาเป็นพิเศษ หากเป็นเพศชายต้องผ่านการเกณฑ์ทหารหรือได้รับการยกเว้น (แนบใบ ส.ด.8 หรือ ส.ด.43)",python|sql,2,1,1,0,0,0,0,0,0,0,0,0,0,0,0,0
Data Analyst,01,กรุงเทพมหานคร,2,Data Analyst (ทีม Collection),บริษัท ออโต้ เอกซ์ จำกัด (บริษัทในเครือ SCBX),เขตจตุจักร กรุงเทพมหานคร,ตามโครงสร้างบริษัทฯ,18 ก.พ. 69,https://www.jobthai.com/th/job/1599769,Data Analyst (ทีม Collection) บริษัท ออโต้ เอกซ์ จำกัด (บริษัทในเครือ SCBX) บริษัท ออโต้ เอกซ์ จำกัด (บริษัทในเครือ SCBX) เขตจตุจักร กรุงเทพมหานคร ตามโครงสร้างบริษัทฯ สัมภาษณ์งานออนไลน์ 18 ก.พ. 69,"จัดทำรายงาน Performance, Commission และ Incentive ของทีม Collection (ท่านสามารถศึกษานโยบายการคุ้มครองข้อมูลส่วนบุคคลของผู้สมัครงาน ได้ที่ https://chaiyo.co.th/policy-page-employee)","คุณสมบัติผู้สมัคร วุฒิปริญญาตรีขึ้นไป ในสาขาที่เกี่ยวข้อง มีประสบการณ์ในสายงาน Data Analyst อย่างน้อย 2 ปี หากมีประสบการณ์ในงานด้าน Collection หรือจัดทำ Incentive จะพิจารณาเป็นพิเศษ มีทักษะการใช้ MS Office – Excel ได้ในระดับดี และสามารถใช้ Access, SQL, Power BI, Power Query ในระดับปานกลาง สามารถทำงานภายใต้ภาวะกดดันได้",sql|excel|power_bi,3,0,1,1,1,0,0,0,0,0,0,0,0,0,0,0
Data Analyst,01,กรุงเทพมหานคร,2,Data Analyst - (Channel Offer),Protha Company Limited (สำนักงานใหญ่),"MRT พระราม 9, ศูนย์วัฒนธรรมแห่งประเทศไทย",ตามตกลง,18 ก.พ. 69,https://www.jobthai.com/th/job/1853563,"Data Analyst - (Channel Offer) Protha Company Limited (สำนักงานใหญ่) Protha Company Limited (สำนักงานใหญ่) MRT พระราม 9, ศูนย์วัฒนธรรมแห่งประเทศไทย ตามตกลง สัมภาษณ์งานออนไลน์ 18 ก.พ. 69","1. Responsible for Offer settlement rule execution, data verification, rebate calculation and issuance. 2. Promote the optimization and follow-up of internal processes in the distribution of channel rebates to ensure timeliness and accuracy. 3. Lead the Offer reconciliation process to ensure consistency between system data and data submitted by channel merchants. 4. Design anti-cheating mechanisms, monitor abnormal transactions, and connect internal and external audits. 5. Data Quality Maintenance: Monitor data quality to ensure data accuracy, completeness and consistency. Identify and resolve data quality issues in a timely manner. 6. Collaboration and Communication: Communicate effectively with different members inside and outside the team to understand their needs and communicate the results of the analysis to relevant personnel.","คุณสมบัติผู้สมัคร Thai or Chinese Nationality are open. At least 1 years of work experience in the Data or mobile phone industry, familiar with the Thai market is preferred. High data sensitivity, able to quickly identify settlement data anomalies. Proficient in speaking, reading, and writing in Thai and English or Chinese proficiency is preferred.",,0,0,0,0,0,0,0,0,0,0,0,0,0,0,0,0
Data Analyst,09,จ.ชลบุรี,2,Marketing & Data Analysis,บริษัท แอลซีบี คอนเทนเนอร์ เทอร์มินัล 1 จำกัด และ บริษัท แอล ซี เอ็ม ที จำกัด,อ.ศรีราชา จ.ชลบุรี,ตามตกลง,18 ก.พ. 69,https://www.jobthai.com/th/job/1757796,Marketing & Data Analysis บริษัท แอลซีบี คอนเทนเนอร์ เทอร์มินัล 1 จำกัด และ บริษัท แอล ซี เอ็ม ที จำกัด บริษัท แอลซีบี คอนเทนเนอร์ เทอร์มินัล 1 จำกัด และ บริษัท แอล ซี เอ็ม ที จำกัด อ.ศรีราชา จ.ชลบุรี ตามตกลง สัมภาษณ์งานออนไลน์ 18 ก.พ. 69,"· Gathering data and analyse market and industry trends in order to understand customers’ demand, market situation and to keep competitiveness. · Keep recording all performance data and communications with individual customers. · Set up rates and conditions in system for billing purpose. SPECIFIC TASKS · Timely updating the market data e.g. throughput volume, services updating, other terminals and environments updating, and etc. · Profiling customers, and keep it up to date. · Facilitating on customer requests by preparing information for decision making. · Set up rates and conditions in system for billing purpose. · Support for other commercial issues and assigned job, i.e. the customer satisfaction survey, department monthly report, VIP account and etc. · Maintain stock and update all marketing and promotional materials. · Support and accommodate customer visiting.","คุณสมบัติผู้สมัคร Bachelor’s degree in marketing or related field. 0-5 years’ experience in sales & marketing (New graduate is welcome) Analytic and numeric thinking skills. Ability to gain and develop relationships with clients, government, and industry representative Computer Skills in Excel and PowerPoint Good English communication skills in writing and speaking",excel,1,0,0,1,0,0,0,0,0,0,0,0,0,0,0,0
Data Analyst,01,กรุงเทพมหานคร,2,Data analyst (หยุดเสาร์-อาทิตย์),บริษัท ซินด้า (ประเทศไทย) จำกัด,เขตราษฎร์บูรณะ กรุงเทพมหานคร,ตามโครงสร้างบริษัทฯ,14 ก.พ. 69,https://www.jobthai.com/th/job/1856097,Data analyst (หยุดเสาร์-อาทิตย์) บริษัท ซินด้า (ประเทศไทย) จำกัด บริษัท ซินด้า (ประเทศไทย) จำกัด เขตราษฎร์บูรณะ กรุงเทพมหานคร ตามโครงสร้างบริษัทฯ 14 ก.พ. 69,"•คิดแคมเปญ และกิจกรรมด้านการตลาดเพื่อส่งเสริมการขายทุกช่องทางให้ตรงตามเป้าหมายที่ได้กำหนดไว้ •สำรวจ วิเคราะห์ และติดตามสภาพการแข่งขันของการตลาดและการขาย ข้อมูลลูกค้า คู่แข่งขัน เพื่อทำรายงานกำหนดทิศทางและวางแผนทางการตลาด รวมทั้ง เพื่อปรับปรุงระบบการตลาด และการขายให้มีประสิทธิภาพยิ่งขึ้น •จัดทำแผนการสื่อสารโปรโมชัน ให้ตรงตามกลุ่มเป้าหมาย และดำเนินการให้เสร็จทันเวลาที่กำหนด •วิเคราะห์สินค้าตัวโชว์ เทียบตัวขาย •จัดทำแผนงาน ช่องทางการส่งเสริมการขายให้สอดคล้องกับตลาดในแต่ละช่วงเวลา อาทิ เสนอกิจกรรมทางการตลาด Promotion ผ่านสื่อต่าง ๆ และหาพันธมิตรทางธุรกิจ เพื่อร่วมจัดทำกิจกรรมทางการตลาดใหม่ๆ •สร้างความสัมพันธ์ที่ดีกับลูกค้า โดยการรวบรวม และวิเคราะห์ลูกค้าเก่า พร้อมเสนอโปรโมชั่นที่คุ้มค่าให้แก่ลูกค้า •จัดทำรายงานเพื่อเสนอต่อผู้บริหาร เช่น รายงานการตลาด, กิจกรรมที่ได้ดำเนินการ •จัดทำราคาขายของสินค้า •วางแผน/นำเสนอการส่งเสริมการขายในช่อง Modern Trade ออฟไลน์/ออนไลน์ ร่วมกับทีมฝ่ายขายและฝ่ายการตลาด •ประสานงานกับคู่ค้า Modern Trade และหน่วยงานที่เกี่ยวข้อง เพื่อขอจัดทำแผน Promotion •ติดตามความเคลื่อนไหว เพื่อเก็บข้อมูลของคู่แข่ง •สนับสนุน ส่งเสริม ทำกิจกรรมอื่นๆ รวมถึงวางแผนและกำหนดกลยุทธ์การตลาดทั้งออนไลน์และ ออฟไลน์ เพื่อสร้างความเติบโตให้กับแบรนด์ •จัดทำ ควบคุม Budget ในฝั่งการตลาดและวางแผนกลยุทธ์ เพื่อให้เกิดยอดขายสูงสุด •ประเมินผลกิจกรรมการตลาด ปรับแผน และกลยุทธ์ เพื่อให้สอดคล้องกับการแข่งขันของตลาด •ประสานงานกับฝ่ายต่าง ๆ เพื่อให้การปฏิบัติงานมีประสิทธิภาพสูงสุด •ติดตามข้อมูลและความเคลื่อนไหวของตลาดอย่างต่อเนื่อง •ปฏิบัติงานอื่นๆ ที่ได้รับมอบหมายจากผู้บังคับบัญชา","คุณสมบัติผู้สมัคร ไม่จำกัดเพศ อายุ 23-35 ปี ปริญญาตรี สาขาการตลาด บริหารธุรกิจ หรือสาขาที่เกี่ยวข้อง ประสบการณ์งาน Sales Promotion / Marketing / Trade Marketing จะพิจารณาเป็นพิเศษ เข้าใจการจัดกิจกรรมส่งเสริมการขาย (Promotion / Campaign / Event) มีทักษะการวิเคราะห์ผลกิจกรรม เช่น ยอดขายก่อน–หลังจัดโปรโมชั่น สามารถจัดทำรายงานสรุปผลการขายและกิจกรรมได้ ประสานงานกับฝ่ายขาย หน้าร้าน และทีมที่เกี่ยวข้องได้ดี ใช้งานโปรแกรมพื้นฐานได้ดี เช่น Microsoft Excel / Google Sheets PowerPoint / Canva หากมีประสบการณ์ใช้ AI เช่น ChatGPT, Gemini, หรือ AI ด้าน Data / Content จะพิจารณาเป็นพิเศษ มีบุคลิกภาพดี กล้าแสดงออก สื่อสารชัดเจน และทำงานร่วมกับผู้อื่นได้ดี สามารถทำงานนอกสถานที่ และเดินทางไปสาขา/หน้างานได้",excel,1,0,0,1,0,0,0,0,0,0,0,0,0,0,0,0
Data Analyst,01,กรุงเทพมหานคร,2,นักวิเคราะห์ข้อมูล (Data Analyst),"The BRS Co., Ltd.","BTS เซนต์หลุยส์, สุรศักดิ์",ตามตกลง,17 ก.พ. 69,https://www.jobthai.com/th/job/895309,"นักวิเคราะห์ข้อมูล (Data Analyst) The BRS Co., Ltd. The BRS Co., Ltd. BTS เซนต์หลุยส์, สุรศักดิ์ ตามตกลง Work from Home สัมภาษณ์งานออนไลน์ 17 ก.พ. 69",- รวมรวม จัดเตรียม บันทึกข้อมูล - วิเคราะห์ข้อมูล (Data Analysis) ทั้งข้อมูลเชิงปริมาณและข้อมูลเชิงคุณภาพ - จัดทำรายงานสรุปผล (Report and Presentation) ทำงานจากที่บ้านแบบ Work from home 60% 3 วัน/อาทิตย์ เวลาปฏิบัติงาน 9.00-17.00 น.,"คุณสมบัติผู้สมัคร จบการศึกษาระดับปริญญาตรี สาขาสถิติ, สถิติประยุกต์, เศรษฐศาสตร์ หรือสาขาอื่นๆที่เกี่ยวข้อง มีประสบการณ์ด้าน Data Analyst อย่างน้อย 2 ปี จะพิจารณาเป็นพิเศษ สามารถใช้โปรแกรมประมวลผลทางสถิติ SPSS ได้ดี มีพื้นฐานด้านคณิตศาสตร์ Logic ตัวเลขที่ดี สามารถทำงานเป็นทีม และมีทัศนคติที่ดีต่อการทำงานเป็นทีม",,0,0,0,0,0,0,0,0,0,0,0,0,0,0,0,0
Data Analyst,01,กรุงเทพมหานคร,2,Data Analyst (นักวิเคราะห์ข้อมูล),"Panus Interfoods Co., Ltd.",เขตบางกะปิ กรุงเทพมหานคร,"20,000 - 30,000 บาท",18 ก.พ. 69,https://www.jobthai.com/th/job/1824225,"Data Analyst (นักวิเคราะห์ข้อมูล) Panus Interfoods Co., Ltd. Panus Interfoods Co., Ltd. เขตบางกะปิ กรุงเทพมหานคร 20,000 - 30,000 บาท 18 ก.พ. 69","1. รวบรวม ตรวจสอบและจัดเก็บข้อมูลจากแหล่งต่าง ๆ เช่น ฐานข้อมูลภายในระบบ POS, CRM, Excel, APIs, หรือ Data Warehouse จากทาง partner ต่างๆ เช่น แอปฟู้ดเดลิเวอรี่ 2. ตรวจสอบความถูกต้องและความครบถ้วนของข้อมูล 3. แก้ไขข้อมูลที่ผิดพลาด หรือขาดหาย 4. แปลงข้อมูลให้อยู่ในรูปแบบที่พร้อมต่อการวิเคราะห์ 5. วิเคราะห์ข้อมูลเชิงลึก (Data Analysis) เพื่อนำเสนอข้อมูลเชิงสถิติ และเชิงธุรกิจ เช่น แนวโน้ม ความผิดปกติ โอกาสทางธุรกิจ 6. สรุปข้อมูลเชิงลึก ในรูปแบบที่เข้าใจง่าย เพื่อสนับสนุนการตัดสินใจของทีมต่างๆ 7. สร้าง Dashboard หรือ Report ด้วยเครื่องมือ เช่น Power BI, Tableau, Lark Automation, Google Data Studio, Excel เป็นต้น ให้เข้าใจง่าย และตอบโจทย์ผู้ใช้งาน 8. เขียน Automation ผ่านระบบ Lark เพื่อแจ้งทีมงานที่เกี่ยวข้อง 9. สื่อสารข้อมูลให้เข้าใจง่ายสำหรับผู้บริหารหรือทีมที่เกี่ยวข้อง 10. ทำงานร่วมกับทีมการตลาด, ฝ่ายขาย, หรือฝ่ายบริหาร เพื่อกำหนดปัญหาและหาคำตอบจากข้อมูล","คุณสมบัติผู้สมัคร ทุกเพศ อายุไม่เกิน 38 ปี จบปริญญาตรีสาขา สถิติ, คณิตศาสตร์, วิทยาการคอมพิวเตอร์, Data Science, Business Analytics หรือสาขาที่เกี่ยวข้อง มีประสบการณ์ด้าน Data Analysis อย่างน้อย 2 ปีขึ้นไป มีความเชี่ยวชาญ MS Excel ระดับสูง การใช้สูตร ฟังก์ชันต่างๆ (เช่น Pivot Table, Power Query, Index/Match, Array formulas) และสามารถสรุปข้อมูลในประเด็นสำคัญได้ หากมีประสบการณ์กับ Power BI, Tableau, Google Data Studio, Lark, SQL, Python จะได้รับการพิจารณาเป็นพิเศษ มีความละเอียดรอบคอบ และสามารถจัดการข้อมูลที่มีความสำคัญหรือเป็นความลับได้ดี มีทักษะการคิดวิเคราะห์เชิงลึก สามารถประเมินได้ทั้งภาพรวมและรายละเอียด มีทักษะการสื่อสารและนำเสนอที่ดี สามารถอธิบายข้อมูลให้ทีมที่ไม่ใช่สายเทคนิคเข้าใจได้ง่าย",python|sql|excel|power_bi|tableau,5,1,1,1,1,1,0,0,0,0,0,0,0,0,0,0
Data Analyst,01,กรุงเทพมหานคร,2,นักวิเคราะห์ข้อมูล (Data Analyst),บริษัท สังคมสุขภาพ จำกัด,MRT แจ้งวัฒนะ 14,ตามโครงสร้างและประสบการณ์,18 ก.พ. 69,https://www.jobthai.com/th/job/1689432,นักวิเคราะห์ข้อมูล (Data Analyst) บริษัท สังคมสุขภาพ จำกัด บริษัท สังคมสุขภาพ จำกัด MRT แจ้งวัฒนะ 14 ตามโครงสร้างและประสบการณ์ 18 ก.พ. 69,-รับผิดชอบงานวิเคราะห์ข้อมูล สรุป และนำเสนอในรูป Data Visualization เพื่อหาโอกาสใหม่ๆทางการตลาด -ร่วมออกแบบและพัฒนาระบบรายงานข้อมูล เพื่อใช้ในการติดตามผลและพัฒนาประสิทธิภาพในการปฏิบัติงานของส่วนงานต่างๆ -ให้บริการข้อมูลตามคำขอใช้ข้อมูล (Data Request) จากส่วนงานต่างๆ -บริหารโครงการเกี่ยวกับการพัฒนาระบบวิเคราะห์ข้อมูลที่ได้รับมอบหมาย,"คุณสมบัติผู้สมัคร ชาย / หญิง อายุ 25 -35 ปี วุฒิปริญญาตรี สาขาวิศวกรรมคอมพิวเตอร์ ,วิชาการวิเคราะห์ข้อมูลเชิงธุรกิจ ,คณิตศาสตร์ สถิิติ, วิทยาการคอมพิวเตอร์, เทคโนโลยีสารสนเทศ หรือสาขาอื่นๆที่เกี่ยวข้อง มีประสบการณ์ทำงานเกี่ยวกับการวิเคราะห์ข้อมูลอย่างน้อย 2 ปีขึ้นไป มีความเข้าใจแนวคิดพื้นฐานในด้านธุรกิจ และมีความเข้าใจทักษะด้าน SQL Data Querty สามารถใช้เครื่่องมือทำ Data Visualization เช่น Power BI, Google Data Studio, Tableau เป็นต้น มีความสามารถใช้ภาษา SQL, Python, R วิเคราะห์ข้อมูลทางสถิติได้ เป็นผู้มีความสนใจใฝ่รู้ ช่างสังเกต ชอบเรื่องตัวเลขข้อมูล มีทักษะในการสรุปข้อมูลและสื่อสารได้ดี ***โปรดแนบ Rusume และ Transcript (ใบเกรด) เป็นภาษาอังกฤษเท่านั้น***",python|sql|power_bi|tableau|r,5,1,1,0,1,1,1,0,0,0,0,0,0,0,0,0
Data Analyst,01,กรุงเทพมหานคร,2,Senior Business Data Analyst ( AI ),CDG GROUP,BRT ถนนจันทน์,ตามโครงสร้างบริษัทฯ,17 ก.พ. 69,https://www.jobthai.com/th/job/1838007,Senior Business Data Analyst ( AI ) CDG GROUP CDG GROUP BRT ถนนจันทน์ ตามโครงสร้างบริษัทฯ สัมภาษณ์งานออนไลน์ 17 ก.พ. 69,1.วางแผน ควบคุม และติดตามความก้าวหน้าของโครงการ เพื่อให้งานได้ตามแผน คุณภาพ และระยะเวลาที่กำหนด 2.วิเคราะห์ ออกแบบ และให้คำปรึกษาด้านระบบงานบนพื้นฐานความเข้าใจธุรกิจของลูกค้า เพื่อยกระดับขีดความสามารถขององค์กร 3.ตรวจสอบ ทดสอบ และประเมินคุณภาพระบบงานให้สอดคล้องกับความต้องการของลูกค้าและมาตรฐานองค์กร 4.สนับสนุนการจัดตั้งโครงการใหม่ รวมถึงให้คำแนะนำด้านแนวทางการพัฒนาระบบและปรับปรุงกระบวนการ 5.พัฒนาความรู้ ความเชี่ยวชาญทางธุรกิจและเทคโนโลยี เพื่อยกระดับประสิทธิภาพงานวิเคราะห์ ออกแบบ และการให้คำปรึกษาแก่ทีมงานและลูกค้า,"คุณสมบัติผู้สมัคร วุฒิการศึกษาระดับปริญญาตรีหรือสูงกว่า สาขาคอมพิวเตอร์ เทคโนโลยีสารสนเทศ สถิติ คณิตศาสตร์ หรือสาขาที่เกี่ยวข้อง มีความรู้ ประสบการณ์ ในการประยุกต์ใช้ความรู้ด้านคณิตศาสตร์และสถิติ มีความรู้ความเข้าใจเทคนิคในการทำ Machine Learning เช่น k-NN, Naive Bayes, SVM, Forests Forces หรืออื่นๆ มีประสบการณ์ในการพัฒนาโปรแกรมด้วยภาษา Python, R และภาษาฐานข้อมูล เช่น SQL, PL/SQL มีประสบการณ์ในการใช้งาน Databases เช่น DB2 , Oracle, SQL Server, MariaDB, MongoDB, Cassandra, HBase หรืออื่นๆ มีประสบการณ์ในการใช้งาน Big Data tools เช่น Hadoop, Spark, Python, Elasticsearch, OpenSearch หรืออื่นๆ ที่เกี่ยวข้อง มีประสบการณ์ในการออกแบบฐานข้อมูล (Database) คลังข้อมูล (Data Warehouse) หรือการออกแบบดาต้ามาร์ท (Data Mart) มีประสบการณ์ในการใช้เครื่องมือสร้าง Data Visualization เช่น OBIEE, Tableau , Power BI หรืออื่นๆ มีประสบการณ์ในการพัฒนาแบบจำลอง (Model) และงานที่เกี่ยวข้องกับ Machine Learning, Data Analytic, Data Warehouse, Data Visualization จะได้รับการพิจารณาเป็นพิเศษ มีประสบการณ์ในการทำงานโครงการ 2 ปีขึ้นไป เป็นผู้ที่มองโลกในแง่ดี (Positive attitude) รักงานการแก้ไขปัญหา (Problem solver) ใฝ่รู้และพัฒนาตนเองอย่างสม่ำเสมอ (Continuous improvement) และสามารถทำงานเป็นทีมได้",python|sql|power_bi|tableau|r|spark|machine_learning,7,1,1,0,1,1,1,0,0,1,0,0,0,1,0,0
Data Analyst,01,กรุงเทพมหานคร,2,Data Analyst Officer – System SAP & POS,บริษัท ซิงไท่ เทรดดิ้ง จำกัด,MRT กลันตัน,ตามตกลง,18 ก.พ. 69,https://www.jobthai.com/th/job/1859562,Data Analyst Officer – System SAP & POS บริษัท ซิงไท่ เทรดดิ้ง จำกัด บริษัท ซิงไท่ เทรดดิ้ง จำกัด MRT กลันตัน ตามตกลง 18 ก.พ. 69,- ตรวจสอบความถูกต้องของการส่งข้อมูลผ่าน API รายวัน หากพบ Error ดำเนินการแก้ไขตาม Guideline หรือแจ้งหัวหน้างาน - ตรวจสอบใบงานค้างส่งจากระบบ POS ไปยัง SAP และติดตามประสานงานที่เกี่ยวข้อง - ปรับปรุงยอดสินค้า ตามข้อมูลที่ฝ่าย Operation แจ้ง และตรวจสอบความถูกต้องก่อนทำการปรับปรุง - ตรวจสอบความสมบูรณ์ของข้อมูลการโอนสินค้าระหว่างสาขา (POS to POS) - ร่วมวิเคราะห์หาสาเหตุของปัญหา และเสนอแนวทางป้องกันไม่ให้เกิดซ้ำ - รวบรวมและสรุปปัญหา จัดทำรายงานในรูปแบบ PowerPoint เสนอผู้บังคับบัญชา - ทำหน้าที่เป็น Data Center รับแจ้งปัญหาและให้คำปรึกษาเบื้องต้นแก่หน่วยงานที่เกี่ยวข้อง - วิเคราะห์ฐานข้อมูล ตรวจสอบความสอดคล้องของข้อมูล และรายงานผลการดำเนินงานต่อผู้บังคับบัญชา เก็บรวบรวมข้อมูลประจำวัน - ปฏิบัติงานอื่น ๆ ตามที่ได้รับมอบหมาย,"คุณสมบัติผู้สมัคร เพศชาย / หญิง อายุ 20–30 ปี วุฒิการศึกษาระดับปริญญาตรีขึ้นไป มีความเชี่ยวชาญในการใช้ Microsoft Excel (Formula, Pivot Table, VBA) มีประสบการณ์ใช้งานเครื่องมือ Business Intelligence เช่น Power BI หรือ Tableau (จะพิจารณาเป็นพิเศษ) มีประสบการณ์ด้านการจัดระเบียบและทำความสะอาดข้อมูล (Data Cleansing) เข้าใจหลักการทำงานเบื้องต้นของ API (JSON / XML) เป็นคนละเอียดรอบคอบ ใจเย็น สังเกตเก่ง และมีความซื่อสัตย์ มีทักษะในการจัดทำรายงาน และสามารถสื่อสารประสานงานกับทีมได้ดี",excel|power_bi|tableau,3,0,0,1,1,1,0,0,0,0,0,0,0,0,0,0
Data Analyst,01,กรุงเทพมหานคร,2,Data Analyst Officer – System WMS & SAP,บริษัท ซิงไท่ เทรดดิ้ง จำกัด,MRT กลันตัน,ตามตกลง,18 ก.พ. 69,https://www.jobthai.com/th/job/1859563,Data Analyst Officer – System WMS & SAP บริษัท ซิงไท่ เทรดดิ้ง จำกัด บริษัท ซิงไท่ เทรดดิ้ง จำกัด MRT กลันตัน ตามตกลง 18 ก.พ. 69,- ตรวจสอบความถูกต้องของการส่งข้อมูลผ่านระบบ API เป็นประจำทุกวัน กรณีพบ Error ดำเนินการแก้ไขตาม Guideline ที่กำหนด หรือประสานงานแจ้งหัวหน้างาน - ตรวจสอบ Process Pending ในระบบ Warehouse และติดตามประสานงานกับหน่วยงานที่เกี่ยวข้อง - ปรับปรุงยอดสินค้าตามข้อมูลที่ได้รับจากฝ่าย Warehouse พร้อมตรวจสอบความถูกต้องก่อนดำเนินการ - ตรวจสอบความถูกต้องของการส่งสินค้าระหว่าง Warehouse ไปยัง Store - ตรวจสอบและควบคุมความถูกต้องของกระบวนการ Movement Process ทั้งหมด - รวบรวมปัญหา วิเคราะห์สาเหตุ และจัดทำรายงานสรุปในรูปแบบ PowerPoint เพื่อนำเสนอผู้บังคับบัญชา - ทำหน้าที่เป็น Data Center รับแจ้งปัญหา และให้คำปรึกษาเบื้องต้นแก่หน่วยงานที่เกี่ยวข้อง - วิเคราะห์ฐานข้อมูล ตรวจสอบความสอดคล้องของข้อมูล และรายงานผลการดำเนินงานต่อผู้บังคับบัญชา - รวบรวมข้อมูลประจำวัน และปฏิบัติงานอื่น ๆ ตามที่ได้รับมอบหมาย,"คุณสมบัติผู้สมัคร เพศชาย / หญิง อายุระหว่าง 20–30 ปี วุฒิการศึกษาระดับปริญญาตรีขึ้นไป มีความชำนาญในการใช้ Microsoft Excel (Formula, Pivot Table และ VBA) มีประสบการณ์ในการใช้เครื่องมือ Business Intelligence เช่น Power BI หรือ Tableau (จะพิจารณาเป็นพิเศษ) มีประสบการณ์ด้านการจัดระเบียบและทำความสะอาดข้อมูล (Data Cleansing) มีความเข้าใจหลักการทำงานเบื้องต้นของระบบ API เช่น JSON หรือ XML เป็นผู้มีความละเอียดรอบคอบ ใจเย็น สังเกตเก่ง และมีความซื่อสัตย์ มีทักษะในการจัดทำรายงาน และสามารถสื่อสารประสานงานกับทีมงานได้ดี",excel|power_bi|tableau,3,0,0,1,1,1,0,0,0,0,0,0,0,0,0,0
Data Analyst,01,กรุงเทพมหานคร,2,Data Analyst (นักวิเคราะห์ข้อมูล ),"360 Quality Management Co., Ltd.",เขตบางนา กรุงเทพมหานคร,"20,000 - 30,000 บาท",17 ก.พ. 69,https://www.jobthai.com/th/job/1756687,"Data Analyst (นักวิเคราะห์ข้อมูล ) 360 Quality Management Co., Ltd. 360 Quality Management Co., Ltd. เขตบางนา กรุงเทพมหานคร 20,000 - 30,000 บาท สัมภาษณ์งานออนไลน์ 17 ก.พ. 69","•ร่วมมือกับทีมจากหลากหลายแผนกเพื่อระบุความต้องการด้านข้อมูล และแปลงความต้องการเหล่านั้นเป็นโมเดลข้อมูลหรือกลยุทธ์ข้อมูลที่เหมาะสม •ออกแบบและพัฒนา pipeline สำหรับการดึงข้อมูล (ETL) ที่มีประสิทธิภาพและถูกต้อง •วิเคราะห์ข้อมูลเพื่อหาเทรนด์ แนวโน้ม และอินไซต์ที่สามารถนำไปใช้ต่อยอดกลยุทธ์ขององค์กร •พัฒนา dashboard และรายงานด้วยเครื่องมือ visualization (เช่น Tableau, Power BI) เพื่อนำเสนอผลการวิเคราะห์ต่อผู้มีส่วนเกี่ยวข้อง •ดูแลคุณภาพและความสม่ำเสมอของข้อมูลจากแหล่งต่าง ๆ •ศึกษาแนวโน้มและเครื่องมือใหม่ ๆ ในสายงาน data analytics และนำมาประยุกต์ใช้กับองค์กร •สนับสนุนการฝึกอบรมและช่วยเหลือทีมงานเกี่ยวกับเครื่องมือด้านข้อมูลและ best practice","คุณสมบัติผู้สมัคร วุฒิการศึกษาระดับปริญญาตรี สาขาวิทยาศาสตร์ข้อมูล วิทยาการคอมพิวเตอร์ สถิติ หรือสาขาอื่นที่เกี่ยวข้อง มีประสบการณ์อย่างน้อย 3 ปีในสายงาน data analytics, data modeling หรือ data strategy มีความเชี่ยวชาญใน SQL และเครื่องมือสร้าง dashboard เช่น Tableau, Power BI หรือ Looker มีทักษะการวิเคราะห์ข้อมูลที่ดี และสามารถสื่อสารข้อมูลเชิงเทคนิคให้คนที่ไม่ใช่สายเทคนิคเข้าใจได้ มีทักษะในการเจรจาและทักษะการสื่อสารองค์กรอย่างมีประสิทธิภาพ มีความสามารถในการทำงานหลายโปรเจกต์พร้อมกัน และสามารถทำงานอย่างอิสระได้",sql|power_bi|tableau,3,0,1,0,1,1,0,0,0,0,0,0,0,0,0,0
Data Analyst,01,กรุงเทพมหานคร,2,Data Analyst (Recruitment Officer),บริษัท ไทยฮะจิบัง จำกัด,เขตพระนคร กรุงเทพมหานคร,ตามประสบการณ์,18 ก.พ. 69,https://www.jobthai.com/th/job/1684697,Data Analyst (Recruitment Officer) บริษัท ไทยฮะจิบัง จำกัด บริษัท ไทยฮะจิบัง จำกัด เขตพระนคร กรุงเทพมหานคร ตามประสบการณ์ 18 ก.พ. 69,1.ดำเนินการจัดทำ Weekly Report พนักงานเข้า-ออก ของพนักงานสาขาและสำนักงานใหญ่ 2. จัดทำ Monthly Report เพื่อสรุปข้อมูลผู้สมัครจากช่องทางต่างๆประจำเดือน และสามารถวิเคราะห์ปัญหาจากข้อมูลได้ 3. จัดทำ Recruitment Performance Report เพื่อสรุปการสรรหาประจำเดือนและรวบรวมข้อมูลต่างๆบน Power BI 4. สามารถวิเคราะห์ข้อมูลด้านการสรรหาออกมาเป็น Dashboard และ จัดทำสรุปข้อมูลบน Power BI ได้ดี 5.บันทึกข้อมูล Manpower ของสาขาให้เป็นปัจจุบัน รวบรวมข้อมูล ประมวลผล วิเคราะห์ สรุปผลประจำเดือน 6.ประสานงานกับสาขาเพื่อรวบรวมข้อมูลต่างๆให้กับทางผู้บังคับบัญชาอย่างถูกต้อง 7.จัดการด้านข้อมูล วิเคราะห์ข้อมูลเชิงสถิติของส่วนงาน Recruitment เพื่อใช้ประกอบในการวางแผนติดตามและวางกลยุทธ์ที่เกี่ยวข้องกับการสรรหาบุคลากร 8.สามารถจัดทำรายงานการด้านการสรรหาพนักงานทั้งหมดของบริษัท และติดตามการพัฒนาพนักงาน 9.ประสานงานกับทีมงานและดำเนินการด้านต่างๆที่เกี่ยวข้องกับการทำงานได้อย่างครบถ้วน สามารถใช้ Power BI ในการวิเคราะห์ข้อมูลและจัดทำสถิตได้อย่างดี สามารถใช้ Microsoft Office โปรแกรม Excel ได้ในระดับ Advance,"คุณสมบัติผู้สมัคร อายุ 28 ปีขึ้นไป การศึกษา Bachelor’s degree in HR, MIS, Business Administration, in Marketing, Digital Marketing, Information Technology or another related field มีประสบการณ์ด้านการงาน HR อย่างน้อย 1-2 ปีขึ้นไป มีความรู้เกี่ยวกับ DATA อย่างดีเยี่ยม เช่น วิเคราะห์ข้อมูล วางแผนด้านการอบรม สามารถใช้คอมพิวเตอร์ได้ ( MS Office Excel ได้ดี Power BI) ทำงาน 5 วันทำการ (วันจันทร์ - ศุกร์ เวลา 8:30 - 17:45น.) สามารถเดินทางไปปฏิบัติงานนอกสถานที่และเดินทางไปทำงานต่างจังหวัดได้",excel|power_bi,2,0,0,1,1,0,0,0,0,0,0,0,0,0,0,0
Data Analyst,01,กรุงเทพมหานคร,2,Strategy and Data Analyst (Junior level),"AEON Thana Sinsap (Thailand) Public Co.,Ltd.",เขตสวนหลวง กรุงเทพมหานคร,ตามตกลง,18 ก.พ. 69,https://www.jobthai.com/th/job/1754862,"Strategy and Data Analyst (Junior level) AEON Thana Sinsap (Thailand) Public Co.,Ltd. AEON Thana Sinsap (Thailand) Public Co.,Ltd. เขตสวนหลวง กรุงเทพมหานคร ตามตกลง สัมภาษณ์งานออนไลน์ 18 ก.พ. 69","Support and coordinate project within the Collection team with related departments. 1. Prepare relevant and review phone collection data, filed collection data suitable to use for both in the form of document entering into data system. 2. Verify the correctness of the report in charge before sending it to the parties involved 3. Data test systems including programs for analyzing the movement of debt collection. 4. Create and prepare case study models for various calculations in the system.","คุณสมบัติผู้สมัคร Bachelor's degree in related fields Strong in SAS, Tableau, Access, and SQL Good command both writing and reading in English Have experience in Strategy Planning, Data Analyst, MIS, Big Data is preferable",sql|tableau,2,0,1,0,0,1,0,0,0,0,0,0,0,0,0,0
Data Analyst,01,กรุงเทพมหานคร,2,Data Analysis & Deep Research,บริษัท พิพ เอฟโวลูชั่น จำกัด,เขตสาทร กรุงเทพมหานคร,"35,000 - 70,000 บาท",18 ก.พ. 69,https://www.jobthai.com/th/job/1847167,"Data Analysis & Deep Research 18 ก.พ. 69 บริษัท พิพ เอฟโวลูชั่น จำกัด บริษัท พิพ เอฟโวลูชั่น จำกัด เขตสาทร กรุงเทพมหานคร 35,000 - 70,000 บาท","-วิเคราะห์ข้อมูลจาก Ads, Website, Funnel และ Sales -วิเคราะห์พฤติกรรมลูกค้าและ Conversion -Research ตลาดและคู่แข่ง (Positioning, Offer, Content, Channel) -สรุป Insight เพื่อใช้ตัดสินใจเชิงกลยุทธ์ -ทำงานร่วมกับทุกทีม รายงานตรง MD","คุณสมบัติผู้สมัคร ปริญญาตรีขึ้นไป สาขา Data, Business Analytics, Economics, Marketing หรือสาขาที่เกี่ยวข้อง มีประสบการณ์ด้าน Data Analysis / Market Research อย่างน้อย 1–3 ปี คิดเชิงวิเคราะห์และมองภาพรวมได้ สามารถสรุปข้อมูลซับซ้อนให้เข้าใจง่าย ไม่จำเป็นต้องสาย Data หนัก แต่ต้องคิดเป็นระบบ",,0,0,0,0,0,0,0,0,0,0,0,0,0,0,0,0
Data Analyst,53,จ.ลำพูน,2,Data Analytics & Cost,International Metal & Jewelry Co. Ltd.,อ.เมืองลำพูน จ.ลำพูน,ตามประสบการณ์,13 ก.พ. 69,https://www.jobthai.com/th/job/1834903,Data Analytics & Cost International Metal & Jewelry Co. Ltd. International Metal & Jewelry Co. Ltd. อ.เมืองลำพูน จ.ลำพูน ตามประสบการณ์ 13 ก.พ. 69,"-Perform data modeling and analysis using statistical techniques and data visualization tools. -Develop and maintain software engineering solutions to manage organizational data effectively. -Contribute to the design and delivery of prescriptive and predictive analytics solutions. -Develop reporting frameworks for manufacturing, HR, and sales functions to establish data-driven insights supporting business cases. -Acquire data from primary and secondary data sources and maintain databases and data analysis systems. -Develop machine learning algorithms to support industrial and operational activities. -Modify and improve the efficiency and performance of existing models and algorithms. -Confirm material types and consumption, process routing, and standard times for new or revised products within 24 hours of requests from Sales and Marketing, under the Design & Development Department.","คุณสมบัติผู้สมัคร Bach. Degree in Engineering, Computer Engineering, Computer Science, Math or Statistics. Minimum 2 years working’ experience in data analytics. Proficient with Python and SQL Able to manage database (Data Base Management) and develop advanced data analysis models for use in quality management and production management. Knowledge with Big Data platform such as Hadoop, Hive, Spark, Impala etc. Experience in creating informative and engaging data visualizations using industry tools, e.g. Tableau, Power BI. Algorithm development skills for Automation Intelligence, Machine Learning (clustering, decision tree learning, artificial neural networks, etc.) Strong analytical and statistical skills.",python|sql|power_bi|tableau|spark|machine_learning,6,1,1,0,1,1,0,0,0,1,0,0,0,1,0,0
Data Analyst,24,จ.นนทบุรี,2,Developer / Data Analyst / IT Support,บริษัท บิลด์มีอัพ คอนซัลแทนท์ จำกัด,อ.บางบัวทอง จ.นนทบุรี,"16,000 - 30,000 บาท",18 ก.พ. 69,https://www.jobthai.com/th/job/1867689,"Developer / Data Analyst / IT Support บริษัท บิลด์มีอัพ คอนซัลแทนท์ จำกัด บริษัท บิลด์มีอัพ คอนซัลแทนท์ จำกัด อ.บางบัวทอง จ.นนทบุรี 16,000 - 30,000 บาท สัมภาษณ์งานออนไลน์ 18 ก.พ. 69",ตำแหน่ง Developer : เขียนและพัฒนาโปรแกรมซอฟต์แวร์ต่าง ๆ ให้สมบูรณ์ทั้งการเขียนโค้ด (Coding) ออกแบบระบบ สร้างฟังก์ชันการใช้งาน พัฒนาเทคโนโลยีใหม่ ๆ ตำแหน่ง Data Analyst :กำหนด Data Sources เพื่อใช้ในการวิเคราะห์ข้อมูล รวบรวมข้อมูลที่จะใช้ในการวิเคราะห์ การจัดหาข้อมูลที่ขาดหายไป กำหนด ตั้งค่า โครงสร้างพื้นฐาน สร้าง Insight จากข้อมูล และระบุแนวโน้มที่เกิดขึ้น สร้าง รายงาน สร้าง Dashboard / Automated Dashboard สำหรับผู้บริหาร และ ทีมงาน สร้าง Data Visualization จากข้อมูล ตำแหน่ง IT Support : ดูแล ให้คำปรึกษา ติดตั้ง บำรุงรักษา และแก้ไขปัญหาทางเทคโนโลยีสารสนเทศ ทั้งฮาร์ดแวร์ ซอฟต์แวร์ เครือข่าย (Network) และอุปกรณ์ไอทีต่างๆ เพื่อให้พนักงานทำงานได้อย่างราบรื่นและมีประสิทธิภาพสูงสุด,"คุณสมบัติผู้สมัคร จบสาขาคอมพิวเตอร์ หรือสาขาวิทยาการข้อมูล (Data Science), สถิติ, คณิตศาสตร์, คอมพิวเตอร์ หรือสาขาอื่น ๆ ที่เกี่ยวข้อง มีประสบการณ์อย่างน้อย 1-3 ปี ด้าน IT Helpdesk Support หรือ ด้าน Data Analysis, Business Intelligence หรือสายงานที่เกี่ยวข้อง มีความรู้ความเข้าใจทางด้านการแก้ปัญหาการใช้งานเบื้องต้น ด้าน Hardware, Software หรือ ความเชี่ยวชาญในการใช้ SQL เพื่อดึงและจัดการข้อมูล สำหรับตำแหน่ง Developer เชี่ยวชาญ Excel, Google Sheet และเครื่องมือ Visualization ได้ดี เช่น Power BI สำหรับตำแหน่ง Developer มีความรู้ภาษาโปรแกรม Python เปิดใจยอมรับ AI สำหรับตำแหน่ง Data Analyst มีทักษะการคิดวิเคราะห์ สามารถตีความข้อมูลเพื่อตอบโจทย์ทางธุรกิจ และสื่อสารข้อมูล (Data Storytelling) ให้เข้าใจง่าย สำหรับตำแหน่ง IT Support มีใจรักงานบริการ และทำงานเป็นทีมได้ สำหรับตำแหน่ง IT Support มีความรู้ความเข้าใจด้าน network/server",python|sql|excel|power_bi,4,1,1,1,1,0,0,0,0,0,0,0,0,0,0,0
Data Analyst,01,กรุงเทพมหานคร,2,Project Management Officer (Data Analyst),"Evolt Technology Co., Ltd.",MRT สามย่าน,ตามตกลง,18 ก.พ. 69,https://www.jobthai.com/th/job/1797746,"Project Management Officer (Data Analyst) Evolt Technology Co., Ltd. Evolt Technology Co., Ltd. MRT สามย่าน ตามตกลง สัมภาษณ์งานออนไลน์ 18 ก.พ. 69","- Collect, clean, and analyze data related to EV charging station performance, utilization, and customer behavior. - Design and maintain interactive dashboards (Power BI) to monitor KPIs and track business outcomes. - Conduct statistical analyses, including hypothesis testing and A/B testing, to evaluate initiatives and business strategies. - Provide actionable insights and recommendations to C-level executives for strategic and operational decision-making. - Support project-based initiatives, from feasibility studies to performance reviews, ensuring alignment with business goals - Collaborate with cross-functional teams to standardize reporting processes and improve data quality.","คุณสมบัติผู้สมัคร Bachelor’s degree in Business, Engineering, Statistics, Data Science, or related field. Proficiency in Power BI (DAX) and Excel for data analysis and visualization. Solid understanding of analytical and statistical concepts (e.g., hypothesis testing, A/B testing). Knowledge of database concepts (data modeling, ER diagram, relational databases). Strong problem-solving, logical reasoning, and communication skills. 1 years+ of experience in data analysis, business intelligence, or related fields. Ability to manage multiple projects and deliver insights under tight timelines. Knowledge of SQL, R, Python, or Machine Learning will be given special consideration.",python|sql|excel|power_bi|r|machine_learning,6,1,1,1,1,0,1,0,0,0,0,0,0,1,0,0
Data Analyst,28,จ.ปทุมธานี,3,เจ้าหน้าที่ Data Analyst (โรงงานนพวงศ์),บริษัท เถ้าแก่น้อยฟู๊ดแอนด์มาร์เก็ตติ้ง จำกัด (มหาชน),อ.ลาดหลุมแก้ว จ.ปทุมธานี,ตามโครงสร้างบริษัทฯ,18 ก.พ. 69,https://www.jobthai.com/th/job/1802982,เจ้าหน้าที่ Data Analyst (โรงงานนพวงศ์) บริษัท เถ้าแก่น้อยฟู๊ดแอนด์มาร์เก็ตติ้ง จำกัด (มหาชน) บริษัท เถ้าแก่น้อยฟู๊ดแอนด์มาร์เก็ตติ้ง จำกัด (มหาชน) อ.ลาดหลุมแก้ว จ.ปทุมธานี ตามโครงสร้างบริษัทฯ สัมภาษณ์งานออนไลน์ 18 ก.พ. 69,1. พัฒนา ออกแบบและสร้างรายงานของระบบงานต่างๆขององค์กร - พัฒนา ออกแบบและดูแลระบบฐานข้อมูล - พัฒนา ออกแบบและดูแลระบบ Business Intelligence – Tableau 2. ออกแบบฐานข้อมูล วิเคราะห์ข้อมูลให้กับผู้ใช้งานในองค์กรได้ 3. ปฏิบัติงานอื่นๆ ตามที่ได้รับมอบหมาย 4. จัดทำรายงานประจำเดือนส่งผู้บังคับบัญชา,"คุณสมบัติผู้สมัคร จบการศึกษาปริญญาตรี ด้านเทคโนโลยีสารสนเทศหรือสาขาที่เกี่ยวข้อง มีประสบการณ์การทำงานในสายงานอย่างน้อย 1-2 ปี โปรแกรมคอมพิวเตอร์ tableau , python ระบบฐานข้อมูล เช่น MS SQL Server , Azure",python|sql|tableau|azure,4,1,1,0,0,1,0,0,0,0,0,1,0,0,0,0
Data Analyst,01,กรุงเทพมหานคร,3,Data claim analyst (สินไหมรถยนต์),บริษัท กรุงไทยพานิชประกันภัย จำกัด (มหาชน),BTS ชิดลม,ตามโครงสร้างบริษัทฯ,11 ก.พ. 69,https://www.jobthai.com/th/job/1691510,Data claim analyst (สินไหมรถยนต์) บริษัท กรุงไทยพานิชประกันภัย จำกัด (มหาชน) บริษัท กรุงไทยพานิชประกันภัย จำกัด (มหาชน) BTS ชิดลม ตามโครงสร้างบริษัทฯ สัมภาษณ์งานออนไลน์ 11 ก.พ. 69,1. ตรวจสอบการปฎิบัติงานที่เกี่ยวกับการอนุมัติจัดซ่อมรถยนต์ให้เป็นไปตามมาตรฐานที่กำหนด - ตรวจสอบรายการอนุมัติซ่อมเป็นไปตามการพิจารณาความรับผิด และสอดคล้องกับความเสียหายที่เกิดขึ้น -ตรวจสอบการจัดซ่อมของคู่สัญญาให้เป็นไปตามคำสั่งอนุมัติซ่อม -สรุปรายการตรวจสอบรายเดือน 2. ตรวจสอบรายการจ่ายสินไหมตามมาตรฐานที่บริษัทกำหนด - สุ่มตรวจสอบรายการจ่ายสินไหม การอนุมัติ เอกสารประกอบการอนุมัติ ระยะเวลาการจ่าย ตามมาตรฐานที่กำหนด - สรุปรายการตรวจสอบรายเดือน 3. ตรวจสอบรายการสินไหมเพื่อปิดเคลมตามมาตรฐานที่กำหนด - ตรวจสอบรายการเคลมคงค้าง ที่อายุเกิน 18 เดือนนับจากวันเกิดเหตุ เพื่อดำเนินการปิดเคลมตามมาตรฐานที่กำหนด - สรุปรายการตรวจสอบรายเดือน,"คุณสมบัติผู้สมัคร ปริญญาตรีขึ้นไป สาขาประกันภัย สถิติ หรือสาขาอื่นๆ ที่เกี่ยวข้อง มีประสบการณ์ด้านการจัดทำรายงาน จัดทำข้อมูล มีความเชี่ยวชาญในการใช้งาน Excel (Pivot table,Vlook up ) มีทักษะการสื่อสารสร้างความเข้าใจ ทีมงาน และผู้ที่เกี่ยวข้อง มีความรู้เกี่ยวกับธุรกิจประกันวินาศภัย โดยเฉพาะสินไหมรถยนต์จะพิจารณาเป็นพิเศษ",excel,1,0,0,1,0,0,0,0,0,0,0,0,0,0,0,0
Data Analyst,28,จ.ปทุมธานี,3,นักวิเคราะห์ข้อมูล Data Analysis,บริษัท ฟอร์จูนพาร์ท อินดัสตรี้ จำกัด (มหาชน),อ.ลำลูกกา จ.ปทุมธานี,ตามตกลง,17 ก.พ. 69,https://www.jobthai.com/th/job/1602680,นักวิเคราะห์ข้อมูล Data Analysis บริษัท ฟอร์จูนพาร์ท อินดัสตรี้ จำกัด (มหาชน) บริษัท ฟอร์จูนพาร์ท อินดัสตรี้ จำกัด (มหาชน) อ.ลำลูกกา จ.ปทุมธานี ตามตกลง 17 ก.พ. 69,1.พัฒนาเเละปรับปรุงระบบ RPA ออกเเบบ สร้าง เเละปรับปรุงบอท (Bots) ให้ทำงานตามที่ต้องการ 2.บำรุงรักษาระบบ RPA ตรวจสอบ เเก้ไขปัญหา เเละอัปเดตระบบ RPA ให้ทำงานได้อย่างต่อเนื่อง 3.ตรวจสอบ เเละวิเคราะห์ติดตามประสิทธิภาพของระบบ RPA เเละเเก้ไขปัญหาที่เกิดขึ้น 4.งานอื่นๆที่ได้รับหมาย,"คุณสมบัติผู้สมัคร เพศชาย/หญิง อายุ 25-30 ปี วุฒิปริญญาตรี สาขาวิศกรรมกรรมคอมพิวเตอร์ ,สาขาเทคโนโลยีสารสนเทศ หรือสาขาที่เกี่ยวข้อง มีความรู้ ความสามารถในด้านการวิเคราะห์ข้อมูลเพื่อนำไปประยุกต์ใช้ได้ มีความรู้ด้านโปรเเกรม RPA (Robotic Process Automation), SQL (MSSQL/MySQL/PostgreSQL) หรือโปรเเกรมที่เกี่ยวข้อง ประสบการณ์ทำงานอย่างน้อย 1 -2 ปีขึ้นไป ความรับผิดชอบสูง สามารถทำงานเป็นทีมได้ มนุษย์สัมพันธ์ดี ขยัน อดทน",sql,1,0,1,0,0,0,0,0,0,0,0,0,0,0,0,0
Data Analyst,01,กรุงเทพมหานคร,3,เจ้าหน้าที่วิเคราะห์ข้อมูล (Data Analyst),บริษัท พรีโม เทรดดิ้ง จำกัด,เขตบางนา กรุงเทพมหานคร,"20,000 - 22,000 บาท",18 ก.พ. 69,https://www.jobthai.com/th/job/1847649,"เจ้าหน้าที่วิเคราะห์ข้อมูล (Data Analyst) บริษัท พรีโม เทรดดิ้ง จำกัด บริษัท พรีโม เทรดดิ้ง จำกัด รับสมัครด่วน เขตบางนา กรุงเทพมหานคร 20,000 - 22,000 บาท 18 ก.พ. 69",- จัดทำวิเคราะห์ข้อมูลของคู่แข่ง และเทรนต่าง ๆ เพื่อให้ผู้บริหารรู้จุดแข็ง จุดอ่อน และโอกาส - บริหารจัดการข้อมูลภายในทีม - จัดทำรายงานการวิเคราะห์ข้อมูลต่าง ๆ เพื่อช่วยเพิ่มประสิทธิภาพให้ทีมขาย เช่น ยอดขาย ข้อมูลลูกค้า การเคลื่อนไหวของสินค้า และอื่น ๆ ที่เกี่ยวข้อง,คุณสมบัติผู้สมัคร ไม่จำกัดเพศ อายุ 23-26 ปี วุฒิปริญญาตรี บริหารธุรกิจ/เศรษฐศาสตร์ หรือสาขาอื่น ๆ ที่เกี่ยวข้อง มีประสบการณ์ด้านงานวิเคราะห์ข้อมูล/การพัฒนาธุรกิจ 1 ปี ขึ้นไป มีทักษะการประสานงาน และมีมนุษยสัมพันธ์ดี มีทักษะการแก้ไขปัญหาเฉพาะหน้า สามารถใช้โปรแกรม microsoft office ได้ดี มีใบขับขี่/รถยนต์,,0,0,0,0,0,0,0,0,0,0,0,0,0,0,0,0
Data Analyst,01,กรุงเทพมหานคร,3,Sales Data Analyst (นักวิเคราะห์ข้อมูลการขาย),บริษัท ดีพลัส อินเตอร์เทรด จำกัด,เขตยานนาวา กรุงเทพมหานคร,ตามโครงสร้างบริษัทฯ,18 ก.พ. 69,https://www.jobthai.com/th/job/1865018,Sales Data Analyst (นักวิเคราะห์ข้อมูลการขาย) บริษัท ดีพลัส อินเตอร์เทรด จำกัด บริษัท ดีพลัส อินเตอร์เทรด จำกัด เขตยานนาวา กรุงเทพมหานคร ตามโครงสร้างบริษัทฯ สัมภาษณ์งานออนไลน์ 18 ก.พ. 69,1. จัดทำ Report และ Dashboard สรุปยอดขาย 2. วิเคราะห์ข้อมูลยอดขาย และแนวโน้มการเติบโต และ KPI ที่เกี่ยวข้องของทีมขาย 3. ทำ Data Cleaning ตรวจสอบ แก้ไข และจัดระเบียบข้อมูลให้ถูกต้อง 4. ช่วยออกแบบและพัฒนาระบบรายงาน / ระบบติดตามยอดขาย 5. สนับสนุนทีมขายในการใช้ข้อมูลเพื่อการตัดสินใจ 6. ช่วยแก้ไขปัญหาด้านข้อมูล และปรับปรุงกระบวนการทำงานด้าน Data,"คุณสมบัติผู้สมัคร ปริญญาตรี สาขาการตลาด บริหารธุรกิจ หรือสาขาที่เกี่ยวข้อง ใช้ Excel / Google Sheets วิเคราะห์ข้อมูลได้ (เช่น Pivot, Lookup, สูตรพื้นฐาน–ขั้นกลาง) เข้าใจการจัดการข้อมูล และ Data Cleaning คิดเป็นระบบ ชอบวิเคราะห์ และเรียนรู้เร็ว มีความละเอียด รอบคอบ และทำงานร่วมกับผู้อื่นได้ดี หากเคยทำ Data / Report / Dashboard จะพิจารณาเป็นพิเศษ ใช้ Power BI หรือเครื่องมือทำ Dashboard อื่น ๆ ได้",excel|power_bi,2,0,0,1,1,0,0,0,0,0,0,0,0,0,0,0
Data Analyst,01,กรุงเทพมหานคร,3,"Data Analyst (ACS Servicing (Thailand) Co.,Ltd.)","AEON Thana Sinsap (Thailand) Public Co.,Ltd.",เขตสวนหลวง กรุงเทพมหานคร,ตามประสบการณ์,18 ก.พ. 69,https://www.jobthai.com/th/job/1821873,"Data Analyst (ACS Servicing (Thailand) Co.,Ltd.) AEON Thana Sinsap (Thailand) Public Co.,Ltd. AEON Thana Sinsap (Thailand) Public Co.,Ltd. เขตสวนหลวง กรุงเทพมหานคร ตามประสบการณ์ 18 ก.พ. 69",• Analyze and interpret collection data to identify trends and insights for improving recovery strategies. • Support the development of data models and dashboards to track performance and forecast outcomes. • Collaborate with cross-functional teams to provide data-driven recommendations for collection processes. • Ensure data accuracy and consistency by performing regular data cleaning and validation. • Assist in automating routine reporting tasks to improve efficiency and reduce manual work. • Provide timely reports and presentations to management for informed decision-making.,"คุณสมบัติผู้สมัคร Bachelor’s Degree in Statistics or related fields. At least 2 years’ relevant work experience including experience in data analyst functi Advance excel modeling , power point. Strong in cross functions coordination and able to meet the deadline. Good command both writing and reading in English",excel,1,0,0,1,0,0,0,0,0,0,0,0,0,0,0,0
Data Analyst,01,กรุงเทพมหานคร,3,Data Analyst เจ้าหน้าที่วิเคราะห์และจัดการข้อมูล,บริษัท ริน แอนด์ ริน ซัพพลาย จำกัด,เขตบางแค กรุงเทพมหานคร,"25,000 - 40,000 บาท",14 ก.พ. 69,https://www.jobthai.com/th/job/1789097,"Data Analyst เจ้าหน้าที่วิเคราะห์และจัดการข้อมูล บริษัท ริน แอนด์ ริน ซัพพลาย จำกัด บริษัท ริน แอนด์ ริน ซัพพลาย จำกัด เขตบางแค กรุงเทพมหานคร 25,000 - 40,000 บาท Hybrid Work 14 ก.พ. 69",วิเคราะห์และจัดการข้อมูลเพื่อหาข้อมูลเชิงลึกที่เป็นประโยชน์ต่อธุรกิจ เขียนโปรแกรม/สคริปต์อัตโนมัติกระบวนการเก็บข้อมูลและวิเคราะห์ ใช้เครื่องมือวิเคราะห์ข้อมูลและสร้าง Dashboard เพื่อสื่อสารผลลัพธ์ ทำงานร่วมกับทีมงานหลากหลายฝ่ายเพื่อให้เข้าใจความต้องการด้านข้อมูล,"คุณสมบัติผู้สมัคร เพศ ชาย/หญิง อายุ 30-45 ปี จบการศึกษาระดับ ปริญญาตรีด้านวิทยาการคอมพิวเตอร์, Data Science, สถิติ หรือสาขาที่เกี่ยวข้อง มีประสบการณ์ทำงาน ในตำแหน่ง Data Analyst หรือใกล้เคียงอย่างน้อย 2-4 ปี สามารถเขียนโปรแกรมด้วย Python, R หรือภาษาอื่นที่เกี่ยวข้อง สามารถใช้ SQL เพื่อจัดการและดึงข้อมูลจากฐานข้อมูลได้ดี มีความรู้ในเครื่องมือสร้างภาพข้อมูล เช่น Tableau, Power BI, looker studio มีความละเอียดรอบคอบและแก้ปัญหาได้ดี มีทักษะในการสื่อสารและการทำงานร่วมกับทีมและลูกค้า หากมีประสบการณ์ด้าน Machine Learning หรือการวิเคราะห์เชิงพยากรณ์ (จะพิจารณาเป็นพิเศษ) เข้าใจกระบวนการ ETL และการเชื่อมโยงข้อมูล (จะพิจารณาเป็นพิเศษ) มีความรู้เกี่ยวกับระบบ BI และการพัฒนา KPI (จะพิจารณาเป็นพิเศษ)",python|sql|power_bi|tableau|r|machine_learning,6,1,1,0,1,1,1,0,0,0,0,0,0,1,0,0
Data Analyst,61,จ.สมุทรสาคร,3,(SPX) Data Analyst - Logistics สัญญาจ้าง (สมุทรสาคร),"บริษัท เอสพีเอ็กซ์ เอ็กซ์เพรส (ประเทศไทย) จำกัด / SPX EXPRESS (THAILAND) CO., LTD.",จ.สมุทรสาคร,ตามประสบการณ์,17 ก.พ. 69,https://www.jobthai.com/th/job/1815563,"(SPX) Data Analyst - Logistics สัญญาจ้าง (สมุทรสาคร) บริษัท เอสพีเอ็กซ์ เอ็กซ์เพรส (ประเทศไทย) จำกัด / SPX EXPRESS (THAILAND) CO., LTD. บริษัท เอสพีเอ็กซ์ เอ็กซ์เพรส (ประเทศไทย) จำกัด / SPX EXPRESS (THAILAND) CO., LTD. จ.สมุทรสาคร ตามประสบการณ์ สัมภาษณ์งานออนไลน์ 17 ก.พ. 69","1. วิเคราะห์ข้อมูล จัดทำรายงานสรุปปัญหาประจำวัน/สัปดาห์ พร้อมเสนอแนวทางปรับปรุงการทำงานและการแก้ไขปัญหา [report on Stuck, BL pending, Overtime reduce, Throughput of small sort team, MPW optimization, FIFO of aging, etc.] 2. สามารถให้คำปรึกษาเชิงข้อมูลได้ 3. ตรวจสอบเคสพัสดุสูญหาย/ตกหล่น 4. จัดประชุมและทำงานร่วมกับทีมปฏิบัติการคลังสินค้า และทีมต่างๆที่เกี่ยวข้อง 5. ช่วยเหลือหัวหน้าทีมในการตรวจสอบความเรียบร้อยและควบคุมทีมได้",คุณสมบัติผู้สมัคร ปริญญาตรี สาขาที่เกี่ยวข้อง สามารถใช้ Google Sheets และ Excel ได้ดี มีทักษะการวิเคราะห์ข้อมูล และแก้ไขปัญหาที่ดี มีทักษะการประสานงาน และการสื่อสารที่ดี สามารถจัดการ project ได้อย่างมีประสิทธิภาพ สามารถทำงานเป็นกะได้ (จันทร์ - เสาร์ เวลา 15.00 - 00.00 น.) สามารถทำงานในช่วงเวลาแคมเปญที่กำหนดได้,excel,1,0,0,1,0,0,0,0,0,0,0,0,0,0,0,0
Data Analyst,01,กรุงเทพมหานคร,3,MIS and Data Analysis (Debt Collection Business),บริษัท เดอะ ไวท์สเปซ จำกัด,MRT ลาดปลาเค้า,ตามประสบการณ์,18 ก.พ. 69,https://www.jobthai.com/th/job/1830203,MIS and Data Analysis (Debt Collection Business) บริษัท เดอะ ไวท์สเปซ จำกัด บริษัท เดอะ ไวท์สเปซ จำกัด MRT ลาดปลาเค้า ตามประสบการณ์ 18 ก.พ. 69,,"คุณสมบัติผู้สมัคร ชาย/หญิง อายุ 25-35 ปี การศึกษาวุฒิ ป.ตรี สาขาสถิติ, เศรษฐศาสตร์, คอมพิวเตอร์ธุรกิจ หรือสาขาอื่นๆที่เกี่ยวข้อง มีประสบการณ์งานระบบสารสนเทศเพื่อการบริหาร (MIS) การจัดการฐานข้อมูล และการวิเคราะห์ข้อมูล หรือด้านที่เกี่ยวข้อง อย่างน้อย 2 ปี มีความเชี่ยวชาญการใช้คอมพิวเตอร์โปรแกรม MS Excel ในระดับดีมาก และสามารถใช้ function ต่างๆ เช่น Pivot, VLOOKUP, VBA และเครื่องมือวิเคราะห์และจัดการข้อมูลได้เป็นอย่างดี รวมถึงสามารถใช้งาน MS Access และ Power BI ได้ หากมีประสบการณ์ในงาน MIS Collection, Collection Planning, Collection Strategy จะได้รับการพิจารณาเป็นพิเศษ หากมีความรู้เกี่ยวกับ SQL และ Python จะได้รับการพิจารณาเป็นพิเศษ มีทักษะการสื่อสารที่ดี รับผิดชอบต่องานที่ได้รับ และสามารถทำงานเป็นทีมได้ สามารถทำงานภายใต้ความกดดันและระยะเวลาที่จำกัด เปิดใจเรียนรู้สิ่งใหม่ๆ และพัฒนาตัวเองอยู่ตลอดเวลา",python|sql|excel|power_bi,4,1,1,1,1,0,0,0,0,0,0,0,0,0,0,0
Data Analyst,59,จ.สมุทรปราการ,3,เจ้าหน้าที่วิเคราะห์การขายอาวุโส/Senior Data Analyst,Bangkok Ranch PCL.,อ.บางพลี จ.สมุทรปราการ,ตามตกลง,18 ก.พ. 69,https://www.jobthai.com/th/job/1749215,เจ้าหน้าที่วิเคราะห์การขายอาวุโส/Senior Data Analyst Bangkok Ranch PCL. Bangkok Ranch PCL. อ.บางพลี จ.สมุทรปราการ ตามตกลง สัมภาษณ์งานออนไลน์ 18 ก.พ. 69,- Analysis & interpreting data to support strategic decision-making. - Collaborating with senior management to develop and refine business strategies that align with the organization's vision and goals. - Evaluating costs and identify cost-saving opportunities and improve resource allocation. - Identifying potential risks and uncertainties related to strategic initiatives and developing risk management strategies. - Providing analytical support to aid strategic decision-making processes.,"คุณสมบัติผู้สมัคร Bachelor's degree or MBA in Accounting, Economics, or a related field. Strong analytical abilities to analyze Account & financial data and provide valuable insights for strategic planning. Solid understanding of accounting principles. Excellent communication and interpersonal skills. Proficiency in using spreadsheet software (e.g., Microsoft Excel) and Accounting Program.",excel,1,0,0,1,0,0,0,0,0,0,0,0,0,0,0,0
Data Analyst,01,กรุงเทพมหานคร,3,Data Analyst /Operations Report /Customer Care Coordinator,บริษัท คาร์แทรค เทคโนโลยี (ไทยแลนด์) จำกัด,"BTS ปุณณวิถี, อุดมสุข",ตามประสบการณ์,18 ก.พ. 69,https://www.jobthai.com/th/job/1851100,"Data Analyst /Operations Report /Customer Care Coordinator บริษัท คาร์แทรค เทคโนโลยี (ไทยแลนด์) จำกัด บริษัท คาร์แทรค เทคโนโลยี (ไทยแลนด์) จำกัด Urgently Required BTS ปุณณวิถี, อุดมสุข ตามประสบการณ์ 18 ก.พ. 69","Job Function: KPI Data Analyst /Customer Service Reports / KPI Analyst / Translating English to Thai and Thai to English Working Location: 66 Tower BTS (Udomsuk) Bangkok Job Description - Prepare and analyze Operation Reports, focusing on team performance and case record. - Work along side with Management in Customer Service department for provide detailed dairy, weekly and monthly analyze of operations team performance. - Attend meetings and summarize meeting agenda and results. - Coordinating the with operations team to ensure all data are correct and effective. - Assist in developing tools and procedures to streamline work processes in a fast-paced environment. - Compose and prepare correspondence, reports, quotation and documents using mainly Microsoft Word, Excel. - Support other areas of the company as business needs.","คุณสมบัติผู้สมัคร Bachelor’s Degree in any related field. At lease 3-5 years of working experience as a Sales Administrator / Sales Coordinator / Project Coordinator / Customer Support / Operations Support or any related field. Good written and communication skills in English. Proficiency in Microsoft Office applications: PowerPoint, Excel, Word (V-look Up ,Pivot). Excellent attention to detail and accuracy. Demonstrate the ability to multi-task and follow-through. Ability to rapidly adapt to changing business needs and priorities.",excel,1,0,0,1,0,0,0,0,0,0,0,0,0,0,0,0
Data Analyst,01,กรุงเทพมหานคร,3,Data Analyst Assistant *TECNO Mobile(พูดภาษาจีน)รับนักศึกษาจบใหม่,"CARLCARE SERVICE THA CO.,LTD.",MRT พระราม 9,"20,000 - 25,000 บาท",18 ก.พ. 69,https://www.jobthai.com/th/job/1813696,"Data Analyst Assistant *TECNO Mobile(พูดภาษาจีน)รับนักศึกษาจบใหม่ CARLCARE SERVICE THA CO.,LTD. CARLCARE SERVICE THA CO.,LTD. MRT พระราม 9 20,000 - 25,000 บาท สัมภาษณ์งานออนไลน์ 18 ก.พ. 69","1.Data collection, transformation and aggregation from external and internal. 2.Provide and ensure the accuracy of sales data and delivery databases and reports to management. 3.Work with sales department and related team to tracking sales performance and provide sales data to sales team 4.Calculate dealer’s rebate or incentive. 5.Monitor and ensue the accuracy of business data such as price structure, revenue. 6.Support others project as requested.","คุณสมบัติผู้สมัคร Male or Female 23 years up A bachelor’s degree in computer science, engineering or related fields. 1+ years’ experience of relevant fields. Good at English or Chinese communication skills Good at Excel especially Pivot, LOOKUP function. Able to use power pivot and power query is plus. Database knowledge and math skills. Logical thinking and Analytical skills. Able to work well under pressure, and quickly learning.",excel,1,0,0,1,0,0,0,0,0,0,0,0,0,0,0,0
Data Analyst,01,กรุงเทพมหานคร,3,เจ้าหน้าที่ทีมข้อมูลและสถิติ (Data Analyst & Statistics Support),บริษัท เมืองไทยประกันชีวิต จำกัด (มหาชน),MRT สุทธิสาร,ตามโครงสร้างบริษัทฯ,18 ก.พ. 69,https://www.jobthai.com/th/job/1401616,เจ้าหน้าที่ทีมข้อมูลและสถิติ (Data Analyst & Statistics Support) บริษัท เมืองไทยประกันชีวิต จำกัด (มหาชน) บริษัท เมืองไทยประกันชีวิต จำกัด (มหาชน) MRT สุทธิสาร ตามโครงสร้างบริษัทฯ สัมภาษณ์งานออนไลน์ 18 ก.พ. 69,"1. วางแผนและวิเคราะห์ข้อมูลเชิงสถิติ เพื่อสนับสนุนข้อมูล และนำเสนอแนวทาง ในการกำหนดกลยุทธ์, เป้าหมาย และการพัฒนา 2. บริหารจัดการ Capacity ให้เหมาะสมกับปริมาณงาน และสอดคล้องกับกลยุทธ์ 3. วางแผนพัฒนาและประสานงานเกี่ยวกับ ระบบ System (IT) Request / Requirement / UAT ระบบต่าง ๆ 4. จัดทำรายงานสรุปผลประจำเดือน , ไตรมาส และ ประจำปี ของฝ่าย 5. บริหารจัดการสรุปผลการประเมินการทำงาน และ สรุปพร้อมทำจ่ายเงินผลประโยชน์ 6. จัดทำข้อมูลสถิติสำหรับโครงการต่าง ๆ 7.จัดทำแผนนำเสนอและควบคุมงบประมาณให้เป็นไปตามที่กำหนด","คุณสมบัติผู้สมัคร จบการศึกษาระดับปริญญาตรี สาขาวิชา สถิติ, เศรษฐศาสตร์ หรือบริหารธุรกิจ มีประสบการณ์ด้านงานการวิเคราะห์ข้อมูลและสถิติมาอย่างน้อย 1-3 ปี มีทักษะด้านการใช้โปรแกรมคอมพิวเตอร์ MS excel ได้เป็นอย่างดี มีประสบการณ์ทางด้านข้อมูลสถิติ , การทำข้อมูลเพื่อนำเสนอ (presentation) และ สามารถนำเสนอ แนวทางต่าง ๆ ได้ สามารถนำข้อมูลประยุกต์ใช้เชิงกลยุทธ์เพื่อสนับสนุนการทำงานโปรเจค",excel,1,0,0,1,0,0,0,0,0,0,0,0,0,0,0,0
Data Analyst,01,กรุงเทพมหานคร,3,Data Analyst/Engineer (Contract 3-6 months) English Speaking,บริษัท อเด็คโก้ เพชรบุรีตัดใหม่ จำกัด,เขตสวนหลวง กรุงเทพมหานคร,"100,000 - 120,000 บาท",13 ก.พ. 69,https://www.jobthai.com/th/job/1740353,"Data Analyst/Engineer (Contract 3-6 months) English Speaking บริษัท อเด็คโก้ เพชรบุรีตัดใหม่ จำกัด บริษัท อเด็คโก้ เพชรบุรีตัดใหม่ จำกัด เขตสวนหลวง กรุงเทพมหานคร 100,000 - 120,000 บาท สัมภาษณ์งานออนไลน์ 13 ก.พ. 69","Required Skillset for Data Engineers: •Strong proficiency in SQL, ETL design & development •Experience with Apache Spark and Python •Good understanding of business processes and logical problem-solving •Familiarity with large-scale data processing and cloud-based data platforms is a plus Required Skillset for Data Analysts: •Expertise in Power BI •Strong in SQL and data interpretation, ETL •Ability to translate business requirements into actionable insights",คุณสมบัติผู้สมัคร Bachelor’s Degree in any related fields Strong proficiency in SQL Expertise in Power BI Experience with Apache Spark and Python English communication proficiency,python|sql|power_bi|spark,4,1,1,0,1,0,0,0,0,1,0,0,0,0,0,0
Data Analyst,01,กรุงเทพมหานคร,3,นักวิเคราะห์ข้อมูล Data Analyst (สื่อสารภาษาจีน) ประจำกรุงเทพฯ,บริษัท ไบดิ ยูเนียน (แบงค็อก) เรียล เอสเตท แอสเซท แมเนจเม้นท์ จำกัด (สำนักงานใหญ่),MRT พระราม 9,ตามตกลง,18 ก.พ. 69,https://www.jobthai.com/th/job/1848764,นักวิเคราะห์ข้อมูล Data Analyst (สื่อสารภาษาจีน) ประจำกรุงเทพฯ 18 ก.พ. 69 บริษัท ไบดิ ยูเนียน (แบงค็อก) เรียล เอสเตท แอสเซท แมเนจเม้นท์ จำกัด (สำนักงานใหญ่) บริษัท ไบดิ ยูเนียน (แบงค็อก) เรียล เอสเตท แอสเซท แมเนจเม้นท์ จำกัด (สำนักงานใหญ่) MRT พระราม 9 ตามตกลง,1.ดูแลและวิเคราะห์ข้อมูลจากระบบงานของบริษัท 2.ดึงข้อมูลจากหลายระบบ เขียน SQL เพื่อใช้วิเคราะห์ข้อมูล 3.สร้างและดูแลตัวชี้วัดทางธุรกิจให้ใช้มาตรฐานเดียวกัน 4.จัดทำรายงานข้อมูลประจำวัน สัปดาห์ และเดือน เพื่อช่วยผู้บริหารตัดสินใจ 5.ทำรายงานและแดชบอร์ดแสดงผลข้อมูล 6.ช่วยเหลือแต่ละแผนกในเรื่องข้อมูลและการวิเคราะห์ตามที่ร้องขอ 7.ทำงานร่วมกับทีม IT ในโครงการเกี่ยวกับระบบข้อมูล,"คุณสมบัติผู้สมัคร วุฒิปริญญาตรีขึ้นไป สาขาคอมพิวเตอร์ ระบบสารสนเทศ สถิติ คณิตศาสตร์ หรือสาขาที่เกี่ยวข้องจะพิจารณาเป็นพิเศษ มีประสบการณ์ทำงานด้านการวิเคราะห์ข้อมูลอย่างน้อย 2–3 ปี (หากเป็นนักศึกษาจบใหม่ที่มีศักยภาพสูง สามารถพิจารณาเป็นกรณีพิเศษ) เชี่ยวชาญการใช้ SQL สามารถเขียนคำสั่งเพื่อดึงและวิเคราะห์ข้อมูลได้อย่างอิสระ ใช้งาน Excel ได้ดี เข้าใจฟังก์ชันการวิเคราะห์พื้นฐาน และ Pivot Table มีประสบการณ์ใช้เครื่องมือ BI เช่น Power BI, Tableau, FineBI เป็นต้น มีประสบการณ์ด้าน Data Warehouse หรือการออกแบบระบบตัวชี้วัด (Indicator / KPI System) หากสื่อสารภาษาจีนได้จะพิจารณาเป็นพิเศษ",sql|excel|power_bi|tableau,4,0,1,1,1,1,0,0,0,0,0,0,0,0,0,0
Data Analyst,01,กรุงเทพมหานคร,3,Flash Express is hiring_Data Analysis_[379556] ภาษาจีน,Flash Express,MRT พระราม 9,ตามประสบการณ์,11 ก.พ. 69,https://www.jobthai.com/th/job/1784890,Flash Express is hiring_Data Analysis_[379556] ภาษาจีน Flash Express Flash Express MRT พระราม 9 ตามประสบการณ์ 11 ก.พ. 69,1.การรวบรวมและจัดระเบียบข้อมูล -รวบรวมข้อมูลจากแหล่งต่างๆ ภายในบริษัท -จัดระเบียบและจัดเก็บข้อมูลอย่างเป็นระบบ เพื่อให้ง่ายต่อการเข้าถึงและวิเคราะห์ 2.การวิเคราะห์และสำรวจข้อมูล -วิเคราะห์ข้อมูลที่รวบรวมมาเพื่อหาแนวโน้ม รูปแบบ หรือข้อมูลเชิงลึก -สนับสนุนการตัดสินใจโดยอ้างอิงจากข้อมูล 3.การนำเสนอข้อมูลด้วยภาพ (Data Visualization) -สร้างภาพประกอบข้อมูลที่ชัดเจนและเข้าใจง่าย -นำเสนอผลการวิเคราะห์และตัวชี้วัดให้กับทีมธุรกิจและผู้บริหาร 4.การเข้าใจความต้องการทางธุรกิจและพัฒนาวิธีแก้ไข -ทำงานร่วมกับทีมธุรกิจเพื่อเข้าใจกระบวนการและความต้องการของแต่ละฝ่าย -ให้คำแนะนำหรือข้อมูลเชิงลึกจากการวิเคราะห์เพื่อสนับสนุนการบรรลุเป้าหมายอย่างมีประสิทธิภาพ 5.การจัดทำรายงานและการนำเสนอ -จัดทำรายงานประจำวันเกี่ยวกับผลการดำเนินงานและเป้าหมาย -สรุปข้อมูลสำคัญอย่างมืออาชีพ 6.การจัดการคุณภาพของข้อมูล -ตรวจสอบความถูกต้อง ครบถ้วน และความสม่ำเสมอของข้อมูล -ดูแลให้การจัดทำรายงานเป็นไปอย่างทันเวลาและเชื่อถือได้ 7.การทำงานร่วมกับแผนกอื่น -ประสานงานกับพนักงานจากแผนกอื่นเพื่อขอข้อมูลที่จำเป็น -สร้างความร่วมมือและการสื่อสารที่ดีระหว่างหน่วยงาน 8.สนับสนุนการดำเนินงานของโครงการ -ช่วยหัวหน้างานในการดำเนินโครงการ -ให้การสนับสนุนด้านข้อมูลหรือวิเคราะห์ หรือรับผิดชอบบางส่วนของโครงการ -ปฏิบัติงานอื่นๆ ตามที่ได้รับมอบหมายจากหัวหน้า,คุณสมบัติผู้สมัคร ไม่จำกัดเพศ อายุไม่เกิน 35 ปี วุฒิการศึกษาระดับปริญญาตรีขึ้นไป สาขาที่เกียวข้อง ประสบการณ์การทำงานอย่างน้อย 6 เดือน ขึ้นไป ในด้าน Data Analysis สามารถสื่อสารภาษาจีนได้ดี สามารถปฏิบัติงาน 6 วันต่อสัปดาห์ จันทร์-เสาร์ เวลา 9:00-18:00 น.,,0,0,0,0,0,0,0,0,0,0,0,0,0,0,0,0
Data Analyst,01,กรุงเทพมหานคร,3,Data Analyst/Marketing Research เกษตร-นวมินทร์ ใกล้ชอคโกแลต วิลล์,"1577 Infinite Co., Ltd.",เขตบึงกุ่ม กรุงเทพมหานคร,"25,000 - 30,000 บาท",18 ก.พ. 69,https://www.jobthai.com/th/job/1818237,"Data Analyst/Marketing Research เกษตร-นวมินทร์ ใกล้ชอคโกแลต วิลล์ 1577 Infinite Co., Ltd. 1577 Infinite Co., Ltd. เขตบึงกุ่ม กรุงเทพมหานคร 25,000 - 30,000 บาท สัมภาษณ์งานออนไลน์ 18 ก.พ. 69",การออกแบบแบบสอบถามและการวิจัย • ออกแบบและดำเนินการวิจัยตลาด • พัฒนาโครงสร้างข้อมูลจากแบบสอบถาม รวมถึงการร่างคำถาม แบบสอบถาม และการสัมภาษณ์กลุ่มเป้าหมาย (Focus Group) เพื่อให้การเก็บข้อมูลสอดคล้องกับวัตถุประสงค์ของโครงการ • กำหนดเกณฑ์การคัดเลือกผู้ตอบแบบสอบถามเพื่อให้สอดคล้องกับเป้าหมายทางธุรกิจ • กำหนดกลุ่มตัวอย่างที่เหมาะสม • ดำเนินการเก็บข้อมูลผ่านช่องทางต่าง ๆ เช่น แพลตฟอร์มออนไลน์ แบบสอบถามออฟไลน์ และการสัมภาษณ์ทางโทรศัพท์ การแสดงผลข้อมูลและการจัดทำรายงาน • วิเคราะห์และสรุปผลรายงานข้อมูลให้สอดคล้องกับวัตถุประสงค์ของโครงการ โดยการสร้างแดชบอร์ดผ่านเครื่องมือต่าง ๆ เช่น Power BI หรือ Data Locker • นำเสนอข้อมูลเชิงวิเคราะห์อย่างมีประสิทธิภาพ ด้วยการแสดงผลที่แม่นยำ ดึงดูดความสนใจ และเข้าใจง่าย เพื่อเน้นข้อมูลเชิงลึกที่สามารถนำไปปฏิบัติได้ ความเข้าใจในธุรกิจและความรู้ในอุตสาหกรรม • เรียนรู้และอัปเดตข้อมูลที่เกี่ยวข้องกับหัวข้อที่ได้รับมอบหมายอย่างสม่ำเสมอ โดยเฉพาะพฤติกรรมผู้บริโภคในอุตสาหกรรมผลิตภัณฑ์ดูแลผิวและสุขภาพ • พัฒนาความเข้าใจในแนวโน้มของตลาดให้ลึกซึ้งยิ่งขึ้น เพื่อเพิ่มความแม่นยำในการวิเคราะห์ข้อมูล และสามารถให้ข้อมูลเชิงลึกที่มีความหมายและนำไปใช้ได้จริง,"คุณสมบัติผู้สมัคร วุฒิการศึกษาระดับปริญญาตรีในสาขาสถิติ วิทยาการคอมพิวเตอร์ วิทยาการข้อมูล การวิเคราะห์ธุรกิจ หรือสาขาอื่นที่เกี่ยวข้อง มีประสบการณ์อย่างน้อย 2 ปีในด้านการวิเคราะห์ข้อมูล การออกแบบแบบสอบถาม หรือการวิเคราะห์เชิงธุรกิจ (Business Intelligence) มีความเชี่ยวชาญในการใช้เครื่องมือวิเคราะห์ข้อมูล เช่น Python, R หรือ Excel สำหรับการจัดการและวิเคราะห์ข้อมูล มีประสบการณ์ในการใช้เครื่องมือแสดงผลข้อมูล เช่น Power BI, Tableau หรือแพลตฟอร์มที่คล้ายคลึงกัน มีความรู้เกี่ยวกับเครื่องมือและวิธีการทำแบบสอบถาม รวมถึงการออกแบบคำถามและการจัดโครงสร้างข้อมูล มีความคุ้นเคยกับแนวโน้มพฤติกรรมผู้บริโภค โดยเฉพาะในอุตสาหกรรมผลิตภัณฑ์ดูแลผิวและสุขภาพ จะพิจารณาเป็นพิเศษ มีทัศนคติเชิงรุกในการเรียนรู้สิ่งใหม่ ๆ เกี่ยวกับอุตสาหกรรม และสามารถนำความรู้ที่ได้ไปประยุกต์ใช้ในการวิเคราะห์ข้อมูลได้ มีความสามารถในการนำเสนอผลการวิเคราะห์ผ่านการแสดงผลและรายงานที่ชัดเจน และมีประสิทธิภาพ สามารถจัดการงานหลายอย่างพร้อมกัน และบริหารจัดการลำดับความสำคัญของงานได้อย่างมีประสิทธิภาพ มีความเข้าใจในการตัดสินใจโดยใช้ข้อมูลเป็นพื้นฐาน และมุ่งมั่นในการพัฒนาอย่างต่อเนื่อง",python|excel|power_bi|tableau|r,5,1,0,1,1,1,1,0,0,0,0,0,0,0,0,0
Data Analyst,59,จ.สมุทรปราการ,3,Logistics Operation System Solution DM (Data Analyst) คลังสินค้าเซ็นทรัล บางพลี,บริษัท เซ็นทรัลรีเทล และ ธุรกิจในเครือ,อ.บางพลี จ.สมุทรปราการ,"20,000 - 25,000 บาท",13 ก.พ. 69,https://www.jobthai.com/th/job/1839941,"Logistics Operation System Solution DM (Data Analyst) คลังสินค้าเซ็นทรัล บางพลี บริษัท เซ็นทรัลรีเทล และ ธุรกิจในเครือ บริษัท เซ็นทรัลรีเทล และ ธุรกิจในเครือ อ.บางพลี จ.สมุทรปราการ 20,000 - 25,000 บาท 13 ก.พ. 69","1. Data & information analysis, summarize trend dashboard via PowerPoint or Excel or Power BI (if possible) (e.g. Warehouse management or logistics cost & Logistics income) 2. To present weekly, monthly with management. 3. Develop new logistics program and do Go-live new warehouse management system project.","คุณสมบัติผู้สมัคร Bachelor’s degree in Logistics, Supply Chain Management, Business Administration, or related field preferred. Minimum of 1-3 years of responsible experience in a related field and 0-3 years of team management. Understand Logistics, Warehouse Management, and Supply Chain Management. Have skills of management and communication. Have good computer skills. Be able to coordinate, have a good mindset, and good presentation skills. Excel, PowerPoint, if have Power BI skills (If have will special offer).",excel|power_bi,2,0,0,1,1,0,0,0,0,0,0,0,0,0,0,0
Data Analyst,01,กรุงเทพมหานคร,3,ผู้จัดการฝ่ายวางแผน และวิเคราะห์ข้อมูล (Planning and Data analysis ),บริษัท วีอาร์พี ฟู้ด แอนด์ เบเกอรี่ จำกัด,กรุงเทพมหานคร,"35,000 - 50,000 บาท",18 ก.พ. 69,https://www.jobthai.com/th/job/1796412,"ผู้จัดการฝ่ายวางแผน และวิเคราะห์ข้อมูล (Planning and Data analysis ) บริษัท วีอาร์พี ฟู้ด แอนด์ เบเกอรี่ จำกัด บริษัท วีอาร์พี ฟู้ด แอนด์ เบเกอรี่ จำกัด กรุงเทพมหานคร 35,000 - 50,000 บาท สัมภาษณ์งานออนไลน์ 18 ก.พ. 69",1.วิเคราะห์และพยากรณ์ยอดขาย ทำForcast ยอดขายรายวัน รายสัปดาห์ รายเดือน ตามประเภทสินค้า เพื่อวางแผนการสั่งสินค้าเข้าหน้าร้าน 2.ประเมิน Demand ของลูกค้า จากข้อมูลยอดขายสาขา เทศบาล โปรโมชั่น และ แนวโน้มตลาด 3.ทำ Cash sale plan เพื่อให้สอดคล้องกับเป้าหมายของ CEO และ CMO 4.การวางแผนการสั่งสินค้าเข้าหน้าร้าน 5.วางแผนการผลิตของโรงงาน ประมวลผลยอดขาย และการสั่งสินค้า เพื่อทำแผนการผลิต ให้กับโรงงาน 6.วิเคราะห์การใช้วัตถุดิบหลัก และ ทำ Raw Material Forecast 7.วางแผนกำลังการผลิต Capacity Planning 8. การทำ Data Dashboard เพื่อการตัดสินใจ ของผุ้บริหาร 9.การรายงานเปรียบเทียบ Forcast Vs Actual เพื่อปรับปรุงความแม่นยำของการวิเคราะห์ 10.การทำงานเชิงกลยุทธุ์ Strategic Planning การทำงานร่วมกับ ฝ่ายการตลาดเพื่อวิเคราะห์ผลลัพธ์แคมเปญ 11.ทำงานร่วมกับฝ่ายปฎิบัติการสาขา เพื่อปรับปรุงการวางแผนสั่งสินค้า 12.การทำงานร่วมกับฝ่ายผลิตและจัดซื้อ เพื่อควบคุมต้นทุนวัตถุดิบและลด Waste,คุณสมบัติผู้สมัคร วุฒิการศึกษา ป.ตรีขึ้นไป สาขา สถิติ /วิทยาการคอมพิวเตอร์ /คณิตศาสตร์ประยุกต์ /เศรษฐศาสตร์ หรือสาขาที่เกี่ยวข้อง มีประสบการณ์ด้าน Data Analysis /Data Scientist /Busisess Analysis อย่างน้อย 3-5 ปี มีความเข้าใจธุรกิจค้าปลีก อาหารและเครื่องดื่ม หรือธุรกิจที่มีหลายสาขา สามารถร่วมกับฝ่ายการตลาด ฝ่ายปฎิบัติการ Operation และผู้บริหารระดับ C level ได้อย่างมีประสิทธิภาพ มีความรู้ด้าน Data Visualization เช่น Power BI Tableau Looker Studio สามารถใช้เครื่องมือการวิเคราะห์ข้อมูลได้ SQL / Python /Excel Advance มีความเข้าใจด้านฐานข้อมูล Database Management และ Data Pi;peline (ETL/ELT) มีความเข้าใจ Data Warehouse /Data Lake / Google Cloud มีความรู้ด้านสถิติ การวิเคราะห์เชิงพยากรณ์ คิดเชิงวิเคราะห์อย่างเป็นระบบ และสื่อสารและนำเสนอข้อมูลให้ผู้บริหารเข้าใจง่าย มีภาวะผู้นำ สามารถบริหารทีม ทำงานเชิงรุก,python|sql|excel|power_bi|tableau|gcp,6,1,1,1,1,1,0,0,0,0,0,0,1,0,0,0
Data Analyst,01,กรุงเทพมหานคร,3,เจ้าหน้าที่ Data Analysis (การตลาด)/ เจ้าหน้าที่ Content&Graphic,บริษัท บางกอก พลาสวู๊ด จำกัด,เขตยานนาวา กรุงเทพมหานคร,ตามประสบการณ์,18 ก.พ. 69,https://www.jobthai.com/th/job/1829012,เจ้าหน้าที่ Data Analysis (การตลาด)/ เจ้าหน้าที่ Content&Graphic บริษัท บางกอก พลาสวู๊ด จำกัด บริษัท บางกอก พลาสวู๊ด จำกัด เขตยานนาวา กรุงเทพมหานคร ตามประสบการณ์ 18 ก.พ. 69,1. เจ้าหน้าที่ Content&Graphic สร้างเนื้อหาภาพ และข้อความที่น่าสนใน ช่วยตอกย้ำเอกลักษณ์ของแบรนด์ บนแพลตฟอร์มขององค์กร สนับสนุนการสื่อสารของแบรนด์ 2. เจ้าหน้าที่ Data Analysis (การตลาด) รวบรวมตีความ และวิเคราะห์ข้อมูลทาการตลาด เพื่อให้ได้ข้อมูลเชิงลึกที่นำไปใช้ประกอบการตัดสินใจเชิงกลยุทธ์ สำหรับผลิตภัณฑ์ทุกประเภท ระบุแนวโน้ม และเพิ่มประสิทธิภาพความพยายามทางการตลาดเพื่อขับเคลื่อนการเติบโตของธุรกิจ,"คุณสมบัติผู้สมัคร ไม่จำกัดเพศ อายุ : 25 ถึง 35 ปี วุฒิการศึกษาระดับ : ปริญญาตรี สาขาการบริหารธุรกิจ,การจัดการ,การตลาด,สถิติ, วิทยาศาตสตร์ข้อมูล หรือที่เกี่ยวข้อง ประสบการณ์ : 3-5 ปีขึ้นไป มีความสามารถในการใช้โปรแกรม SQL, Python, R, Tableau, Power BI, และ AI สำหรับการวิเคราะห์ สรุปข้อมูล มีมนุษย์สัมพันธ์ดี มีทักษะในการติดต่อสื่อสาร มีัทักษะการนำเสนอข้อมูลเชิงลึกที่นำไปปฏิบัติได้จริง ผ่านการวิเคราะห์่ข้อมูล มีทักษะการแก้ไขปัญหา การสื่อสาร และการนำเสนอ มีทักษะภาษาอังกฤษ ในการสื่อสารเพื่อการประสานงาน ได้ในระดับ ดี จะพิจารณาเป็นพิเศษ",python|sql|power_bi|tableau|r,5,1,1,0,1,1,1,0,0,0,0,0,0,0,0,0
Data Analyst,01,กรุงเทพมหานคร,4,Data Analyst : ปฏิบัติงานที่ 1577 Infinite เกษตรนวมินทร์ (ใกล้ตลาดปัฐวิกรณ์),"1577 Infinite Co., Ltd.",เขตบึงกุ่ม กรุงเทพมหานคร,"22,000 - 26,000 บาท",18 ก.พ. 69,https://www.jobthai.com/th/job/1686650,"Data Analyst : ปฏิบัติงานที่ 1577 Infinite เกษตรนวมินทร์ (ใกล้ตลาดปัฐวิกรณ์) 1577 Infinite Co., Ltd. 1577 Infinite Co., Ltd. เขตบึงกุ่ม กรุงเทพมหานคร 22,000 - 26,000 บาท สัมภาษณ์งานออนไลน์ 18 ก.พ. 69","1. รับ Requirement จากหน่วยงานต่างๆ 2. ทำการรวบรวม วิเคราะห์ นำเสนอข้อมูลและวางแผนการทำข้อมูลต่าง ๆ ดังนี้ - Data Collection : รวบรวมข้อมูลการขายทั้งเชิงปริมาณและเชิงคุณภาพที่จำเป็นต่อการวิเคราะห์เพื่อบริหารจัดการทางการขายรวมถึงพัฒนาระบบจัดเก็บข้อมูลให้เป็นระเบียบเรียบร้อย ง่ายต่อการนำมาใช้งาน - Data Analysis : วิเคระห์ข้อมูลยอดขาย พร้อม Recommendation จากข้อมูลการวิเคราะห์ได้ - Data Visualization : ออกแบบ,จัดทำ Report ในรูปแบบ Dashboard หรือ Visualize ที่สามารถสื่อสารให้เข้าใจได้ง่าย และชัดเจน เช่น Report Sales Performance , Redeem Campaign , KPIs เป็นต้น และจัดทำ Presentation ให้สำหรับทีม Director & Manager นำเสนอต่อผู้บริหาร - Planning & Strategy : ร่วมวางแผนกลยุทธ์ ปรับปรุงระบบการทำงาน และสนับสนุนประสิทธิภภาพการขาย และการบริการ เช่น Sales Project , Lead Management , Smart Project เป็นต้น 3. พัฒนางานในส่วนของประสิทธิภาพในการทำงานของทีมให้เป็นไปตาม KPIs ที่กำหนด รวมถึงการพัฒนา Internal CSI หรือการติดต่อประสานงานของหน่วยงานให้เป็นไปตามเป้าหมาย 4. ทำการ Support สนับสนุนข้อมูลต่าง ๆ ที่ได้รับมอบหมายจากหน่วยงาน หรือหน่วยงานอื่น ๆ ที่เกี่ยวข้องในด้านของการจัดเตรียมข้อมูล","คุณสมบัติผู้สมัคร เพศหญิง อายุ 24 – 30 ปี ปริญญาตรีสาขาสถิติ , เศรษฐศาสตร์ หรือสาขาอื่นๆที่เกี่ยวข้อง ประสบการณ์ด้านการวิเคราะห์ข้อมูล 1 ปีขึ้นไป ทักษะการวิเคราะห์และวางแผนงาน กระตือรือร้น, คล่องแคล่ว, ละเอียดรอบคอบ มีทักษะในการติดต่อสื่อสารและประสานงานได้ดี มีภาวะความเป็นผู้นำ มีทักษะในการสอนงาน มีความซื่อสัตย์ในการทำงาน",,0,0,0,0,0,0,0,0,0,0,0,0,0,0,0,0
Data Analyst,01,กรุงเทพมหานคร,4,Data Operations Analyst เจ้าหน้าที่ข้อมูลเชื้อเพลิง (ยินดีต้อนรับ นศ.จบใหม่),บริษัท มีนาทรานสปอร์ต จำกัด (มหาชน),เขตลาดกระบัง กรุงเทพมหานคร,เปิดโอกาสให้มีการพูดคุย,18 ก.พ. 69,https://www.jobthai.com/th/job/1634770,Data Operations Analyst เจ้าหน้าที่ข้อมูลเชื้อเพลิง (ยินดีต้อนรับ นศ.จบใหม่) บริษัท มีนาทรานสปอร์ต จำกัด (มหาชน) บริษัท มีนาทรานสปอร์ต จำกัด (มหาชน) รับสมัครด่วน เขตลาดกระบัง กรุงเทพมหานคร เปิดโอกาสให้มีการพูดคุย สัมภาษณ์งานออนไลน์ 18 ก.พ. 69,"วางแผนและบริหารจัดการงานขนส่งโดยใช้ข้อมูล (Data-driven) เป็นหลัก เพื่อเพิ่มประสิทธิภาพการใช้รถเทรลเลอร์ การบริหารจัดการเชื้อเพลิง และการทำงานของทีมจัดส่ง ให้สอดคล้องกับเป้าหมายองค์กร ยกระดับคุณภาพการบริการลูกค้า ลดต้นทุน และเพิ่มประสิทธิภาพการทำงานโดยรวมของระบบขนส่ง หน้าที่และความรับผิดชอบ รวบรวม วิเคราะห์ และจัดการข้อมูลด้านเชื้อเพลิง เช่น ปริมาณการใช้ แนวโน้มการใช้งาน และต้นทุน เพื่อใช้ในการตัดสินใจเชิงบริหาร วิเคราะห์ข้อมูลจากระบบ GPS เช่น ระยะทางการวิ่งงาน ความถี่ในการใช้งานรถ และพฤติกรรมการขับขี่ของพนักงาน เพื่อตรวจสอบความถูกต้องกับเอกสารตั๋วเชื้อเพลิง จัดโครงสร้างข้อมูล (Data Structuring) ให้เป็นระบบ ระเบียบ พร้อมใช้งาน และสามารถนำไปวิเคราะห์ต่อได้ง่าย ใช้เครื่องมือวิเคราะห์ข้อมูล เช่น Excel, Dashboard, ระบบรายงาน หรือซอฟต์แวร์วิเคราะห์ข้อมูล เพื่อเพิ่มความแม่นยำและความเร็วในการทำงาน จัดทำรายงานเชิงวิเคราะห์ (Analytical Report) และ Insight ที่ช่วยให้ผู้บริหารและทีมงานสามารถตัดสินใจได้ดีขึ้น วิเคราะห์ปัญหาเชิงข้อมูล (Data Analysis) ที่เกี่ยวข้องกับการใช้เชื้อเพลิง และเสนอแนวทางปรับปรุงกระบวนการทำงานอย่างเป็นระบบ พัฒนาแนวทางการใช้ข้อมูลเพื่อปรับปรุงประสิทธิภาพการเดินรถ การใช้พลังงาน และการบริหารต้นทุน ประสานงานกับหน่วยงานที่เกี่ยวข้องเพื่อรวบรวมข้อมูลจากหลายแหล่ง (Data Integration) ให้เป็นข้อมูลชุดเดียวที่ถูกต้อง นำเสนอข้อเสนอเชิงกลยุทธ์ (Data-driven Strategy) ด้านการจัดการเชื้อเพลิงและพลังงาน สนับสนุนการกำหนด KPI และตัวชี้วัดด้านข้อมูล (Data KPI) เพื่อใช้ติดตามประสิทธิภาพการดำเนินงานของระบบขนส่ง","คุณสมบัติผู้สมัคร ปริญญาตรีขึ้นไป สาขาวิชาที่เกี่ยวข้อง เช่น วิทยาศาสตร์ วิศวกรรม หรือสถิติ (ยินดีต้อนรับ นศ.จบใหม่) มีประสบการณ์ด้านทำข้อมูล จัดการข้อมูล มีทักษะในการเจรจาสื่อสาร พูดคุย ให้คำปรึกษา เรื่องน้ำมันเชื้อเพลิงกับพนักงานขับรถ มีความสามารถในการวิเคราะห์ข้อมูลและสร้างรายงานได้อย่างถูกต้อง แม่นยำ สามารถใช้โปรแกรม Microsoft Office : Excel ขั้นพื้นฐาน หรือหากสามารถใช้สูตร [Ex. IF , V lookup , Pivot] ทำงาน 6 วัน 08.30 - 17.30 น.",excel,1,0,0,1,0,0,0,0,0,0,0,0,0,0,0,0
